1057_1280x1707_bing_online.jpg	[[[349.0, 1638.0], [404.0, 1638.0], [404.0, 1673.0], [349.0, 1673.0]], [[127.0, 1587.0], [745.0, 1575.0], [746.0, 1646.0], [128.0, 1658.0]], [[76.0, 1524.0], [1160.0, 1524.0], [1160.0, 1597.0], [76.0, 1597.0]], [[72.0, 1445.0], [536.0, 1425.0], [539.0, 1498.0], [75.0, 1518.0]], [[67.0, 1373.0], [996.0, 1360.0], [997.0, 1426.0], [68.0, 1439.0]], [[62.0, 1316.0], [736.0, 1308.0], [737.0, 1376.0], [62.0, 1384.0]], [[58.0, 1266.0], [637.0, 1249.0], [639.0, 1310.0], [59.0, 1327.0]], [[61.0, 1217.0], [523.0, 1207.0], [524.0, 1262.0], [63.0, 1272.0]], [[67.0, 1160.0], [714.0, 1148.0], [715.0, 1204.0], [68.0, 1215.0]], [[56.0, 1103.0], [550.0, 1095.0], [551.0, 1156.0], [57.0, 1163.0]], [[69.0, 1044.0], [1193.0, 1046.0], [1193.0, 1106.0], [69.0, 1104.0]], [[1020.0, 985.0], [1178.0, 985.0], [1178.0, 1037.0], [1020.0, 1037.0]], [[54.0, 939.0], [1137.0, 921.0], [1139.0, 999.0], [56.0, 1018.0]], [[54.0, 875.0], [982.0, 869.0], [982.0, 935.0], [55.0, 941.0]], [[59.0, 781.0], [713.0, 764.0], [715.0, 842.0], [61.0, 859.0]], [[56.0, 665.0], [1223.0, 654.0], [1224.0, 725.0], [57.0, 736.0]], [[80.0, 623.0], [692.0, 613.0], [693.0, 668.0], [81.0, 678.0]], [[74.0, 567.0], [768.0, 556.0], [769.0, 615.0], [75.0, 626.0]], [[759.0, 568.0], [1024.0, 560.0], [1026.0, 616.0], [761.0, 625.0]], [[67.0, 505.0], [886.0, 509.0], [885.0, 564.0], [67.0, 560.0]], [[29.0, 448.0], [1192.0, 439.0], [1193.0, 507.0], [29.0, 516.0]], [[198.0, 409.0], [213.0, 409.0], [213.0, 430.0], [198.0, 430.0]], [[193.0, 391.0], [774.0, 388.0], [775.0, 453.0], [193.0, 457.0]], [[73.0, 290.0], [981.0, 281.0], [982.0, 341.0], [73.0, 350.0]], [[47.0, 229.0], [1185.0, 226.0], [1186.0, 292.0], [47.0, 295.0]], [[52.0, 174.0], [1199.0, 158.0], [1200.0, 219.0], [53.0, 235.0]], [[880.0, 114.0], [938.0, 114.0], [938.0, 149.0], [880.0, 149.0]], [[878.0, 62.0], [927.0, 62.0], [927.0, 100.0], [878.0, 100.0]]]
1089_853x478_bing_online.png	[[[74.0, 460.0], [92.0, 460.0], [92.0, 477.0], [74.0, 477.0]], [[606.0, 450.0], [838.0, 450.0], [838.0, 467.0], [606.0, 467.0]], [[77.0, 429.0], [213.0, 429.0], [213.0, 449.0], [77.0, 449.0]], [[602.0, 426.0], [635.0, 426.0], [635.0, 450.0], [602.0, 450.0]], [[86.0, 397.0], [464.0, 397.0], [464.0, 417.0], [86.0, 417.0]], [[531.0, 398.0], [541.0, 398.0], [541.0, 407.0], [531.0, 407.0]], [[486.0, 375.0], [504.0, 375.0], [504.0, 393.0], [486.0, 393.0]], [[699.0, 363.0], [717.0, 363.0], [717.0, 383.0], [699.0, 383.0]], [[624.0, 359.0], [646.0, 359.0], [646.0, 384.0], [624.0, 384.0]], [[78.0, 354.0], [295.0, 354.0], [295.0, 374.0], [78.0, 374.0]], [[488.0, 354.0], [500.0, 354.0], [500.0, 367.0], [488.0, 367.0]], [[531.0, 349.0], [550.0, 349.0], [550.0, 369.0], [531.0, 369.0]], [[570.0, 335.0], [603.0, 343.0], [597.0, 369.0], [564.0, 361.0]], [[755.0, 323.0], [780.0, 328.0], [776.0, 349.0], [751.0, 344.0]], [[486.0, 324.0], [507.0, 324.0], [507.0, 347.0], [486.0, 347.0]], [[719.0, 320.0], [744.0, 320.0], [744.0, 343.0], [719.0, 343.0]], [[529.0, 313.0], [547.0, 313.0], [547.0, 331.0], [529.0, 331.0]], [[654.0, 307.0], [663.0, 307.0], [663.0, 316.0], [654.0, 316.0]], [[87.0, 302.0], [464.0, 302.0], [464.0, 322.0], [87.0, 322.0]], [[532.0, 306.0], [539.0, 306.0], [539.0, 311.0], [532.0, 311.0]], [[570.0, 296.0], [584.0, 296.0], [584.0, 309.0], [570.0, 309.0]], [[761.0, 273.0], [771.0, 273.0], [771.0, 283.0], [761.0, 283.0]], [[561.0, 270.0], [583.0, 270.0], [583.0, 295.0], [561.0, 295.0]], [[86.0, 262.0], [379.0, 262.0], [379.0, 279.0], [86.0, 279.0]], [[674.0, 248.0], [689.0, 248.0], [689.0, 261.0], [674.0, 261.0]], [[572.0, 234.0], [600.0, 234.0], [600.0, 261.0], [572.0, 261.0]], [[680.0, 228.0], [703.0, 228.0], [703.0, 253.0], [680.0, 253.0]], [[75.0, 228.0], [151.0, 226.0], [151.0, 248.0], [76.0, 250.0]], [[625.0, 222.0], [647.0, 222.0], [647.0, 245.0], [625.0, 245.0]], [[696.0, 181.0], [749.0, 186.0], [746.0, 212.0], [693.0, 207.0]], [[79.0, 186.0], [461.0, 181.0], [461.0, 204.0], [79.0, 209.0]], [[77.0, 131.0], [759.0, 129.0], [759.0, 156.0], [77.0, 158.0]], [[76.0, 80.0], [759.0, 80.0], [759.0, 103.0], [76.0, 103.0]], [[78.0, 28.0], [441.0, 29.0], [441.0, 52.0], [78.0, 51.0]]]
1092_720x1015_bing_online.png	[[[57.0, 927.0], [296.0, 923.0], [297.0, 951.0], [57.0, 956.0]], [[116.0, 872.0], [643.0, 867.0], [643.0, 899.0], [116.0, 904.0]], [[58.0, 838.0], [320.0, 829.0], [321.0, 857.0], [59.0, 866.0]], [[64.0, 797.0], [580.0, 783.0], [581.0, 815.0], [65.0, 829.0]], [[78.0, 755.0], [399.0, 745.0], [400.0, 774.0], [79.0, 784.0]], [[39.0, 714.0], [579.0, 706.0], [580.0, 742.0], [40.0, 750.0]], [[57.0, 670.0], [336.0, 657.0], [337.0, 685.0], [59.0, 697.0]], [[542.0, 625.0], [653.0, 729.0], [622.0, 761.0], [511.0, 657.0]], [[65.0, 626.0], [680.0, 615.0], [681.0, 648.0], [66.0, 659.0]], [[119.0, 585.0], [540.0, 575.0], [540.0, 602.0], [119.0, 612.0]], [[62.0, 551.0], [482.0, 538.0], [482.0, 562.0], [63.0, 575.0]], [[70.0, 508.0], [457.0, 498.0], [458.0, 523.0], [71.0, 533.0]], [[68.0, 468.0], [411.0, 455.0], [412.0, 481.0], [69.0, 493.0]], [[49.0, 384.0], [244.0, 377.0], [245.0, 401.0], [50.0, 408.0]], [[47.0, 347.0], [217.0, 341.0], [218.0, 367.0], [48.0, 372.0]], [[28.0, 324.0], [42.0, 316.0], [47.0, 326.0], [33.0, 333.0]], [[46.0, 308.0], [213.0, 305.0], [213.0, 331.0], [46.0, 333.0]], [[45.0, 255.0], [391.0, 248.0], [391.0, 277.0], [45.0, 284.0]], [[46.0, 212.0], [632.0, 208.0], [632.0, 238.0], [46.0, 241.0]], [[47.0, 170.0], [602.0, 170.0], [602.0, 199.0], [47.0, 199.0]], [[42.0, 131.0], [542.0, 118.0], [542.0, 147.0], [42.0, 160.0]], [[41.0, 97.0], [408.0, 88.0], [408.0, 110.0], [41.0, 120.0]], [[37.0, 54.0], [439.0, 45.0], [439.0, 66.0], [38.0, 75.0]], [[48.0, 2.0], [665.0, 10.0], [665.0, 38.0], [48.0, 31.0]]]
1177_1803x1279_bing_online.jpg	[[[1621.0, 1237.0], [1792.0, 1241.0], [1791.0, 1274.0], [1621.0, 1269.0]], [[612.0, 1190.0], [670.0, 1190.0], [670.0, 1237.0], [612.0, 1237.0]], [[670.0, 1188.0], [695.0, 1188.0], [695.0, 1218.0], [670.0, 1218.0]], [[488.0, 1151.0], [618.0, 1151.0], [618.0, 1224.0], [488.0, 1224.0]], [[697.0, 1142.0], [738.0, 1150.0], [723.0, 1234.0], [682.0, 1226.0]], [[614.0, 1134.0], [676.0, 1134.0], [676.0, 1193.0], [614.0, 1193.0]], [[1204.0, 1119.0], [1238.0, 1119.0], [1238.0, 1153.0], [1204.0, 1153.0]], [[724.0, 1107.0], [939.0, 1112.0], [938.0, 1165.0], [723.0, 1161.0]], [[1298.0, 1110.0], [1343.0, 1110.0], [1343.0, 1151.0], [1298.0, 1151.0]], [[586.0, 1106.0], [655.0, 1106.0], [655.0, 1150.0], [586.0, 1150.0]], [[185.0, 1075.0], [344.0, 1080.0], [342.0, 1141.0], [184.0, 1136.0]], [[505.0, 1073.0], [571.0, 1073.0], [571.0, 1132.0], [505.0, 1132.0]], [[725.0, 1068.0], [860.0, 1068.0], [860.0, 1110.0], [725.0, 1110.0]], [[595.0, 1068.0], [659.0, 1068.0], [659.0, 1106.0], [595.0, 1106.0]], [[1300.0, 1068.0], [1335.0, 1068.0], [1335.0, 1108.0], [1300.0, 1108.0]], [[1036.0, 1037.0], [1180.0, 1082.0], [1156.0, 1160.0], [1012.0, 1114.0]], [[601.0, 1006.0], [900.0, 1019.0], [898.0, 1076.0], [598.0, 1063.0]], [[1191.0, 999.0], [1217.0, 999.0], [1217.0, 1028.0], [1191.0, 1028.0]], [[515.0, 990.0], [573.0, 990.0], [573.0, 1037.0], [515.0, 1037.0]], [[1279.0, 986.0], [1309.0, 986.0], [1309.0, 1026.0], [1279.0, 1026.0]], [[30.0, 958.0], [369.0, 972.0], [366.0, 1050.0], [27.0, 1036.0]], [[347.0, 961.0], [364.0, 975.0], [345.0, 1001.0], [327.0, 987.0]], [[604.0, 966.0], [886.0, 949.0], [889.0, 1004.0], [607.0, 1021.0]], [[1038.0, 927.0], [1255.0, 923.0], [1257.0, 1004.0], [1040.0, 1009.0]], [[639.0, 910.0], [708.0, 910.0], [708.0, 954.0], [639.0, 954.0]], [[524.0, 872.0], [646.0, 872.0], [646.0, 929.0], [524.0, 929.0]], [[1183.0, 877.0], [1215.0, 877.0], [1215.0, 914.0], [1183.0, 914.0]], [[1270.0, 876.0], [1292.0, 876.0], [1292.0, 908.0], [1270.0, 908.0]], [[1227.0, 873.0], [1255.0, 867.0], [1261.0, 896.0], [1233.0, 903.0]], [[1015.0, 813.0], [1173.0, 841.0], [1161.0, 911.0], [1003.0, 884.0]], [[612.0, 791.0], [972.0, 804.0], [970.0, 863.0], [610.0, 850.0]], [[543.0, 751.0], [878.0, 728.0], [882.0, 794.0], [548.0, 818.0]], [[362.0, 750.0], [389.0, 750.0], [389.0, 782.0], [362.0, 782.0]], [[222.0, 738.0], [370.0, 738.0], [370.0, 799.0], [222.0, 799.0]], [[612.0, 686.0], [955.0, 675.0], [957.0, 736.0], [614.0, 747.0]], [[366.0, 676.0], [398.0, 676.0], [398.0, 721.0], [366.0, 721.0]], [[545.0, 664.0], [620.0, 664.0], [620.0, 721.0], [545.0, 721.0]], [[231.0, 659.0], [327.0, 670.0], [320.0, 733.0], [224.0, 722.0]], [[44.0, 633.0], [214.0, 643.0], [209.0, 719.0], [40.0, 709.0]], [[1434.0, 637.0], [1515.0, 642.0], [1511.0, 696.0], [1430.0, 690.0]], [[1668.0, 636.0], [1700.0, 636.0], [1700.0, 679.0], [1668.0, 679.0]], [[368.0, 626.0], [408.0, 626.0], [408.0, 674.0], [368.0, 674.0]], [[1546.0, 625.0], [1595.0, 619.0], [1599.0, 652.0], [1550.0, 658.0]], [[524.0, 622.0], [569.0, 622.0], [569.0, 668.0], [524.0, 668.0]], [[1295.0, 618.0], [1431.0, 604.0], [1437.0, 659.0], [1301.0, 674.0]], [[608.0, 627.0], [970.0, 586.0], [979.0, 665.0], [617.0, 707.0]], [[1672.0, 603.0], [1702.0, 603.0], [1702.0, 647.0], [1672.0, 647.0]], [[1429.0, 599.0], [1514.0, 591.0], [1519.0, 642.0], [1434.0, 650.0]], [[1591.0, 594.0], [1647.0, 594.0], [1647.0, 643.0], [1591.0, 643.0]], [[25.0, 544.0], [686.0, 560.0], [685.0, 623.0], [24.0, 607.0]], [[1557.0, 548.0], [1583.0, 548.0], [1583.0, 571.0], [1557.0, 571.0]], [[1375.0, 542.0], [1456.0, 542.0], [1456.0, 586.0], [1375.0, 586.0]], [[1476.0, 542.0], [1533.0, 542.0], [1533.0, 579.0], [1476.0, 579.0]], [[1463.0, 535.0], [1474.0, 535.0], [1474.0, 552.0], [1463.0, 552.0]], [[1303.0, 518.0], [1384.0, 518.0], [1384.0, 561.0], [1303.0, 561.0]], [[1380.0, 506.0], [1435.0, 506.0], [1435.0, 542.0], [1380.0, 542.0]], [[407.0, 484.0], [486.0, 490.0], [481.0, 555.0], [402.0, 549.0]], [[185.0, 448.0], [362.0, 460.0], [358.0, 515.0], [181.0, 503.0]], [[505.0, 455.0], [548.0, 455.0], [548.0, 527.0], [505.0, 527.0]], [[1303.0, 440.0], [1362.0, 440.0], [1362.0, 491.0], [1303.0, 491.0]], [[415.0, 432.0], [488.0, 432.0], [488.0, 499.0], [415.0, 499.0]], [[1454.0, 440.0], [1471.0, 440.0], [1471.0, 462.0], [1454.0, 462.0]], [[1377.0, 421.0], [1442.0, 421.0], [1442.0, 464.0], [1377.0, 464.0]], [[505.0, 390.0], [778.0, 390.0], [778.0, 462.0], [505.0, 462.0]], [[743.0, 379.0], [1172.0, 365.0], [1174.0, 430.0], [745.0, 444.0]], [[409.0, 375.0], [503.0, 375.0], [503.0, 419.0], [409.0, 419.0]], [[1324.0, 369.0], [1369.0, 369.0], [1369.0, 409.0], [1324.0, 409.0]], [[1460.0, 360.0], [1483.0, 379.0], [1460.0, 405.0], [1438.0, 386.0]], [[1401.0, 365.0], [1442.0, 365.0], [1442.0, 400.0], [1401.0, 400.0]], [[1478.0, 362.0], [1518.0, 362.0], [1518.0, 392.0], [1478.0, 392.0]], [[516.0, 359.0], [800.0, 344.0], [803.0, 391.0], [518.0, 406.0]], [[54.0, 336.0], [228.0, 343.0], [225.0, 410.0], [52.0, 403.0]], [[1269.0, 316.0], [1321.0, 313.0], [1327.0, 405.0], [1274.0, 408.0]], [[1442.0, 318.0], [1480.0, 318.0], [1480.0, 352.0], [1442.0, 352.0]], [[1333.0, 318.0], [1373.0, 318.0], [1373.0, 354.0], [1333.0, 354.0]], [[1379.0, 315.0], [1438.0, 309.0], [1442.0, 345.0], [1383.0, 351.0]], [[1462.0, 319.0], [1507.0, 304.0], [1518.0, 338.0], [1473.0, 353.0]], [[511.0, 287.0], [937.0, 293.0], [937.0, 358.0], [511.0, 352.0]], [[1208.0, 291.0], [1255.0, 291.0], [1255.0, 331.0], [1208.0, 331.0]], [[421.0, 278.0], [509.0, 278.0], [509.0, 337.0], [421.0, 337.0]], [[69.0, 272.0], [303.0, 278.0], [301.0, 339.0], [67.0, 333.0]], [[1380.0, 269.0], [1505.0, 264.0], [1507.0, 306.0], [1381.0, 311.0]], [[507.0, 239.0], [832.0, 209.0], [839.0, 284.0], [514.0, 314.0]], [[1211.0, 212.0], [1535.0, 203.0], [1537.0, 251.0], [1212.0, 259.0]], [[73.0, 182.0], [390.0, 197.0], [387.0, 262.0], [70.0, 246.0]], [[1672.0, 185.0], [1745.0, 185.0], [1745.0, 240.0], [1672.0, 240.0]], [[1205.0, 145.0], [1753.0, 133.0], [1755.0, 190.0], [1207.0, 202.0]], [[47.0, 111.0], [330.0, 125.0], [326.0, 193.0], [44.0, 180.0]], [[520.0, 97.0], [901.0, 93.0], [902.0, 144.0], [521.0, 149.0]], [[1196.0, 77.0], [1689.0, 64.0], [1691.0, 127.0], [1197.0, 139.0]], [[43.0, 22.0], [465.0, 39.0], [462.0, 111.0], [40.0, 94.0]], [[484.0, 29.0], [902.0, 19.0], [904.0, 78.0], [486.0, 88.0]]]
1203_1555x1194_bing_online.png	[[[1345.0, 1161.0], [1544.0, 1163.0], [1544.0, 1186.0], [1344.0, 1184.0]], [[162.0, 1127.0], [238.0, 1127.0], [238.0, 1173.0], [162.0, 1173.0]], [[323.0, 1082.0], [661.0, 1087.0], [660.0, 1128.0], [322.0, 1122.0]], [[167.0, 1043.0], [581.0, 1040.0], [582.0, 1084.0], [167.0, 1087.0]], [[168.0, 999.0], [502.0, 999.0], [502.0, 1043.0], [168.0, 1043.0]], [[173.0, 962.0], [347.0, 962.0], [347.0, 994.0], [173.0, 994.0]], [[393.0, 955.0], [724.0, 962.0], [723.0, 1003.0], [392.0, 996.0]], [[58.0, 957.0], [127.0, 961.0], [125.0, 998.0], [56.0, 994.0]], [[220.0, 907.0], [277.0, 907.0], [277.0, 931.0], [220.0, 931.0]], [[228.0, 879.0], [672.0, 878.0], [672.0, 912.0], [228.0, 913.0]], [[122.0, 834.0], [638.0, 836.0], [638.0, 868.0], [121.0, 866.0]], [[134.0, 754.0], [748.0, 754.0], [748.0, 782.0], [134.0, 782.0]], [[131.0, 707.0], [1197.0, 709.0], [1197.0, 743.0], [131.0, 741.0]], [[124.0, 615.0], [205.0, 622.0], [202.0, 665.0], [120.0, 658.0]], [[267.0, 588.0], [370.0, 584.0], [371.0, 618.0], [268.0, 622.0]], [[126.0, 584.0], [240.0, 589.0], [239.0, 619.0], [124.0, 613.0]], [[489.0, 550.0], [574.0, 554.0], [572.0, 583.0], [487.0, 579.0]], [[458.0, 545.0], [483.0, 545.0], [483.0, 568.0], [458.0, 568.0]], [[570.0, 505.0], [635.0, 505.0], [635.0, 534.0], [570.0, 534.0]], [[625.0, 500.0], [692.0, 500.0], [692.0, 535.0], [625.0, 535.0]], [[526.0, 501.0], [554.0, 501.0], [554.0, 522.0], [526.0, 522.0]], [[575.0, 487.0], [620.0, 487.0], [620.0, 513.0], [575.0, 513.0]], [[448.0, 456.0], [649.0, 452.0], [650.0, 491.0], [449.0, 495.0]], [[129.0, 397.0], [494.0, 403.0], [493.0, 458.0], [128.0, 452.0]], [[304.0, 378.0], [537.0, 369.0], [538.0, 404.0], [305.0, 412.0]], [[308.0, 334.0], [518.0, 334.0], [518.0, 367.0], [308.0, 367.0]], [[134.0, 290.0], [379.0, 290.0], [379.0, 318.0], [134.0, 318.0]], [[128.0, 247.0], [594.0, 247.0], [594.0, 279.0], [128.0, 279.0]], [[58.0, 246.0], [143.0, 252.0], [141.0, 283.0], [56.0, 277.0]], [[121.0, 154.0], [1143.0, 148.0], [1144.0, 198.0], [122.0, 205.0]], [[133.0, 78.0], [547.0, 76.0], [548.0, 109.0], [133.0, 110.0]], [[141.0, 34.0], [965.0, 37.0], [965.0, 71.0], [141.0, 68.0]]]
124_577x683_bing_online.png	[[[508.0, 655.0], [570.0, 655.0], [570.0, 672.0], [508.0, 672.0]], [[299.0, 652.0], [514.0, 647.0], [514.0, 675.0], [300.0, 679.0]], [[153.0, 628.0], [195.0, 628.0], [195.0, 656.0], [153.0, 656.0]], [[18.0, 625.0], [58.0, 625.0], [58.0, 649.0], [18.0, 649.0]], [[190.0, 616.0], [498.0, 616.0], [498.0, 646.0], [190.0, 646.0]], [[45.0, 607.0], [83.0, 614.0], [79.0, 637.0], [41.0, 630.0]], [[55.0, 592.0], [77.0, 592.0], [77.0, 616.0], [55.0, 616.0]], [[160.0, 589.0], [181.0, 589.0], [181.0, 609.0], [160.0, 609.0]], [[190.0, 582.0], [480.0, 582.0], [480.0, 610.0], [190.0, 610.0]], [[165.0, 580.0], [171.0, 580.0], [171.0, 585.0], [165.0, 585.0]], [[70.0, 579.0], [79.0, 579.0], [79.0, 588.0], [70.0, 588.0]], [[46.0, 546.0], [435.0, 547.0], [435.0, 572.0], [46.0, 571.0]], [[43.0, 511.0], [491.0, 513.0], [491.0, 538.0], [43.0, 536.0]], [[26.0, 478.0], [432.0, 479.0], [432.0, 503.0], [26.0, 502.0]], [[51.0, 433.0], [504.0, 441.0], [503.0, 476.0], [50.0, 467.0]], [[101.0, 399.0], [441.0, 405.0], [440.0, 439.0], [100.0, 434.0]], [[186.0, 374.0], [419.0, 377.0], [418.0, 406.0], [185.0, 402.0]], [[148.0, 368.0], [172.0, 368.0], [172.0, 389.0], [148.0, 389.0]], [[58.0, 344.0], [187.0, 344.0], [187.0, 371.0], [58.0, 371.0]], [[176.0, 337.0], [471.0, 345.0], [470.0, 376.0], [175.0, 369.0]], [[84.0, 324.0], [172.0, 324.0], [172.0, 343.0], [84.0, 343.0]], [[198.0, 310.0], [350.0, 310.0], [350.0, 337.0], [198.0, 337.0]], [[389.0, 302.0], [504.0, 310.0], [501.0, 347.0], [387.0, 340.0]], [[84.0, 302.0], [175.0, 304.0], [174.0, 330.0], [83.0, 327.0]], [[44.0, 280.0], [435.0, 277.0], [435.0, 306.0], [44.0, 308.0]], [[44.0, 246.0], [497.0, 251.0], [497.0, 280.0], [44.0, 274.0]], [[55.0, 214.0], [498.0, 221.0], [498.0, 248.0], [55.0, 242.0]], [[66.0, 180.0], [490.0, 186.0], [490.0, 218.0], [66.0, 211.0]], [[83.0, 155.0], [447.0, 157.0], [447.0, 181.0], [83.0, 180.0]], [[278.0, 120.0], [444.0, 122.0], [444.0, 151.0], [277.0, 148.0]], [[41.0, 91.0], [444.0, 90.0], [444.0, 118.0], [41.0, 119.0]], [[33.0, 62.0], [367.0, 61.0], [367.0, 78.0], [33.0, 79.0]], [[7.0, 44.0], [321.0, 44.0], [321.0, 58.0], [7.0, 58.0]], [[33.0, 21.0], [560.0, 21.0], [560.0, 39.0], [33.0, 39.0]], [[35.0, 2.0], [406.0, 2.0], [406.0, 16.0], [35.0, 16.0]]]
1275_600x771_bing_online.jpg	[[[23.0, 741.0], [87.0, 741.0], [87.0, 770.0], [23.0, 770.0]], [[466.0, 734.0], [587.0, 732.0], [587.0, 756.0], [466.0, 758.0]], [[22.0, 712.0], [189.0, 715.0], [188.0, 747.0], [22.0, 744.0]], [[223.0, 691.0], [545.0, 691.0], [545.0, 722.0], [223.0, 722.0]], [[0.0, 656.0], [39.0, 656.0], [39.0, 702.0], [0.0, 702.0]], [[60.0, 658.0], [135.0, 655.0], [135.0, 681.0], [61.0, 684.0]], [[173.0, 650.0], [223.0, 650.0], [223.0, 686.0], [173.0, 686.0]], [[327.0, 645.0], [400.0, 649.0], [398.0, 683.0], [325.0, 679.0]], [[56.0, 635.0], [136.0, 638.0], [136.0, 666.0], [55.0, 663.0]], [[403.0, 632.0], [563.0, 632.0], [563.0, 664.0], [403.0, 664.0]], [[252.0, 618.0], [301.0, 615.0], [302.0, 641.0], [254.0, 644.0]], [[130.0, 577.0], [557.0, 584.0], [556.0, 623.0], [129.0, 615.0]], [[32.0, 553.0], [136.0, 561.0], [133.0, 604.0], [29.0, 596.0]], [[131.0, 542.0], [465.0, 544.0], [465.0, 578.0], [131.0, 576.0]], [[33.0, 503.0], [156.0, 506.0], [155.0, 538.0], [32.0, 535.0]], [[244.0, 456.0], [312.0, 460.0], [309.0, 504.0], [242.0, 499.0]], [[46.0, 422.0], [149.0, 426.0], [148.0, 462.0], [45.0, 458.0]], [[356.0, 348.0], [462.0, 348.0], [462.0, 388.0], [356.0, 388.0]], [[335.0, 307.0], [530.0, 309.0], [530.0, 351.0], [334.0, 348.0]], [[371.0, 269.0], [587.0, 273.0], [587.0, 308.0], [370.0, 304.0]], [[230.0, 267.0], [380.0, 270.0], [379.0, 304.0], [230.0, 301.0]], [[236.0, 231.0], [362.0, 231.0], [362.0, 267.0], [236.0, 267.0]], [[44.0, 225.0], [140.0, 229.0], [138.0, 270.0], [42.0, 267.0]], [[36.0, 193.0], [173.0, 193.0], [173.0, 228.0], [36.0, 228.0]], [[230.0, 188.0], [350.0, 192.0], [349.0, 228.0], [229.0, 225.0]], [[144.0, 151.0], [353.0, 156.0], [353.0, 187.0], [143.0, 183.0]], [[515.0, 133.0], [568.0, 133.0], [568.0, 189.0], [515.0, 189.0]], [[145.0, 115.0], [373.0, 118.0], [373.0, 149.0], [145.0, 146.0]], [[146.0, 76.0], [334.0, 76.0], [334.0, 107.0], [146.0, 107.0]], [[33.0, 44.0], [134.0, 37.0], [136.0, 78.0], [35.0, 84.0]], [[142.0, 36.0], [381.0, 33.0], [381.0, 67.0], [142.0, 70.0]], [[141.0, 2.0], [558.0, 2.0], [558.0, 29.0], [141.0, 29.0]]]
1281_800x1136_bing_online.jpg	[[[137.0, 1037.0], [143.0, 1037.0], [143.0, 1043.0], [137.0, 1043.0]], [[201.0, 1024.0], [692.0, 1025.0], [692.0, 1053.0], [201.0, 1052.0]], [[133.0, 999.0], [150.0, 999.0], [150.0, 1014.0], [133.0, 1014.0]], [[193.0, 994.0], [699.0, 992.0], [699.0, 1019.0], [193.0, 1021.0]], [[114.0, 962.0], [657.0, 962.0], [657.0, 990.0], [114.0, 990.0]], [[80.0, 931.0], [195.0, 931.0], [195.0, 960.0], [80.0, 960.0]], [[595.0, 873.0], [726.0, 879.0], [724.0, 916.0], [594.0, 911.0]], [[687.0, 826.0], [743.0, 829.0], [742.0, 856.0], [685.0, 853.0]], [[588.0, 825.0], [629.0, 829.0], [627.0, 850.0], [586.0, 847.0]], [[482.0, 827.0], [523.0, 827.0], [523.0, 851.0], [482.0, 851.0]], [[371.0, 826.0], [410.0, 826.0], [410.0, 850.0], [371.0, 850.0]], [[262.0, 819.0], [305.0, 823.0], [303.0, 850.0], [260.0, 847.0]], [[154.0, 824.0], [190.0, 824.0], [190.0, 847.0], [154.0, 847.0]], [[717.0, 796.0], [726.0, 788.0], [734.0, 796.0], [726.0, 804.0]], [[718.0, 761.0], [726.0, 761.0], [726.0, 767.0], [718.0, 767.0]], [[231.0, 721.0], [333.0, 726.0], [331.0, 755.0], [229.0, 751.0]], [[715.0, 727.0], [730.0, 727.0], [730.0, 736.0], [715.0, 736.0]], [[385.0, 702.0], [464.0, 707.0], [462.0, 732.0], [384.0, 727.0]], [[715.0, 696.0], [730.0, 696.0], [730.0, 706.0], [715.0, 706.0]], [[385.0, 661.0], [493.0, 665.0], [492.0, 694.0], [384.0, 690.0]], [[715.0, 663.0], [733.0, 663.0], [733.0, 677.0], [715.0, 677.0]], [[714.0, 631.0], [731.0, 631.0], [731.0, 645.0], [714.0, 645.0]], [[434.0, 599.0], [566.0, 606.0], [564.0, 644.0], [432.0, 637.0]], [[713.0, 598.0], [731.0, 598.0], [731.0, 612.0], [713.0, 612.0]], [[714.0, 566.0], [732.0, 566.0], [732.0, 583.0], [714.0, 583.0]], [[97.0, 556.0], [300.0, 559.0], [300.0, 587.0], [96.0, 584.0]], [[479.0, 546.0], [587.0, 546.0], [587.0, 583.0], [479.0, 583.0]], [[713.0, 532.0], [736.0, 532.0], [736.0, 555.0], [713.0, 555.0]], [[610.0, 499.0], [685.0, 499.0], [685.0, 525.0], [610.0, 525.0]], [[312.0, 438.0], [337.0, 438.0], [337.0, 459.0], [312.0, 459.0]], [[210.0, 432.0], [276.0, 432.0], [276.0, 463.0], [210.0, 463.0]], [[470.0, 426.0], [681.0, 432.0], [680.0, 465.0], [469.0, 459.0]], [[357.0, 430.0], [439.0, 430.0], [439.0, 464.0], [357.0, 464.0]], [[107.0, 431.0], [193.0, 431.0], [193.0, 460.0], [107.0, 460.0]], [[243.0, 398.0], [265.0, 398.0], [265.0, 422.0], [243.0, 422.0]], [[80.0, 334.0], [441.0, 337.0], [440.0, 370.0], [80.0, 367.0]], [[544.0, 318.0], [773.0, 326.0], [772.0, 362.0], [542.0, 355.0]], [[518.0, 283.0], [688.0, 283.0], [688.0, 320.0], [518.0, 320.0]], [[471.0, 282.0], [507.0, 282.0], [507.0, 359.0], [471.0, 359.0]], [[79.0, 270.0], [328.0, 275.0], [327.0, 311.0], [78.0, 306.0]], [[74.0, 210.0], [463.0, 218.0], [463.0, 250.0], [74.0, 242.0]], [[68.0, 179.0], [724.0, 185.0], [724.0, 218.0], [68.0, 212.0]], [[68.0, 128.0], [340.0, 134.0], [339.0, 171.0], [68.0, 164.0]]]
129_2440x1784_bing_online.jpg	[[[1459.0, 1728.0], [1713.0, 1728.0], [1713.0, 1771.0], [1459.0, 1771.0]], [[1451.0, 1672.0], [2165.0, 1672.0], [2165.0, 1731.0], [1451.0, 1731.0]], [[1278.0, 1609.0], [2180.0, 1601.0], [2181.0, 1660.0], [1279.0, 1668.0]], [[1499.0, 1549.0], [2346.0, 1538.0], [2346.0, 1589.0], [1500.0, 1599.0]], [[1499.0, 1485.0], [2419.0, 1475.0], [2420.0, 1525.0], [1500.0, 1536.0]], [[1499.0, 1429.0], [2152.0, 1419.0], [2153.0, 1470.0], [1500.0, 1480.0]], [[1453.0, 1369.0], [1732.0, 1360.0], [1734.0, 1414.0], [1455.0, 1422.0]], [[1495.0, 1297.0], [2420.0, 1305.0], [2419.0, 1371.0], [1494.0, 1363.0]], [[1497.0, 1242.0], [1931.0, 1236.0], [1932.0, 1290.0], [1497.0, 1295.0]], [[1911.0, 1221.0], [2120.0, 1250.0], [2110.0, 1321.0], [1901.0, 1292.0]], [[2043.0, 1214.0], [2097.0, 1214.0], [2097.0, 1262.0], [2043.0, 1262.0]], [[1284.0, 1176.0], [1899.0, 1178.0], [1898.0, 1239.0], [1283.0, 1237.0]], [[1542.0, 1129.0], [1909.0, 1112.0], [1912.0, 1185.0], [1545.0, 1202.0]], [[1547.0, 1070.0], [1889.0, 1053.0], [1892.0, 1117.0], [1550.0, 1134.0]], [[1962.0, 1050.0], [2271.0, 1041.0], [2273.0, 1102.0], [1963.0, 1110.0]], [[1550.0, 1009.0], [1904.0, 1009.0], [1904.0, 1059.0], [1550.0, 1059.0]], [[74.0, 986.0], [650.0, 981.0], [651.0, 1034.0], [74.0, 1039.0]], [[701.0, 950.0], [841.0, 950.0], [841.0, 1026.0], [701.0, 1026.0]], [[1921.0, 940.0], [2384.0, 938.0], [2384.0, 991.0], [1922.0, 993.0]], [[1283.0, 938.0], [1921.0, 935.0], [1922.0, 996.0], [1284.0, 999.0]], [[160.0, 933.0], [405.0, 924.0], [407.0, 978.0], [161.0, 986.0]], [[825.0, 888.0], [989.0, 881.0], [992.0, 944.0], [828.0, 951.0]], [[1283.0, 882.0], [2178.0, 874.0], [2178.0, 927.0], [1284.0, 935.0]], [[162.0, 883.0], [339.0, 873.0], [341.0, 929.0], [165.0, 938.0]], [[1065.0, 882.0], [1116.0, 882.0], [1116.0, 922.0], [1065.0, 922.0]], [[157.0, 837.0], [415.0, 823.0], [418.0, 876.0], [160.0, 890.0]], [[892.0, 839.0], [905.0, 839.0], [905.0, 851.0], [892.0, 851.0]], [[1461.0, 824.0], [2201.0, 813.0], [2201.0, 864.0], [1462.0, 875.0]], [[155.0, 786.0], [355.0, 780.0], [356.0, 831.0], [156.0, 837.0]], [[714.0, 763.0], [1155.0, 752.0], [1157.0, 813.0], [715.0, 824.0]], [[1464.0, 766.0], [2249.0, 750.0], [2250.0, 803.0], [1465.0, 819.0]], [[114.0, 735.0], [467.0, 724.0], [468.0, 777.0], [116.0, 789.0]], [[680.0, 705.0], [877.0, 693.0], [880.0, 749.0], [684.0, 761.0]], [[948.0, 707.0], [981.0, 707.0], [981.0, 742.0], [948.0, 742.0]], [[1278.0, 707.0], [2414.0, 692.0], [2415.0, 742.0], [1279.0, 758.0]], [[81.0, 690.0], [273.0, 684.0], [275.0, 737.0], [82.0, 743.0]], [[1235.0, 651.0], [1613.0, 646.0], [1614.0, 699.0], [1236.0, 705.0]], [[79.0, 626.0], [1101.0, 629.0], [1100.0, 689.0], [79.0, 687.0]], [[1652.0, 593.0], [2419.0, 580.0], [2420.0, 631.0], [1653.0, 644.0]], [[23.0, 573.0], [304.0, 567.0], [305.0, 618.0], [24.0, 624.0]], [[1654.0, 538.0], [1854.0, 532.0], [1856.0, 585.0], [1656.0, 591.0]], [[137.0, 512.0], [1034.0, 507.0], [1035.0, 560.0], [137.0, 565.0]], [[1652.0, 484.0], [2412.0, 476.0], [2412.0, 527.0], [1652.0, 535.0]], [[137.0, 464.0], [742.0, 453.0], [742.0, 504.0], [138.0, 515.0]], [[1652.0, 431.0], [1867.0, 425.0], [1869.0, 471.0], [1653.0, 477.0]], [[99.0, 408.0], [632.0, 398.0], [633.0, 448.0], [100.0, 459.0]], [[1649.0, 378.0], [2086.0, 372.0], [2087.0, 426.0], [1650.0, 431.0]], [[143.0, 342.0], [1225.0, 347.0], [1225.0, 408.0], [142.0, 403.0]], [[1291.0, 337.0], [2063.0, 316.0], [2064.0, 367.0], [1292.0, 388.0]], [[925.0, 309.0], [951.0, 309.0], [951.0, 332.0], [925.0, 332.0]], [[1660.0, 279.0], [1713.0, 279.0], [1713.0, 309.0], [1660.0, 309.0]], [[1293.0, 274.0], [1671.0, 260.0], [1673.0, 314.0], [1295.0, 328.0]], [[1705.0, 269.0], [1995.0, 266.0], [1995.0, 312.0], [1706.0, 314.0]], [[138.0, 230.0], [1030.0, 246.0], [1029.0, 307.0], [137.0, 291.0]], [[1240.0, 208.0], [1650.0, 208.0], [1650.0, 258.0], [1240.0, 258.0]], [[579.0, 152.0], [701.0, 152.0], [701.0, 218.0], [579.0, 218.0]], [[1411.0, 144.0], [1609.0, 144.0], [1609.0, 190.0], [1411.0, 190.0]], [[100.0, 121.0], [509.0, 132.0], [507.0, 185.0], [99.0, 174.0]], [[1245.0, 84.0], [2422.0, 68.0], [2423.0, 126.0], [1246.0, 142.0]], [[541.0, 68.0], [674.0, 74.0], [671.0, 133.0], [538.0, 126.0]], [[704.0, 65.0], [865.0, 75.0], [861.0, 140.0], [700.0, 131.0]], [[213.0, 68.0], [427.0, 68.0], [427.0, 122.0], [213.0, 122.0]], [[1235.0, 18.0], [1646.0, 10.0], [1647.0, 63.0], [1236.0, 71.0]], [[541.0, 18.0], [653.0, 18.0], [653.0, 56.0], [541.0, 56.0]], [[82.0, 0.0], [562.0, 11.0], [561.0, 61.0], [81.0, 48.0]]]
1303_1280x2007_bing_online.png	[[[1160.0, 1978.0], [1267.0, 1978.0], [1267.0, 2001.0], [1160.0, 2001.0]], [[13.0, 1768.0], [819.0, 1779.0], [818.0, 1844.0], [12.0, 1833.0]], [[320.0, 1704.0], [1105.0, 1704.0], [1105.0, 1775.0], [320.0, 1775.0]], [[792.0, 1643.0], [840.0, 1643.0], [840.0, 1689.0], [792.0, 1689.0]], [[705.0, 1627.0], [758.0, 1627.0], [758.0, 1670.0], [705.0, 1670.0]], [[152.0, 1616.0], [200.0, 1616.0], [200.0, 1662.0], [152.0, 1662.0]], [[15.0, 1585.0], [63.0, 1585.0], [63.0, 1639.0], [15.0, 1639.0]], [[8.0, 1518.0], [730.0, 1509.0], [731.0, 1580.0], [9.0, 1589.0]], [[840.0, 1505.0], [924.0, 1505.0], [924.0, 1545.0], [840.0, 1545.0]], [[122.0, 1497.0], [168.0, 1497.0], [168.0, 1532.0], [122.0, 1532.0]], [[832.0, 1479.0], [913.0, 1471.0], [917.0, 1508.0], [837.0, 1517.0]], [[848.0, 1443.0], [912.0, 1443.0], [912.0, 1484.0], [848.0, 1484.0]], [[1027.0, 1434.0], [1091.0, 1434.0], [1091.0, 1478.0], [1027.0, 1478.0]], [[998.0, 1430.0], [1040.0, 1441.0], [1032.0, 1476.0], [989.0, 1465.0]], [[341.0, 1424.0], [396.0, 1424.0], [396.0, 1466.0], [341.0, 1466.0]], [[242.0, 1411.0], [352.0, 1411.0], [352.0, 1478.0], [242.0, 1478.0]], [[441.0, 1415.0], [575.0, 1401.0], [582.0, 1466.0], [448.0, 1480.0]], [[878.0, 1411.0], [914.0, 1411.0], [914.0, 1440.0], [878.0, 1440.0]], [[960.0, 1357.0], [1000.0, 1357.0], [1000.0, 1392.0], [960.0, 1392.0]], [[335.0, 1306.0], [498.0, 1314.0], [494.0, 1383.0], [332.0, 1375.0]], [[743.0, 1279.0], [768.0, 1279.0], [768.0, 1313.0], [743.0, 1313.0]], [[939.0, 1244.0], [1011.0, 1244.0], [1011.0, 1294.0], [939.0, 1294.0]], [[21.0, 1194.0], [583.0, 1194.0], [583.0, 1265.0], [21.0, 1265.0]], [[657.0, 1181.0], [804.0, 1181.0], [804.0, 1269.0], [657.0, 1269.0]], [[776.0, 1144.0], [797.0, 1161.0], [778.0, 1183.0], [757.0, 1166.0]], [[916.0, 1146.0], [941.0, 1146.0], [941.0, 1179.0], [916.0, 1179.0]], [[261.0, 1074.0], [733.0, 1079.0], [732.0, 1144.0], [261.0, 1139.0]], [[236.0, 1081.0], [269.0, 1088.0], [263.0, 1116.0], [230.0, 1109.0]], [[29.0, 1072.0], [154.0, 1072.0], [154.0, 1144.0], [29.0, 1144.0]], [[124.0, 1054.0], [248.0, 1054.0], [248.0, 1148.0], [124.0, 1148.0]], [[274.0, 1056.0], [368.0, 1056.0], [368.0, 1104.0], [274.0, 1104.0]], [[608.0, 1049.0], [733.0, 1049.0], [733.0, 1102.0], [608.0, 1102.0]], [[341.0, 1033.0], [478.0, 1033.0], [478.0, 1077.0], [341.0, 1077.0]], [[21.0, 1012.0], [353.0, 1003.0], [354.0, 1059.0], [22.0, 1069.0]], [[333.0, 986.0], [685.0, 1002.0], [682.0, 1067.0], [330.0, 1051.0]], [[15.0, 930.0], [1156.0, 930.0], [1156.0, 1014.0], [15.0, 1014.0]], [[257.0, 914.0], [301.0, 914.0], [301.0, 943.0], [257.0, 943.0]], [[27.0, 813.0], [1189.0, 809.0], [1190.0, 872.0], [28.0, 876.0]], [[31.0, 755.0], [673.0, 742.0], [674.0, 813.0], [33.0, 826.0]], [[185.0, 763.0], [211.0, 738.0], [242.0, 769.0], [217.0, 794.0]], [[145.0, 732.0], [181.0, 732.0], [181.0, 759.0], [145.0, 759.0]], [[37.0, 698.0], [129.0, 691.0], [134.0, 749.0], [41.0, 756.0]], [[259.0, 686.0], [1103.0, 679.0], [1103.0, 744.0], [259.0, 751.0]], [[122.0, 682.0], [185.0, 682.0], [185.0, 738.0], [122.0, 738.0]], [[125.0, 614.0], [236.0, 605.0], [241.0, 672.0], [130.0, 681.0]], [[796.0, 613.0], [832.0, 613.0], [832.0, 652.0], [796.0, 652.0]], [[383.0, 567.0], [440.0, 567.0], [440.0, 610.0], [383.0, 610.0]], [[945.0, 554.0], [1025.0, 554.0], [1025.0, 604.0], [945.0, 604.0]], [[154.0, 550.0], [171.0, 550.0], [171.0, 577.0], [154.0, 577.0]], [[309.0, 552.0], [336.0, 541.0], [350.0, 575.0], [323.0, 586.0]], [[196.0, 535.0], [242.0, 535.0], [242.0, 569.0], [196.0, 569.0]], [[67.0, 535.0], [116.0, 535.0], [116.0, 571.0], [67.0, 571.0]], [[1216.0, 519.0], [1279.0, 526.0], [1279.0, 574.0], [1211.0, 567.0]], [[1175.0, 512.0], [1232.0, 512.0], [1232.0, 569.0], [1175.0, 569.0]], [[1091.0, 510.0], [1128.0, 510.0], [1128.0, 550.0], [1091.0, 550.0]], [[562.0, 490.0], [790.0, 501.0], [787.0, 567.0], [559.0, 557.0]], [[305.0, 508.0], [356.0, 508.0], [356.0, 552.0], [305.0, 552.0]], [[910.0, 492.0], [993.0, 513.0], [980.0, 564.0], [897.0, 543.0]], [[484.0, 498.0], [535.0, 498.0], [535.0, 567.0], [484.0, 567.0]], [[0.0, 481.0], [46.0, 481.0], [46.0, 556.0], [0.0, 556.0]], [[1091.0, 489.0], [1112.0, 480.0], [1122.0, 503.0], [1101.0, 512.0]], [[316.0, 468.0], [349.0, 468.0], [349.0, 518.0], [316.0, 518.0]], [[13.0, 433.0], [48.0, 433.0], [48.0, 479.0], [13.0, 479.0]], [[297.0, 418.0], [354.0, 418.0], [354.0, 452.0], [297.0, 452.0]], [[259.0, 383.0], [318.0, 383.0], [318.0, 424.0], [259.0, 424.0]], [[215.0, 389.0], [240.0, 389.0], [240.0, 406.0], [215.0, 406.0]], [[389.0, 376.0], [438.0, 376.0], [438.0, 424.0], [389.0, 424.0]], [[15.0, 374.0], [105.0, 374.0], [105.0, 424.0], [15.0, 424.0]], [[724.0, 366.0], [802.0, 366.0], [802.0, 431.0], [724.0, 431.0]], [[973.0, 337.0], [1123.0, 361.0], [1111.0, 440.0], [961.0, 417.0]], [[758.0, 312.0], [796.0, 312.0], [796.0, 349.0], [758.0, 349.0]], [[881.0, 238.0], [1137.0, 243.0], [1136.0, 310.0], [880.0, 305.0]], [[575.0, 227.0], [816.0, 237.0], [812.0, 314.0], [572.0, 304.0]], [[6.0, 224.0], [156.0, 224.0], [156.0, 301.0], [6.0, 301.0]], [[1103.0, 199.0], [1154.0, 199.0], [1154.0, 238.0], [1103.0, 238.0]], [[672.0, 169.0], [733.0, 169.0], [733.0, 228.0], [672.0, 228.0]], [[38.0, 96.0], [434.0, 96.0], [434.0, 161.0], [38.0, 161.0]], [[1018.0, 94.0], [1184.0, 99.0], [1182.0, 151.0], [1016.0, 146.0]]]
1307_793x1044_bing_online.jpg	[[[98.0, 946.0], [297.0, 946.0], [297.0, 965.0], [98.0, 965.0]], [[96.0, 913.0], [417.0, 915.0], [417.0, 933.0], [96.0, 932.0]], [[99.0, 885.0], [721.0, 885.0], [721.0, 900.0], [99.0, 900.0]], [[97.0, 851.0], [500.0, 853.0], [500.0, 871.0], [97.0, 870.0]], [[102.0, 820.0], [639.0, 822.0], [639.0, 841.0], [102.0, 838.0]], [[103.0, 792.0], [404.0, 792.0], [404.0, 807.0], [103.0, 807.0]], [[614.0, 766.0], [625.0, 766.0], [625.0, 776.0], [614.0, 776.0]], [[127.0, 760.0], [561.0, 760.0], [561.0, 775.0], [127.0, 775.0]], [[363.0, 728.0], [715.0, 730.0], [715.0, 745.0], [363.0, 743.0]], [[98.0, 729.0], [309.0, 728.0], [309.0, 744.0], [98.0, 745.0]], [[386.0, 694.0], [407.0, 694.0], [407.0, 714.0], [386.0, 714.0]], [[447.0, 686.0], [472.0, 686.0], [472.0, 705.0], [447.0, 705.0]], [[390.0, 662.0], [408.0, 662.0], [408.0, 676.0], [390.0, 676.0]], [[445.0, 658.0], [459.0, 658.0], [459.0, 674.0], [445.0, 674.0]], [[343.0, 636.0], [368.0, 636.0], [368.0, 659.0], [343.0, 659.0]], [[374.0, 606.0], [394.0, 606.0], [394.0, 625.0], [374.0, 625.0]], [[404.0, 608.0], [426.0, 599.0], [432.0, 616.0], [410.0, 625.0]], [[99.0, 573.0], [500.0, 573.0], [500.0, 588.0], [99.0, 588.0]], [[73.0, 543.0], [568.0, 543.0], [568.0, 558.0], [73.0, 558.0]], [[102.0, 509.0], [718.0, 510.0], [718.0, 529.0], [102.0, 527.0]], [[99.0, 481.0], [645.0, 481.0], [645.0, 496.0], [99.0, 496.0]], [[275.0, 455.0], [309.0, 455.0], [309.0, 470.0], [275.0, 470.0]], [[304.0, 453.0], [352.0, 453.0], [352.0, 470.0], [304.0, 470.0]], [[96.0, 440.0], [277.0, 440.0], [277.0, 463.0], [96.0, 463.0]], [[351.0, 440.0], [393.0, 440.0], [393.0, 460.0], [351.0, 460.0]], [[317.0, 431.0], [345.0, 431.0], [345.0, 452.0], [317.0, 452.0]], [[266.0, 428.0], [312.0, 428.0], [312.0, 459.0], [266.0, 459.0]], [[300.0, 398.0], [333.0, 398.0], [333.0, 419.0], [300.0, 419.0]], [[235.0, 398.0], [264.0, 398.0], [264.0, 421.0], [235.0, 421.0]], [[192.0, 394.0], [220.0, 402.0], [214.0, 425.0], [186.0, 417.0]], [[69.0, 388.0], [191.0, 388.0], [191.0, 410.0], [69.0, 410.0]], [[343.0, 382.0], [408.0, 388.0], [406.0, 411.0], [341.0, 405.0]], [[187.0, 375.0], [352.0, 375.0], [352.0, 401.0], [187.0, 401.0]], [[70.0, 341.0], [711.0, 343.0], [711.0, 361.0], [70.0, 360.0]], [[71.0, 313.0], [715.0, 313.0], [715.0, 328.0], [71.0, 328.0]], [[102.0, 281.0], [718.0, 281.0], [718.0, 299.0], [102.0, 299.0]], [[69.0, 249.0], [142.0, 249.0], [142.0, 269.0], [69.0, 269.0]], [[99.0, 221.0], [715.0, 221.0], [715.0, 236.0], [99.0, 236.0]], [[72.0, 188.0], [232.0, 188.0], [232.0, 203.0], [72.0, 203.0]], [[103.0, 156.0], [717.0, 156.0], [717.0, 174.0], [103.0, 174.0]], [[72.0, 126.0], [374.0, 126.0], [374.0, 141.0], [72.0, 141.0]], [[71.0, 96.0], [715.0, 96.0], [715.0, 110.0], [71.0, 110.0]], [[103.0, 64.0], [715.0, 64.0], [715.0, 79.0], [103.0, 79.0]]]
1465_1417x2048_bing_online.jpg	[[[394.0, 1839.0], [604.0, 1834.0], [606.0, 1902.0], [395.0, 1908.0]], [[633.0, 1783.0], [744.0, 1783.0], [744.0, 1828.0], [633.0, 1828.0]], [[431.0, 1746.0], [649.0, 1736.0], [653.0, 1810.0], [435.0, 1821.0]], [[621.0, 1737.0], [758.0, 1732.0], [760.0, 1785.0], [624.0, 1790.0]], [[148.0, 1728.0], [214.0, 1752.0], [195.0, 1805.0], [128.0, 1781.0]], [[232.0, 1705.0], [245.0, 1705.0], [245.0, 1715.0], [232.0, 1715.0]], [[446.0, 1689.0], [729.0, 1669.0], [733.0, 1723.0], [449.0, 1742.0]], [[139.0, 1641.0], [202.0, 1641.0], [202.0, 1700.0], [139.0, 1700.0]], [[422.0, 1608.0], [924.0, 1575.0], [929.0, 1656.0], [427.0, 1689.0]], [[672.0, 1583.0], [723.0, 1593.0], [717.0, 1627.0], [666.0, 1618.0]], [[329.0, 1562.0], [396.0, 1562.0], [396.0, 1615.0], [329.0, 1615.0]], [[442.0, 1550.0], [628.0, 1537.0], [632.0, 1590.0], [445.0, 1603.0]], [[624.0, 1532.0], [666.0, 1532.0], [666.0, 1570.0], [624.0, 1570.0]], [[79.0, 1518.0], [353.0, 1496.0], [358.0, 1554.0], [83.0, 1576.0]], [[550.0, 1504.0], [605.0, 1504.0], [605.0, 1547.0], [550.0, 1547.0]], [[116.0, 1455.0], [137.0, 1455.0], [137.0, 1478.0], [116.0, 1478.0]], [[97.0, 1385.0], [141.0, 1385.0], [141.0, 1438.0], [97.0, 1438.0]], [[342.0, 1380.0], [382.0, 1380.0], [382.0, 1423.0], [342.0, 1423.0]], [[207.0, 1376.0], [249.0, 1376.0], [249.0, 1417.0], [207.0, 1417.0]], [[502.0, 1363.0], [557.0, 1363.0], [557.0, 1410.0], [502.0, 1410.0]], [[447.0, 1365.0], [498.0, 1365.0], [498.0, 1406.0], [447.0, 1406.0]], [[276.0, 1335.0], [287.0, 1397.0], [312.0, 1372.0], [287.0, 1397.0]], [[613.0, 1347.0], [890.0, 1330.0], [893.0, 1384.0], [616.0, 1400.0]], [[502.0, 1335.0], [523.0, 1335.0], [523.0, 1359.0], [502.0, 1359.0]], [[314.0, 1301.0], [342.0, 1301.0], [342.0, 1335.0], [314.0, 1335.0]], [[150.0, 1297.0], [179.0, 1297.0], [179.0, 1331.0], [150.0, 1331.0]], [[617.0, 1281.0], [1070.0, 1262.0], [1072.0, 1314.0], [619.0, 1332.0]], [[201.0, 1235.0], [252.0, 1251.0], [237.0, 1303.0], [186.0, 1287.0]], [[55.0, 1203.0], [127.0, 1203.0], [127.0, 1274.0], [55.0, 1274.0]], [[394.0, 1165.0], [487.0, 1165.0], [487.0, 1214.0], [394.0, 1214.0]], [[629.0, 1200.0], [1391.0, 1146.0], [1395.0, 1210.0], [634.0, 1264.0]], [[621.0, 1149.0], [1218.0, 1104.0], [1222.0, 1155.0], [625.0, 1200.0]], [[104.0, 1136.0], [547.0, 1091.0], [552.0, 1142.0], [109.0, 1188.0]], [[28.0, 1072.0], [281.0, 1050.0], [286.0, 1110.0], [33.0, 1132.0]], [[133.0, 919.0], [337.0, 919.0], [337.0, 1026.0], [133.0, 1026.0]], [[381.0, 942.0], [881.0, 912.0], [885.0, 970.0], [384.0, 999.0]], [[119.0, 865.0], [1140.0, 788.0], [1144.0, 846.0], [123.0, 923.0]], [[267.0, 758.0], [488.0, 753.0], [490.0, 815.0], [269.0, 820.0]], [[103.0, 679.0], [290.0, 674.0], [292.0, 742.0], [105.0, 747.0]], [[470.0, 638.0], [510.0, 638.0], [510.0, 681.0], [470.0, 681.0]], [[234.0, 589.0], [337.0, 589.0], [337.0, 655.0], [234.0, 655.0]], [[585.0, 594.0], [842.0, 572.0], [847.0, 632.0], [590.0, 654.0]], [[331.0, 587.0], [365.0, 587.0], [365.0, 617.0], [331.0, 617.0]], [[357.0, 573.0], [582.0, 560.0], [585.0, 622.0], [361.0, 635.0]], [[99.0, 489.0], [689.0, 482.0], [690.0, 554.0], [100.0, 561.0]], [[302.0, 416.0], [354.0, 416.0], [354.0, 450.0], [302.0, 450.0]], [[211.0, 313.0], [289.0, 329.0], [279.0, 382.0], [200.0, 366.0]], [[114.0, 326.0], [152.0, 326.0], [152.0, 369.0], [114.0, 369.0]], [[432.0, 290.0], [460.0, 290.0], [460.0, 320.0], [432.0, 320.0]], [[557.0, 284.0], [590.0, 284.0], [590.0, 326.0], [557.0, 326.0]], [[67.0, 282.0], [95.0, 282.0], [95.0, 318.0], [67.0, 318.0]], [[474.0, 271.0], [552.0, 271.0], [552.0, 320.0], [474.0, 320.0]], [[260.0, 263.0], [306.0, 257.0], [314.0, 309.0], [267.0, 316.0]], [[150.0, 213.0], [186.0, 213.0], [186.0, 262.0], [150.0, 262.0]], [[31.0, 65.0], [616.0, 38.0], [619.0, 101.0], [34.0, 129.0]]]
1704_959x785_bing_online.jpg	[[[602.0, 763.0], [622.0, 763.0], [622.0, 781.0], [602.0, 781.0]], [[211.0, 751.0], [269.0, 751.0], [269.0, 772.0], [211.0, 772.0]], [[269.0, 743.0], [336.0, 743.0], [336.0, 760.0], [269.0, 760.0]], [[765.0, 740.0], [784.0, 740.0], [784.0, 758.0], [765.0, 758.0]], [[826.0, 737.0], [849.0, 737.0], [849.0, 759.0], [826.0, 759.0]], [[616.0, 738.0], [631.0, 738.0], [631.0, 752.0], [616.0, 752.0]], [[101.0, 731.0], [209.0, 734.0], [208.0, 766.0], [100.0, 762.0]], [[211.0, 726.0], [267.0, 726.0], [267.0, 748.0], [211.0, 748.0]], [[593.0, 720.0], [614.0, 715.0], [618.0, 734.0], [598.0, 739.0]], [[105.0, 697.0], [226.0, 697.0], [226.0, 720.0], [105.0, 720.0]], [[125.0, 673.0], [366.0, 673.0], [366.0, 693.0], [125.0, 693.0]], [[313.0, 648.0], [365.0, 645.0], [366.0, 666.0], [314.0, 669.0]], [[212.0, 647.0], [262.0, 647.0], [262.0, 668.0], [212.0, 668.0]], [[694.0, 643.0], [752.0, 643.0], [752.0, 663.0], [694.0, 663.0]], [[137.0, 642.0], [164.0, 642.0], [164.0, 668.0], [137.0, 668.0]], [[371.0, 637.0], [405.0, 637.0], [405.0, 656.0], [371.0, 656.0]], [[104.0, 632.0], [145.0, 634.0], [144.0, 658.0], [102.0, 655.0]], [[304.0, 623.0], [370.0, 623.0], [370.0, 644.0], [304.0, 644.0]], [[175.0, 616.0], [299.0, 621.0], [298.0, 646.0], [173.0, 640.0]], [[142.0, 620.0], [161.0, 620.0], [161.0, 639.0], [142.0, 639.0]], [[85.0, 592.0], [353.0, 592.0], [353.0, 614.0], [85.0, 614.0]], [[56.0, 539.0], [567.0, 538.0], [567.0, 558.0], [56.0, 559.0]], [[312.0, 518.0], [329.0, 518.0], [329.0, 536.0], [312.0, 536.0]], [[168.0, 517.0], [185.0, 517.0], [185.0, 536.0], [168.0, 536.0]], [[111.0, 506.0], [141.0, 506.0], [141.0, 527.0], [111.0, 527.0]], [[54.0, 481.0], [89.0, 481.0], [89.0, 505.0], [54.0, 505.0]], [[147.0, 456.0], [209.0, 460.0], [208.0, 485.0], [145.0, 481.0]], [[99.0, 457.0], [122.0, 457.0], [122.0, 481.0], [99.0, 481.0]], [[216.0, 448.0], [261.0, 448.0], [261.0, 470.0], [216.0, 470.0]], [[57.0, 445.0], [89.0, 445.0], [89.0, 470.0], [57.0, 470.0]], [[144.0, 431.0], [212.0, 435.0], [211.0, 460.0], [142.0, 456.0]], [[86.0, 429.0], [134.0, 429.0], [134.0, 459.0], [86.0, 459.0]], [[393.0, 415.0], [401.0, 415.0], [401.0, 424.0], [393.0, 424.0]], [[295.0, 393.0], [389.0, 399.0], [388.0, 423.0], [293.0, 418.0]], [[158.0, 393.0], [199.0, 393.0], [199.0, 421.0], [158.0, 421.0]], [[60.0, 393.0], [91.0, 393.0], [91.0, 431.0], [60.0, 431.0]], [[402.0, 388.0], [444.0, 388.0], [444.0, 409.0], [402.0, 409.0]], [[97.0, 390.0], [107.0, 394.0], [102.0, 404.0], [92.0, 399.0]], [[263.0, 387.0], [302.0, 387.0], [302.0, 410.0], [263.0, 410.0]], [[235.0, 388.0], [261.0, 388.0], [261.0, 408.0], [235.0, 408.0]], [[115.0, 388.0], [140.0, 388.0], [140.0, 408.0], [115.0, 408.0]], [[209.0, 397.0], [219.0, 388.0], [228.0, 396.0], [218.0, 406.0]], [[142.0, 386.0], [162.0, 381.0], [169.0, 407.0], [148.0, 412.0]], [[312.0, 370.0], [373.0, 373.0], [371.0, 399.0], [310.0, 395.0]], [[164.0, 370.0], [191.0, 370.0], [191.0, 398.0], [164.0, 398.0]], [[58.0, 364.0], [88.0, 361.0], [92.0, 398.0], [61.0, 400.0]], [[52.0, 331.0], [216.0, 330.0], [216.0, 361.0], [52.0, 362.0]], [[675.0, 326.0], [684.0, 326.0], [684.0, 336.0], [675.0, 336.0]], [[152.0, 305.0], [215.0, 309.0], [214.0, 333.0], [150.0, 329.0]], [[105.0, 306.0], [127.0, 306.0], [127.0, 330.0], [105.0, 330.0]], [[218.0, 297.0], [268.0, 297.0], [268.0, 319.0], [218.0, 319.0]], [[57.0, 293.0], [86.0, 293.0], [86.0, 318.0], [57.0, 318.0]], [[149.0, 280.0], [220.0, 284.0], [219.0, 308.0], [147.0, 305.0]], [[92.0, 279.0], [139.0, 279.0], [139.0, 306.0], [92.0, 306.0]], [[276.0, 258.0], [316.0, 258.0], [316.0, 280.0], [276.0, 280.0]], [[775.0, 257.0], [794.0, 257.0], [794.0, 275.0], [775.0, 275.0]], [[705.0, 258.0], [717.0, 258.0], [717.0, 272.0], [705.0, 272.0]], [[867.0, 259.0], [893.0, 252.0], [898.0, 272.0], [873.0, 279.0]], [[159.0, 255.0], [184.0, 255.0], [184.0, 279.0], [159.0, 279.0]], [[816.0, 258.0], [833.0, 255.0], [836.0, 267.0], [819.0, 270.0]], [[56.0, 244.0], [141.0, 239.0], [142.0, 264.0], [57.0, 268.0]], [[372.0, 240.0], [549.0, 248.0], [548.0, 272.0], [371.0, 265.0]], [[207.0, 229.0], [382.0, 236.0], [381.0, 259.0], [206.0, 253.0]], [[143.0, 232.0], [206.0, 230.0], [206.0, 253.0], [143.0, 254.0]], [[817.0, 228.0], [841.0, 228.0], [841.0, 250.0], [817.0, 250.0]], [[766.0, 229.0], [791.0, 226.0], [794.0, 247.0], [769.0, 250.0]], [[54.0, 207.0], [78.0, 207.0], [78.0, 232.0], [54.0, 232.0]], [[672.0, 190.0], [685.0, 190.0], [685.0, 203.0], [672.0, 203.0]], [[190.0, 185.0], [231.0, 188.0], [230.0, 210.0], [188.0, 208.0]], [[57.0, 172.0], [143.0, 172.0], [143.0, 196.0], [57.0, 196.0]], [[749.0, 150.0], [805.0, 150.0], [805.0, 168.0], [749.0, 168.0]], [[130.0, 140.0], [170.0, 131.0], [177.0, 159.0], [137.0, 168.0]], [[86.0, 124.0], [126.0, 116.0], [132.0, 144.0], [91.0, 151.0]], [[122.0, 108.0], [181.0, 106.0], [182.0, 135.0], [124.0, 138.0]], [[181.0, 105.0], [256.0, 105.0], [256.0, 126.0], [181.0, 126.0]], [[55.0, 103.0], [95.0, 103.0], [95.0, 127.0], [55.0, 127.0]]]
1709_1584x2048_bing_online.jpg	[[[1106.0, 1952.0], [1550.0, 1952.0], [1550.0, 2010.0], [1106.0, 2010.0]], [[1186.0, 1856.0], [1362.0, 1856.0], [1362.0, 1956.0], [1186.0, 1956.0]], [[510.0, 1818.0], [674.0, 1818.0], [674.0, 1899.0], [510.0, 1899.0]], [[1153.0, 1775.0], [1568.0, 1768.0], [1569.0, 1851.0], [1155.0, 1859.0]], [[1184.0, 1666.0], [1468.0, 1666.0], [1468.0, 1756.0], [1184.0, 1756.0]], [[189.0, 1643.0], [495.0, 1659.0], [489.0, 1777.0], [183.0, 1760.0]], [[1282.0, 1537.0], [1580.0, 1531.0], [1583.0, 1655.0], [1284.0, 1660.0]], [[497.0, 1534.0], [622.0, 1549.0], [613.0, 1622.0], [488.0, 1606.0]], [[163.0, 1512.0], [513.0, 1492.0], [519.0, 1598.0], [170.0, 1619.0]], [[118.0, 1399.0], [446.0, 1399.0], [446.0, 1491.0], [118.0, 1491.0]], [[163.0, 1270.0], [896.0, 1256.0], [898.0, 1365.0], [165.0, 1379.0]], [[105.0, 1152.0], [742.0, 1152.0], [742.0, 1246.0], [105.0, 1246.0]], [[1248.0, 1082.0], [1289.0, 1082.0], [1289.0, 1118.0], [1248.0, 1118.0]], [[124.0, 1020.0], [1239.0, 1006.0], [1240.0, 1122.0], [126.0, 1135.0]], [[1244.0, 1018.0], [1334.0, 1018.0], [1334.0, 1069.0], [1244.0, 1069.0]], [[116.0, 918.0], [610.0, 908.0], [612.0, 1006.0], [118.0, 1016.0]], [[105.0, 768.0], [1457.0, 761.0], [1457.0, 855.0], [106.0, 862.0]], [[92.0, 655.0], [1579.0, 637.0], [1580.0, 746.0], [93.0, 764.0]], [[102.0, 535.0], [1492.0, 544.0], [1491.0, 632.0], [101.0, 623.0]], [[45.0, 384.0], [1491.0, 382.0], [1492.0, 469.0], [45.0, 472.0]], [[56.0, 281.0], [1561.0, 295.0], [1560.0, 382.0], [56.0, 369.0]], [[147.0, 179.0], [1573.0, 184.0], [1573.0, 277.0], [146.0, 273.0]], [[41.0, 32.0], [1299.0, 23.0], [1300.0, 160.0], [42.0, 169.0]]]
170_720x1021_bing_online.jpg	[[[544.0, 980.0], [702.0, 980.0], [702.0, 1002.0], [544.0, 1002.0]], [[85.0, 412.0], [598.0, 390.0], [599.0, 429.0], [87.0, 451.0]], [[296.0, 358.0], [391.0, 352.0], [394.0, 396.0], [299.0, 402.0]], [[134.0, 355.0], [218.0, 349.0], [221.0, 394.0], [137.0, 400.0]], [[467.0, 356.0], [689.0, 347.0], [690.0, 384.0], [468.0, 392.0]], [[392.0, 324.0], [450.0, 321.0], [451.0, 348.0], [393.0, 351.0]], [[252.0, 311.0], [273.0, 311.0], [273.0, 328.0], [252.0, 328.0]], [[266.0, 296.0], [709.0, 278.0], [711.0, 317.0], [268.0, 335.0]], [[73.0, 297.0], [265.0, 273.0], [271.0, 317.0], [79.0, 342.0]], [[371.0, 254.0], [537.0, 245.0], [538.0, 271.0], [373.0, 279.0]], [[252.0, 220.0], [585.0, 212.0], [586.0, 249.0], [252.0, 257.0]], [[86.0, 170.0], [709.0, 149.0], [711.0, 185.0], [88.0, 207.0]], [[78.0, 102.0], [560.0, 90.0], [562.0, 149.0], [79.0, 161.0]], [[76.0, 74.0], [398.0, 55.0], [400.0, 91.0], [79.0, 110.0]], [[25.0, 34.0], [211.0, 25.0], [213.0, 70.0], [27.0, 78.0]]]
1756_1668x2157_bing_online.jpg	[[[50.0, 2089.0], [72.0, 2098.0], [61.0, 2124.0], [39.0, 2115.0]], [[703.0, 2080.0], [799.0, 2086.0], [795.0, 2140.0], [699.0, 2134.0]], [[215.0, 2085.0], [258.0, 2085.0], [258.0, 2123.0], [215.0, 2123.0]], [[451.0, 2085.0], [485.0, 2085.0], [485.0, 2117.0], [451.0, 2117.0]], [[267.0, 2083.0], [310.0, 2083.0], [310.0, 2121.0], [267.0, 2121.0]], [[154.0, 2085.0], [188.0, 2085.0], [188.0, 2117.0], [154.0, 2117.0]], [[88.0, 2083.0], [143.0, 2083.0], [143.0, 2121.0], [88.0, 2121.0]], [[564.0, 2076.0], [655.0, 2076.0], [655.0, 2128.0], [564.0, 2128.0]], [[508.0, 2083.0], [535.0, 2083.0], [535.0, 2117.0], [508.0, 2117.0]], [[335.0, 2083.0], [365.0, 2083.0], [365.0, 2117.0], [335.0, 2117.0]], [[394.0, 2078.0], [433.0, 2078.0], [433.0, 2119.0], [394.0, 2119.0]], [[43.0, 2036.0], [75.0, 2036.0], [75.0, 2065.0], [43.0, 2065.0]], [[712.0, 2024.0], [800.0, 2024.0], [800.0, 2076.0], [712.0, 2076.0]], [[218.0, 2029.0], [252.0, 2029.0], [252.0, 2060.0], [218.0, 2060.0]], [[340.0, 2029.0], [360.0, 2029.0], [360.0, 2051.0], [340.0, 2051.0]], [[156.0, 2027.0], [186.0, 2027.0], [186.0, 2056.0], [156.0, 2056.0]], [[91.0, 2024.0], [136.0, 2024.0], [136.0, 2060.0], [91.0, 2060.0]], [[270.0, 2022.0], [310.0, 2022.0], [310.0, 2060.0], [270.0, 2060.0]], [[449.0, 2020.0], [496.0, 2020.0], [496.0, 2058.0], [449.0, 2058.0]], [[388.0, 2020.0], [431.0, 2020.0], [431.0, 2058.0], [388.0, 2058.0]], [[503.0, 2018.0], [546.0, 2018.0], [546.0, 2056.0], [503.0, 2056.0]], [[571.0, 2011.0], [653.0, 2011.0], [653.0, 2065.0], [571.0, 2065.0]], [[17.0, 1973.0], [311.0, 1961.0], [313.0, 2010.0], [20.0, 2023.0]], [[697.0, 1965.0], [848.0, 1956.0], [851.0, 2006.0], [700.0, 2014.0]], [[34.0, 1908.0], [471.0, 1898.0], [472.0, 1945.0], [35.0, 1955.0]], [[34.0, 1849.0], [408.0, 1847.0], [408.0, 1887.0], [34.0, 1890.0]], [[39.0, 1773.0], [549.0, 1775.0], [548.0, 1829.0], [38.0, 1827.0]], [[32.0, 1719.0], [555.0, 1714.0], [555.0, 1761.0], [32.0, 1766.0]], [[14.0, 1665.0], [329.0, 1665.0], [329.0, 1710.0], [14.0, 1710.0]], [[61.0, 1546.0], [238.0, 1546.0], [238.0, 1586.0], [61.0, 1586.0]], [[57.0, 1485.0], [229.0, 1485.0], [229.0, 1532.0], [57.0, 1532.0]], [[34.0, 1427.0], [249.0, 1427.0], [249.0, 1467.0], [34.0, 1467.0]], [[1365.0, 1361.0], [1637.0, 1369.0], [1635.0, 1416.0], [1364.0, 1408.0]], [[1099.0, 1366.0], [1290.0, 1366.0], [1290.0, 1407.0], [1099.0, 1407.0]], [[1042.0, 1362.0], [1106.0, 1362.0], [1106.0, 1407.0], [1042.0, 1407.0]], [[73.0, 1355.0], [195.0, 1355.0], [195.0, 1416.0], [73.0, 1416.0]], [[1474.0, 1303.0], [1662.0, 1308.0], [1660.0, 1355.0], [1473.0, 1350.0]], [[1416.0, 1314.0], [1457.0, 1314.0], [1457.0, 1344.0], [1416.0, 1344.0]], [[1371.0, 1314.0], [1401.0, 1314.0], [1401.0, 1344.0], [1371.0, 1344.0]], [[1097.0, 1310.0], [1242.0, 1310.0], [1242.0, 1348.0], [1097.0, 1348.0]], [[1049.0, 1314.0], [1086.0, 1314.0], [1086.0, 1344.0], [1049.0, 1344.0]], [[70.0, 1287.0], [190.0, 1287.0], [190.0, 1357.0], [70.0, 1357.0]], [[1419.0, 1256.0], [1441.0, 1256.0], [1441.0, 1278.0], [1419.0, 1278.0]], [[1013.0, 1249.0], [1110.0, 1249.0], [1110.0, 1292.0], [1013.0, 1292.0]], [[1482.0, 1245.0], [1667.0, 1245.0], [1667.0, 1292.0], [1482.0, 1292.0]], [[1373.0, 1254.0], [1396.0, 1254.0], [1396.0, 1278.0], [1373.0, 1278.0]], [[25.0, 1243.0], [236.0, 1243.0], [236.0, 1290.0], [25.0, 1290.0]], [[1348.0, 1186.0], [1466.0, 1186.0], [1466.0, 1227.0], [1348.0, 1227.0]], [[66.0, 1182.0], [252.0, 1182.0], [252.0, 1229.0], [66.0, 1229.0]], [[1033.0, 1178.0], [1259.0, 1172.0], [1260.0, 1226.0], [1034.0, 1232.0]], [[1369.0, 1132.0], [1650.0, 1132.0], [1650.0, 1171.0], [1369.0, 1171.0]], [[1047.0, 1121.0], [1276.0, 1121.0], [1276.0, 1168.0], [1047.0, 1168.0]], [[63.0, 1119.0], [249.0, 1119.0], [249.0, 1173.0], [63.0, 1173.0]], [[1013.0, 1070.0], [1124.0, 1070.0], [1124.0, 1112.0], [1013.0, 1112.0]], [[1369.0, 1067.0], [1577.0, 1067.0], [1577.0, 1105.0], [1369.0, 1105.0]], [[25.0, 1063.0], [229.0, 1063.0], [229.0, 1110.0], [25.0, 1110.0]], [[1011.0, 1011.0], [1038.0, 1011.0], [1038.0, 1043.0], [1011.0, 1043.0]], [[34.0, 998.0], [567.0, 1000.0], [566.0, 1047.0], [34.0, 1045.0]], [[1038.0, 996.0], [1520.0, 986.0], [1521.0, 1040.0], [1039.0, 1050.0]], [[34.0, 944.0], [557.0, 937.0], [558.0, 984.0], [34.0, 991.0]], [[995.0, 930.0], [1527.0, 923.0], [1528.0, 979.0], [995.0, 987.0]], [[25.0, 890.0], [326.0, 885.0], [327.0, 923.0], [25.0, 928.0]], [[924.0, 820.0], [1396.0, 813.0], [1396.0, 865.0], [925.0, 872.0]], [[233.0, 748.0], [263.0, 748.0], [263.0, 780.0], [233.0, 780.0]], [[1013.0, 703.0], [1407.0, 703.0], [1407.0, 748.0], [1013.0, 748.0]], [[228.0, 687.0], [266.0, 700.0], [251.0, 746.0], [212.0, 734.0]], [[999.0, 640.0], [1598.0, 640.0], [1598.0, 685.0], [999.0, 685.0]], [[195.0, 627.0], [317.0, 627.0], [317.0, 685.0], [195.0, 685.0]], [[63.0, 600.0], [118.0, 600.0], [118.0, 638.0], [63.0, 638.0]], [[118.0, 595.0], [218.0, 595.0], [218.0, 636.0], [118.0, 636.0]], [[993.0, 584.0], [1271.0, 584.0], [1271.0, 629.0], [993.0, 629.0]], [[253.0, 563.0], [393.0, 569.0], [390.0, 625.0], [251.0, 619.0]], [[946.0, 517.0], [1224.0, 522.0], [1223.0, 571.0], [945.0, 566.0]], [[194.0, 507.0], [330.0, 498.0], [334.0, 556.0], [198.0, 565.0]], [[220.0, 476.0], [252.0, 476.0], [252.0, 508.0], [220.0, 508.0]], [[1013.0, 474.0], [1024.0, 474.0], [1024.0, 490.0], [1013.0, 490.0]], [[1031.0, 461.0], [1106.0, 461.0], [1106.0, 503.0], [1031.0, 503.0]], [[1285.0, 456.0], [1532.0, 456.0], [1532.0, 501.0], [1285.0, 501.0]], [[1233.0, 461.0], [1278.0, 461.0], [1278.0, 497.0], [1233.0, 497.0]], [[1108.0, 461.0], [1158.0, 461.0], [1158.0, 499.0], [1108.0, 499.0]], [[1174.0, 458.0], [1215.0, 458.0], [1215.0, 497.0], [1174.0, 497.0]], [[165.0, 404.0], [299.0, 404.0], [299.0, 454.0], [165.0, 454.0]], [[981.0, 387.0], [1520.0, 379.0], [1521.0, 433.0], [982.0, 441.0]], [[230.0, 349.0], [406.0, 341.0], [409.0, 390.0], [233.0, 398.0]], [[91.0, 346.0], [188.0, 346.0], [188.0, 386.0], [91.0, 386.0]], [[7.0, 344.0], [70.0, 344.0], [70.0, 389.0], [7.0, 389.0]], [[999.0, 281.0], [1402.0, 276.0], [1403.0, 330.0], [1000.0, 335.0]], [[168.0, 283.0], [378.0, 283.0], [378.0, 330.0], [168.0, 330.0]], [[938.0, 218.0], [1165.0, 218.0], [1165.0, 272.0], [938.0, 272.0]], [[163.0, 182.0], [274.0, 182.0], [274.0, 234.0], [163.0, 234.0]], [[1033.0, 153.0], [1527.0, 153.0], [1527.0, 207.0], [1033.0, 207.0]], [[190.0, 144.0], [233.0, 144.0], [233.0, 186.0], [190.0, 186.0]], [[990.0, 92.0], [1529.0, 87.0], [1530.0, 139.0], [991.0, 144.0]], [[154.0, 90.0], [270.0, 90.0], [270.0, 142.0], [154.0, 142.0]], [[33.0, 36.0], [227.0, 41.0], [226.0, 90.0], [31.0, 85.0]], [[924.0, 36.0], [1216.0, 31.0], [1217.0, 78.0], [925.0, 83.0]]]
1790_2256x3212_bing_online.jpg	[[[314.0, 3111.0], [632.0, 3123.0], [629.0, 3206.0], [311.0, 3194.0]], [[1832.0, 3079.0], [2207.0, 3067.0], [2210.0, 3151.0], [1835.0, 3163.0]], [[311.0, 3076.0], [636.0, 3064.0], [639.0, 3134.0], [314.0, 3146.0]], [[321.0, 3029.0], [623.0, 3017.0], [625.0, 3084.0], [324.0, 3096.0]], [[304.0, 2969.0], [615.0, 2953.0], [619.0, 3020.0], [308.0, 3036.0]], [[298.0, 2885.0], [622.0, 2870.0], [625.0, 2940.0], [301.0, 2955.0]], [[1376.0, 2851.0], [1791.0, 2840.0], [1793.0, 2910.0], [1378.0, 2922.0]], [[297.0, 2799.0], [577.0, 2782.0], [582.0, 2879.0], [303.0, 2896.0]], [[535.0, 2775.0], [768.0, 2758.0], [774.0, 2842.0], [541.0, 2859.0]], [[1375.0, 2771.0], [2025.0, 2742.0], [2029.0, 2823.0], [1379.0, 2852.0]], [[303.0, 2749.0], [552.0, 2728.0], [559.0, 2812.0], [310.0, 2833.0]], [[1369.0, 2711.0], [1942.0, 2693.0], [1945.0, 2763.0], [1371.0, 2781.0]], [[143.0, 2685.0], [951.0, 2642.0], [955.0, 2722.0], [147.0, 2765.0]], [[1365.0, 2637.0], [2123.0, 2612.0], [2126.0, 2693.0], [1368.0, 2718.0]], [[93.0, 2591.0], [416.0, 2575.0], [421.0, 2669.0], [97.0, 2685.0]], [[1350.0, 2556.0], [1564.0, 2556.0], [1564.0, 2643.0], [1350.0, 2643.0]], [[254.0, 2504.0], [948.0, 2475.0], [951.0, 2559.0], [258.0, 2587.0]], [[1603.0, 2447.0], [1860.0, 2434.0], [1865.0, 2531.0], [1608.0, 2544.0]], [[1338.0, 2418.0], [1550.0, 2404.0], [1556.0, 2504.0], [1344.0, 2518.0]], [[1877.0, 2396.0], [2098.0, 2396.0], [2098.0, 2496.0], [1877.0, 2496.0]], [[254.0, 2427.0], [1190.0, 2385.0], [1193.0, 2455.0], [257.0, 2497.0]], [[1642.0, 2362.0], [1759.0, 2362.0], [1759.0, 2446.0], [1642.0, 2446.0]], [[254.0, 2346.0], [1106.0, 2314.0], [1109.0, 2395.0], [257.0, 2427.0]], [[1291.0, 2303.0], [1821.0, 2284.0], [1824.0, 2375.0], [1295.0, 2393.0]], [[154.0, 2276.0], [935.0, 2248.0], [937.0, 2318.0], [156.0, 2346.0]], [[1727.0, 2203.0], [2048.0, 2187.0], [2053.0, 2280.0], [1732.0, 2297.0]], [[254.0, 2186.0], [703.0, 2167.0], [706.0, 2237.0], [257.0, 2256.0]], [[2028.0, 2161.0], [2149.0, 2161.0], [2149.0, 2258.0], [2028.0, 2258.0]], [[1502.0, 2156.0], [1731.0, 2174.0], [1724.0, 2264.0], [1495.0, 2247.0]], [[1739.0, 2128.0], [1930.0, 2128.0], [1930.0, 2218.0], [1739.0, 2218.0]], [[1675.0, 2111.0], [1756.0, 2111.0], [1756.0, 2181.0], [1675.0, 2181.0]], [[262.0, 2091.0], [715.0, 2091.0], [715.0, 2181.0], [262.0, 2181.0]], [[1332.0, 2063.0], [1686.0, 2079.0], [1683.0, 2159.0], [1328.0, 2144.0]], [[1762.0, 2062.0], [2086.0, 2050.0], [2089.0, 2134.0], [1765.0, 2146.0]], [[1692.0, 2058.0], [1756.0, 2058.0], [1756.0, 2118.0], [1692.0, 2118.0]], [[151.0, 2014.0], [483.0, 2014.0], [483.0, 2098.0], [151.0, 2098.0]], [[1798.0, 1975.0], [1901.0, 1990.0], [1891.0, 2054.0], [1789.0, 2038.0]], [[1329.0, 1961.0], [1802.0, 1954.0], [1803.0, 2024.0], [1330.0, 2031.0]], [[2024.0, 1947.0], [2132.0, 1947.0], [2132.0, 2038.0], [2024.0, 2038.0]], [[1813.0, 1931.0], [1897.0, 1931.0], [1897.0, 1987.0], [1813.0, 1987.0]], [[228.0, 1914.0], [1093.0, 1893.0], [1095.0, 1977.0], [230.0, 1998.0]], [[1333.0, 1890.0], [1595.0, 1890.0], [1595.0, 1961.0], [1333.0, 1961.0]], [[1608.0, 1834.0], [1742.0, 1834.0], [1742.0, 1897.0], [1608.0, 1897.0]], [[224.0, 1851.0], [1022.0, 1819.0], [1025.0, 1886.0], [227.0, 1918.0]], [[1866.0, 1798.0], [2143.0, 1786.0], [2146.0, 1856.0], [1869.0, 1868.0]], [[1796.0, 1793.0], [1883.0, 1793.0], [1883.0, 1844.0], [1796.0, 1844.0]], [[1480.0, 1783.0], [1622.0, 1783.0], [1622.0, 1880.0], [1480.0, 1880.0]], [[1604.0, 1781.0], [1753.0, 1772.0], [1757.0, 1832.0], [1607.0, 1841.0]], [[342.0, 1757.0], [771.0, 1749.0], [773.0, 1830.0], [343.0, 1837.0]], [[1322.0, 1727.0], [2009.0, 1702.0], [2012.0, 1773.0], [1324.0, 1798.0]], [[288.0, 1674.0], [948.0, 1652.0], [951.0, 1732.0], [291.0, 1754.0]], [[1610.0, 1644.0], [1888.0, 1632.0], [1891.0, 1712.0], [1614.0, 1724.0]], [[1314.0, 1631.0], [1583.0, 1611.0], [1590.0, 1695.0], [1320.0, 1715.0]], [[2199.0, 1623.0], [2246.0, 1623.0], [2246.0, 1673.0], [2199.0, 1673.0]], [[288.0, 1607.0], [813.0, 1582.0], [817.0, 1652.0], [291.0, 1677.0]], [[1607.0, 1584.0], [2255.0, 1555.0], [2255.0, 1645.0], [1611.0, 1674.0]], [[143.0, 1537.0], [706.0, 1511.0], [709.0, 1585.0], [147.0, 1610.0]], [[1275.0, 1533.0], [1982.0, 1508.0], [1985.0, 1588.0], [1278.0, 1614.0]], [[117.0, 1435.0], [339.0, 1435.0], [339.0, 1522.0], [117.0, 1522.0]], [[1395.0, 1403.0], [1913.0, 1441.0], [1905.0, 1545.0], [1388.0, 1507.0]], [[1950.0, 1399.0], [2112.0, 1399.0], [2112.0, 1459.0], [1950.0, 1459.0]], [[1670.0, 1381.0], [1859.0, 1367.0], [1865.0, 1447.0], [1676.0, 1462.0]], [[1416.0, 1323.0], [1639.0, 1314.0], [1643.0, 1414.0], [1420.0, 1423.0]], [[126.0, 1326.0], [853.0, 1290.0], [858.0, 1384.0], [131.0, 1420.0]], [[1293.0, 1238.0], [1645.0, 1238.0], [1645.0, 1332.0], [1293.0, 1332.0]], [[57.0, 1238.0], [393.0, 1238.0], [393.0, 1322.0], [57.0, 1322.0]], [[1396.0, 1158.0], [1913.0, 1147.0], [1914.0, 1217.0], [1398.0, 1228.0]], [[107.0, 1142.0], [753.0, 1120.0], [756.0, 1204.0], [109.0, 1225.0]], [[369.0, 1101.0], [403.0, 1101.0], [403.0, 1131.0], [369.0, 1131.0]], [[1627.0, 1091.0], [1979.0, 1080.0], [1981.0, 1150.0], [1630.0, 1162.0]], [[497.0, 1106.0], [569.0, 1068.0], [591.0, 1109.0], [519.0, 1147.0]], [[1385.0, 1062.0], [1622.0, 1049.0], [1626.0, 1136.0], [1390.0, 1149.0]], [[112.0, 1053.0], [438.0, 1021.0], [446.0, 1105.0], [120.0, 1137.0]], [[514.0, 1031.0], [581.0, 1031.0], [581.0, 1094.0], [514.0, 1094.0]], [[1640.0, 1025.0], [1864.0, 1013.0], [1868.0, 1086.0], [1645.0, 1099.0]], [[1692.0, 990.0], [1739.0, 990.0], [1739.0, 1031.0], [1692.0, 1031.0]], [[76.0, 959.0], [224.0, 949.0], [230.0, 1042.0], [82.0, 1052.0]], [[1848.0, 916.0], [2099.0, 924.0], [2097.0, 994.0], [1846.0, 986.0]], [[598.0, 920.0], [688.0, 920.0], [688.0, 994.0], [598.0, 994.0]], [[467.0, 887.0], [554.0, 887.0], [554.0, 957.0], [467.0, 957.0]], [[1846.0, 870.0], [2105.0, 870.0], [2105.0, 940.0], [1846.0, 940.0]], [[128.0, 876.0], [401.0, 854.0], [409.0, 961.0], [137.0, 983.0]], [[558.0, 838.0], [777.0, 851.0], [772.0, 938.0], [552.0, 925.0]], [[1242.0, 803.0], [1585.0, 803.0], [1585.0, 910.0], [1242.0, 910.0]], [[132.0, 798.0], [559.0, 767.0], [566.0, 861.0], [139.0, 892.0]], [[1540.0, 707.0], [1983.0, 695.0], [1985.0, 772.0], [1542.0, 784.0]], [[1272.0, 640.0], [1989.0, 622.0], [1991.0, 702.0], [1274.0, 720.0]], [[146.0, 622.0], [417.0, 630.0], [415.0, 713.0], [144.0, 705.0]], [[1234.0, 554.0], [1527.0, 537.0], [1532.0, 631.0], [1239.0, 647.0]], [[371.0, 557.0], [859.0, 527.0], [864.0, 607.0], [376.0, 637.0]], [[381.0, 480.0], [845.0, 450.0], [851.0, 540.0], [387.0, 570.0]], [[1323.0, 435.0], [2162.0, 435.0], [2162.0, 525.0], [1323.0, 525.0]], [[119.0, 420.0], [804.0, 366.0], [811.0, 450.0], [126.0, 504.0]], [[1343.0, 338.0], [1870.0, 338.0], [1870.0, 405.0], [1343.0, 405.0]], [[92.0, 340.0], [244.0, 330.0], [250.0, 420.0], [98.0, 430.0]], [[1334.0, 244.0], [2142.0, 255.0], [2141.0, 338.0], [1332.0, 328.0]], [[56.0, 245.0], [331.0, 237.0], [333.0, 320.0], [59.0, 329.0]], [[1228.0, 181.0], [2201.0, 167.0], [2203.0, 247.0], [1230.0, 261.0]], [[8.0, 133.0], [528.0, 144.0], [526.0, 225.0], [6.0, 214.0]], [[1900.0, 50.0], [2041.0, 50.0], [2041.0, 161.0], [1900.0, 161.0]], [[747.0, 5.0], [981.0, 0.0], [985.0, 106.0], [752.0, 115.0]]]
1819_1080x1129_bing_online.jpg	[[[894.0, 1096.0], [1067.0, 1096.0], [1067.0, 1121.0], [894.0, 1121.0]], [[165.0, 1057.0], [708.0, 1057.0], [708.0, 1122.0], [165.0, 1122.0]], [[102.0, 1008.0], [809.0, 1004.0], [809.0, 1052.0], [103.0, 1056.0]], [[101.0, 943.0], [844.0, 949.0], [844.0, 993.0], [101.0, 987.0]], [[571.0, 904.0], [624.0, 904.0], [624.0, 937.0], [571.0, 937.0]], [[435.0, 886.0], [493.0, 886.0], [493.0, 937.0], [435.0, 937.0]], [[104.0, 883.0], [386.0, 883.0], [386.0, 928.0], [104.0, 928.0]], [[678.0, 881.0], [793.0, 881.0], [793.0, 924.0], [678.0, 924.0]], [[523.0, 875.0], [567.0, 875.0], [567.0, 931.0], [523.0, 931.0]], [[411.0, 869.0], [453.0, 871.0], [450.0, 941.0], [408.0, 939.0]], [[443.0, 870.0], [499.0, 870.0], [499.0, 896.0], [443.0, 896.0]], [[95.0, 822.0], [454.0, 822.0], [454.0, 866.0], [95.0, 866.0]], [[98.0, 760.0], [905.0, 761.0], [905.0, 806.0], [98.0, 804.0]], [[521.0, 691.0], [587.0, 722.0], [568.0, 765.0], [501.0, 734.0]], [[17.0, 702.0], [479.0, 702.0], [479.0, 739.0], [17.0, 739.0]], [[581.0, 686.0], [681.0, 686.0], [681.0, 739.0], [581.0, 739.0]], [[492.0, 689.0], [523.0, 689.0], [523.0, 714.0], [492.0, 714.0]], [[540.0, 688.0], [564.0, 688.0], [564.0, 709.0], [540.0, 709.0]], [[714.0, 585.0], [828.0, 588.0], [827.0, 622.0], [713.0, 620.0]], [[93.0, 557.0], [729.0, 573.0], [727.0, 633.0], [91.0, 617.0]], [[628.0, 570.0], [703.0, 564.0], [706.0, 594.0], [630.0, 601.0]], [[574.0, 525.0], [596.0, 525.0], [596.0, 553.0], [574.0, 553.0]], [[675.0, 508.0], [759.0, 508.0], [759.0, 552.0], [675.0, 552.0]], [[99.0, 452.0], [853.0, 447.0], [853.0, 494.0], [99.0, 499.0]], [[806.0, 395.0], [910.0, 398.0], [909.0, 440.0], [805.0, 437.0]], [[101.0, 388.0], [767.0, 388.0], [767.0, 432.0], [101.0, 432.0]], [[25.0, 320.0], [773.0, 315.0], [773.0, 368.0], [26.0, 373.0]], [[35.0, 199.0], [336.0, 199.0], [336.0, 242.0], [35.0, 242.0]], [[342.0, 185.0], [412.0, 185.0], [412.0, 245.0], [342.0, 245.0]], [[406.0, 134.0], [464.0, 134.0], [464.0, 185.0], [406.0, 185.0]], [[333.0, 141.0], [353.0, 141.0], [353.0, 171.0], [333.0, 171.0]], [[378.0, 98.0], [402.0, 145.0], [414.0, 133.0], [366.0, 110.0]], [[468.0, 81.0], [563.0, 84.0], [561.0, 137.0], [466.0, 134.0]], [[420.0, 93.0], [436.0, 93.0], [436.0, 118.0], [420.0, 118.0]], [[143.0, 72.0], [309.0, 69.0], [310.0, 120.0], [144.0, 123.0]], [[318.0, 69.0], [365.0, 69.0], [365.0, 102.0], [318.0, 102.0]], [[420.0, 71.0], [435.0, 71.0], [435.0, 86.0], [420.0, 86.0]], [[22.0, 11.0], [544.0, 6.0], [545.0, 54.0], [22.0, 59.0]]]
1936_1079x1524_bing_online.jpg	[[[768.0, 1456.0], [1057.0, 1456.0], [1057.0, 1499.0], [768.0, 1499.0]], [[960.0, 1418.0], [1028.0, 1418.0], [1028.0, 1446.0], [960.0, 1446.0]], [[475.0, 884.0], [551.0, 884.0], [551.0, 943.0], [475.0, 943.0]], [[324.0, 884.0], [416.0, 884.0], [416.0, 940.0], [324.0, 940.0]], [[187.0, 882.0], [263.0, 887.0], [259.0, 941.0], [183.0, 936.0]], [[144.0, 838.0], [524.0, 833.0], [525.0, 894.0], [145.0, 899.0]], [[146.0, 756.0], [827.0, 759.0], [827.0, 813.0], [146.0, 810.0]], [[67.0, 708.0], [194.0, 708.0], [194.0, 775.0], [67.0, 775.0]], [[387.0, 633.0], [485.0, 633.0], [485.0, 695.0], [387.0, 695.0]], [[178.0, 625.0], [330.0, 631.0], [327.0, 691.0], [176.0, 685.0]], [[559.0, 621.0], [657.0, 621.0], [657.0, 691.0], [559.0, 691.0]], [[392.0, 592.0], [469.0, 592.0], [469.0, 641.0], [392.0, 641.0]], [[184.0, 583.0], [315.0, 593.0], [310.0, 646.0], [180.0, 635.0]], [[182.0, 547.0], [312.0, 551.0], [310.0, 597.0], [181.0, 593.0]], [[577.0, 539.0], [709.0, 545.0], [706.0, 604.0], [574.0, 598.0]], [[376.0, 508.0], [548.0, 508.0], [548.0, 576.0], [376.0, 576.0]], [[180.0, 506.0], [347.0, 506.0], [347.0, 557.0], [180.0, 557.0]], [[379.0, 467.0], [488.0, 467.0], [488.0, 514.0], [379.0, 514.0]], [[175.0, 464.0], [316.0, 464.0], [316.0, 514.0], [175.0, 514.0]], [[379.0, 425.0], [495.0, 425.0], [495.0, 471.0], [379.0, 471.0]], [[171.0, 419.0], [317.0, 415.0], [318.0, 474.0], [173.0, 478.0]], [[568.0, 380.0], [670.0, 376.0], [672.0, 425.0], [570.0, 429.0]], [[173.0, 377.0], [307.0, 373.0], [309.0, 430.0], [175.0, 434.0]], [[358.0, 333.0], [493.0, 333.0], [493.0, 384.0], [358.0, 384.0]], [[555.0, 331.0], [697.0, 327.0], [699.0, 384.0], [557.0, 388.0]], [[171.0, 328.0], [271.0, 323.0], [274.0, 387.0], [174.0, 391.0]], [[706.0, 259.0], [986.0, 259.0], [986.0, 297.0], [706.0, 297.0]], [[991.0, 259.0], [1045.0, 259.0], [1045.0, 297.0], [991.0, 297.0]], [[231.0, 252.0], [366.0, 252.0], [366.0, 297.0], [231.0, 297.0]], [[68.0, 253.0], [182.0, 247.0], [186.0, 302.0], [71.0, 309.0]], [[453.0, 249.0], [586.0, 249.0], [586.0, 295.0], [453.0, 295.0]], [[706.0, 214.0], [973.0, 214.0], [973.0, 252.0], [706.0, 252.0]], [[984.0, 213.0], [1040.0, 213.0], [1040.0, 252.0], [984.0, 252.0]], [[65.0, 210.0], [183.0, 204.0], [185.0, 258.0], [68.0, 264.0]], [[231.0, 205.0], [602.0, 201.0], [602.0, 255.0], [232.0, 259.0]], [[384.0, 173.0], [580.0, 173.0], [580.0, 217.0], [384.0, 217.0]], [[233.0, 173.0], [318.0, 173.0], [318.0, 216.0], [233.0, 216.0]], [[309.0, 177.0], [364.0, 170.0], [369.0, 210.0], [314.0, 217.0]], [[703.0, 167.0], [1044.0, 167.0], [1044.0, 216.0], [703.0, 216.0]], [[67.0, 167.0], [194.0, 161.0], [197.0, 214.0], [69.0, 220.0]], [[533.0, 130.0], [589.0, 130.0], [589.0, 170.0], [533.0, 170.0]], [[64.0, 116.0], [178.0, 116.0], [178.0, 178.0], [64.0, 178.0]], [[502.0, 73.0], [708.0, 76.0], [707.0, 134.0], [501.0, 130.0]]]
2083_1280x1007_bing_online.png	[[[258.0, 661.0], [1080.0, 592.0], [1090.0, 714.0], [269.0, 783.0]], [[237.0, 558.0], [692.0, 517.0], [700.0, 600.0], [245.0, 641.0]], [[211.0, 440.0], [686.0, 407.0], [693.0, 503.0], [218.0, 536.0]], [[169.0, 330.0], [587.0, 314.0], [591.0, 402.0], [173.0, 418.0]], [[106.0, 193.0], [1197.0, 140.0], [1203.0, 269.0], [113.0, 323.0]]]
2111_2181x3083_bing_online.jpg	[[[806.0, 2922.0], [1269.0, 2929.0], [1268.0, 3016.0], [804.0, 3009.0]], [[811.0, 2839.0], [1226.0, 2832.0], [1227.0, 2919.0], [812.0, 2926.0]], [[814.0, 2756.0], [1177.0, 2748.0], [1179.0, 2838.0], [816.0, 2846.0]], [[795.0, 2578.0], [1267.0, 2599.0], [1263.0, 2689.0], [791.0, 2667.0]], [[570.0, 2542.0], [722.0, 2551.0], [715.0, 2654.0], [563.0, 2645.0]], [[803.0, 2487.0], [1258.0, 2516.0], [1251.0, 2616.0], [796.0, 2587.0]], [[792.0, 2412.0], [1542.0, 2412.0], [1542.0, 2489.0], [792.0, 2489.0]], [[1639.0, 2405.0], [1941.0, 2405.0], [1941.0, 2495.0], [1639.0, 2495.0]], [[782.0, 2319.0], [1297.0, 2312.0], [1299.0, 2399.0], [783.0, 2406.0]], [[977.0, 2213.0], [1655.0, 2213.0], [1655.0, 2267.0], [977.0, 2267.0]], [[1272.0, 2042.0], [1379.0, 2042.0], [1379.0, 2113.0], [1272.0, 2113.0]], [[831.0, 2007.0], [931.0, 2007.0], [931.0, 2068.0], [831.0, 2068.0]], [[1704.0, 2007.0], [1772.0, 2007.0], [1772.0, 2062.0], [1704.0, 2062.0]], [[841.0, 1969.0], [925.0, 1969.0], [925.0, 2020.0], [841.0, 2020.0]], [[1697.0, 1965.0], [1782.0, 1965.0], [1782.0, 2017.0], [1697.0, 2017.0]], [[1438.0, 1930.0], [1590.0, 1930.0], [1590.0, 1988.0], [1438.0, 1988.0]], [[938.0, 1930.0], [1097.0, 1930.0], [1097.0, 1988.0], [938.0, 1988.0]], [[1680.0, 1819.0], [1788.0, 1810.0], [1793.0, 1875.0], [1685.0, 1883.0]], [[860.0, 1818.0], [938.0, 1818.0], [938.0, 1879.0], [860.0, 1879.0]], [[1692.0, 1765.0], [1790.0, 1775.0], [1784.0, 1835.0], [1686.0, 1826.0]], [[844.0, 1763.0], [948.0, 1763.0], [948.0, 1827.0], [844.0, 1827.0]], [[1486.0, 1728.0], [1662.0, 1728.0], [1662.0, 1782.0], [1486.0, 1782.0]], [[1003.0, 1725.0], [1168.0, 1725.0], [1168.0, 1782.0], [1003.0, 1782.0]], [[847.0, 1692.0], [948.0, 1692.0], [948.0, 1753.0], [847.0, 1753.0]], [[1684.0, 1686.0], [1785.0, 1686.0], [1785.0, 1747.0], [1684.0, 1747.0]], [[597.0, 1577.0], [1019.0, 1577.0], [1019.0, 1641.0], [597.0, 1641.0]], [[597.0, 1493.0], [2028.0, 1493.0], [2028.0, 1558.0], [597.0, 1558.0]], [[617.0, 1397.0], [2035.0, 1400.0], [2035.0, 1477.0], [617.0, 1474.0]], [[623.0, 1317.0], [1824.0, 1310.0], [1824.0, 1384.0], [623.0, 1391.0]], [[935.0, 1143.0], [1798.0, 1137.0], [1798.0, 1195.0], [935.0, 1201.0]], [[902.0, 1015.0], [1081.0, 1015.0], [1081.0, 1085.0], [902.0, 1085.0]], [[1211.0, 829.0], [1340.0, 829.0], [1340.0, 902.0], [1211.0, 902.0]], [[1486.0, 829.0], [1564.0, 829.0], [1564.0, 899.0], [1486.0, 899.0]], [[1006.0, 819.0], [1129.0, 819.0], [1129.0, 893.0], [1006.0, 893.0]], [[802.0, 825.0], [880.0, 825.0], [880.0, 886.0], [802.0, 886.0]], [[1830.0, 819.0], [1947.0, 819.0], [1947.0, 880.0], [1830.0, 880.0]], [[1590.0, 812.0], [1714.0, 812.0], [1714.0, 886.0], [1590.0, 886.0]], [[1837.0, 764.0], [1941.0, 764.0], [1941.0, 825.0], [1837.0, 825.0]], [[1016.0, 764.0], [1116.0, 764.0], [1116.0, 832.0], [1016.0, 832.0]], [[789.0, 764.0], [896.0, 764.0], [896.0, 829.0], [789.0, 829.0]], [[1598.0, 756.0], [1696.0, 766.0], [1689.0, 830.0], [1592.0, 821.0]], [[1301.0, 672.0], [1520.0, 664.0], [1523.0, 731.0], [1303.0, 739.0]], [[1587.0, 587.0], [1731.0, 595.0], [1726.0, 672.0], [1582.0, 663.0]], [[1785.0, 581.0], [1970.0, 581.0], [1970.0, 639.0], [1785.0, 639.0]], [[904.0, 566.0], [1083.0, 583.0], [1076.0, 657.0], [897.0, 641.0]], [[585.0, 472.0], [1581.0, 479.0], [1580.0, 556.0], [584.0, 549.0]], [[613.0, 389.0], [2074.0, 382.0], [2074.0, 459.0], [614.0, 466.0]], [[545.0, 302.0], [954.0, 302.0], [954.0, 379.0], [545.0, 379.0]], [[1678.0, 161.0], [1792.0, 161.0], [1792.0, 222.0], [1678.0, 222.0]], [[120.0, 164.0], [227.0, 164.0], [227.0, 218.0], [120.0, 218.0]], [[990.0, 29.0], [1013.0, 29.0], [1013.0, 51.0], [990.0, 51.0]], [[2084.0, 19.0], [2132.0, 19.0], [2132.0, 61.0], [2084.0, 61.0]], [[1538.0, 22.0], [1571.0, 22.0], [1571.0, 55.0], [1538.0, 55.0]], [[1256.0, 19.0], [1298.0, 19.0], [1298.0, 61.0], [1256.0, 61.0]], [[1116.0, 39.0], [1136.0, 19.0], [1155.0, 39.0], [1136.0, 58.0]], [[844.0, 22.0], [873.0, 22.0], [873.0, 55.0], [844.0, 55.0]], [[708.0, 22.0], [733.0, 22.0], [733.0, 55.0], [708.0, 55.0]], [[282.0, 16.0], [490.0, 16.0], [490.0, 61.0], [282.0, 61.0]], [[17.0, 9.0], [237.0, 17.0], [236.0, 62.0], [16.0, 54.0]], [[1951.0, 16.0], [1993.0, 16.0], [1993.0, 58.0], [1951.0, 58.0]], [[1808.0, 16.0], [1860.0, 16.0], [1860.0, 61.0], [1808.0, 61.0]], [[1671.0, 16.0], [1710.0, 16.0], [1710.0, 61.0], [1671.0, 61.0]], [[1399.0, 19.0], [1428.0, 19.0], [1428.0, 51.0], [1399.0, 51.0]]]
2136_1911x2500_bing_online.jpg	[[[1332.0, 2383.0], [1867.0, 2383.0], [1867.0, 2453.0], [1332.0, 2453.0]], [[862.0, 2156.0], [1331.0, 2151.0], [1332.0, 2216.0], [863.0, 2222.0]], [[935.0, 2081.0], [997.0, 2081.0], [997.0, 2135.0], [935.0, 2135.0]], [[1054.0, 2049.0], [1109.0, 2049.0], [1109.0, 2096.0], [1054.0, 2096.0]], [[879.0, 2049.0], [1006.0, 2036.0], [1012.0, 2093.0], [884.0, 2106.0]], [[893.0, 2005.0], [948.0, 2005.0], [948.0, 2052.0], [893.0, 2052.0]], [[1052.0, 1982.0], [1129.0, 1982.0], [1129.0, 2052.0], [1052.0, 2052.0]], [[846.0, 1904.0], [1083.0, 1904.0], [1083.0, 2000.0], [846.0, 2000.0]], [[1069.0, 1877.0], [1147.0, 1898.0], [1122.0, 1995.0], [1044.0, 1974.0]], [[410.0, 1841.0], [483.0, 1841.0], [483.0, 1909.0], [410.0, 1909.0]], [[877.0, 1823.0], [1443.0, 1812.0], [1444.0, 1882.0], [879.0, 1894.0]], [[513.0, 1816.0], [649.0, 1809.0], [653.0, 1877.0], [517.0, 1884.0]], [[652.0, 1813.0], [717.0, 1813.0], [717.0, 1870.0], [652.0, 1870.0]], [[247.0, 1789.0], [301.0, 1789.0], [301.0, 1854.0], [247.0, 1854.0]], [[452.0, 1792.0], [478.0, 1766.0], [504.0, 1792.0], [478.0, 1818.0]], [[911.0, 1758.0], [987.0, 1758.0], [987.0, 1799.0], [911.0, 1799.0]], [[963.0, 1745.0], [1137.0, 1745.0], [1137.0, 1813.0], [963.0, 1813.0]], [[692.0, 1744.0], [780.0, 1736.0], [786.0, 1798.0], [697.0, 1806.0]], [[514.0, 1710.0], [627.0, 1717.0], [623.0, 1777.0], [510.0, 1770.0]], [[906.0, 1708.0], [1007.0, 1708.0], [1007.0, 1758.0], [906.0, 1758.0]], [[1033.0, 1695.0], [1103.0, 1695.0], [1103.0, 1753.0], [1033.0, 1753.0]], [[286.0, 1702.0], [332.0, 1666.0], [379.0, 1727.0], [333.0, 1762.0]], [[597.0, 1643.0], [657.0, 1643.0], [657.0, 1688.0], [597.0, 1688.0]], [[877.0, 1578.0], [1469.0, 1573.0], [1470.0, 1627.0], [878.0, 1633.0]], [[274.0, 1576.0], [468.0, 1567.0], [471.0, 1632.0], [277.0, 1642.0]], [[504.0, 1385.0], [672.0, 1385.0], [672.0, 1474.0], [504.0, 1474.0]], [[654.0, 1354.0], [704.0, 1354.0], [704.0, 1398.0], [654.0, 1398.0]], [[543.0, 1323.0], [602.0, 1323.0], [602.0, 1380.0], [543.0, 1380.0]], [[296.0, 1224.0], [975.0, 1211.0], [977.0, 1273.0], [297.0, 1287.0]], [[386.0, 1099.0], [405.0, 1113.0], [389.0, 1135.0], [370.0, 1120.0]], [[932.0, 1076.0], [1041.0, 1076.0], [1041.0, 1133.0], [932.0, 1133.0]], [[400.0, 1055.0], [447.0, 1055.0], [447.0, 1089.0], [400.0, 1089.0]], [[880.0, 1049.0], [1009.0, 1023.0], [1021.0, 1083.0], [891.0, 1109.0]], [[488.0, 1016.0], [571.0, 1016.0], [571.0, 1099.0], [488.0, 1099.0]], [[291.0, 997.0], [343.0, 1049.0], [299.0, 1094.0], [247.0, 1042.0]], [[687.0, 968.0], [1299.0, 985.0], [1297.0, 1055.0], [685.0, 1038.0]], [[553.0, 979.0], [631.0, 979.0], [631.0, 1031.0], [553.0, 1031.0]], [[293.0, 922.0], [460.0, 940.0], [452.0, 1015.0], [285.0, 998.0]], [[695.0, 896.0], [952.0, 890.0], [953.0, 955.0], [697.0, 961.0]], [[366.0, 870.0], [439.0, 870.0], [439.0, 924.0], [366.0, 924.0]], [[698.0, 808.0], [967.0, 799.0], [969.0, 874.0], [700.0, 884.0]], [[262.0, 800.0], [466.0, 794.0], [468.0, 869.0], [264.0, 876.0]], [[493.0, 664.0], [574.0, 664.0], [574.0, 714.0], [493.0, 714.0]], [[701.0, 663.0], [842.0, 649.0], [849.0, 717.0], [708.0, 731.0]], [[631.0, 654.0], [688.0, 654.0], [688.0, 698.0], [631.0, 698.0]], [[314.0, 651.0], [389.0, 651.0], [389.0, 703.0], [314.0, 703.0]], [[734.0, 642.0], [783.0, 634.0], [789.0, 668.0], [739.0, 676.0]], [[194.0, 381.0], [405.0, 371.0], [409.0, 447.0], [197.0, 457.0]], [[330.0, 302.0], [834.0, 307.0], [833.0, 362.0], [330.0, 357.0]], [[295.0, 205.0], [590.0, 214.0], [588.0, 279.0], [293.0, 270.0]]]
2148_1346x686_bing_online.png	[[[1078.0, 653.0], [1332.0, 653.0], [1332.0, 677.0], [1078.0, 677.0]], [[503.0, 621.0], [931.0, 629.0], [930.0, 682.0], [502.0, 674.0]], [[465.0, 615.0], [485.0, 615.0], [485.0, 635.0], [465.0, 635.0]], [[1231.0, 602.0], [1318.0, 602.0], [1318.0, 645.0], [1231.0, 645.0]], [[422.0, 590.0], [483.0, 613.0], [466.0, 660.0], [405.0, 637.0]], [[522.0, 564.0], [930.0, 570.0], [929.0, 619.0], [521.0, 613.0]], [[101.0, 517.0], [437.0, 517.0], [437.0, 546.0], [101.0, 546.0]], [[1231.0, 433.0], [1318.0, 433.0], [1318.0, 474.0], [1231.0, 474.0]], [[462.0, 419.0], [650.0, 430.0], [647.0, 484.0], [459.0, 474.0]], [[731.0, 419.0], [901.0, 430.0], [898.0, 481.0], [728.0, 471.0]], [[655.0, 413.0], [692.0, 423.0], [685.0, 446.0], [649.0, 435.0]], [[704.0, 396.0], [742.0, 396.0], [742.0, 434.0], [704.0, 434.0]], [[53.0, 336.0], [360.0, 331.0], [360.0, 366.0], [54.0, 370.0]], [[48.0, 273.0], [1311.0, 274.0], [1311.0, 307.0], [48.0, 306.0]], [[102.0, 219.0], [1308.0, 219.0], [1308.0, 247.0], [102.0, 247.0]], [[1231.0, 130.0], [1318.0, 130.0], [1318.0, 173.0], [1231.0, 173.0]], [[537.0, 121.0], [794.0, 121.0], [794.0, 182.0], [537.0, 182.0]], [[49.0, 69.0], [384.0, 69.0], [384.0, 97.0], [49.0, 97.0]], [[104.0, 10.0], [1310.0, 10.0], [1310.0, 44.0], [104.0, 44.0]]]
2284_473x627_bing_online.png	[[[294.0, 597.0], [392.0, 590.0], [395.0, 625.0], [296.0, 626.0]], [[123.0, 575.0], [245.0, 572.0], [246.0, 593.0], [124.0, 596.0]], [[319.0, 567.0], [386.0, 570.0], [384.0, 603.0], [318.0, 600.0]], [[259.0, 571.0], [290.0, 571.0], [290.0, 596.0], [259.0, 596.0]], [[60.0, 568.0], [89.0, 568.0], [89.0, 597.0], [60.0, 597.0]], [[313.0, 543.0], [449.0, 550.0], [448.0, 574.0], [312.0, 568.0]], [[127.0, 541.0], [238.0, 541.0], [238.0, 557.0], [127.0, 557.0]], [[63.0, 540.0], [95.0, 540.0], [95.0, 571.0], [63.0, 571.0]], [[265.0, 536.0], [293.0, 536.0], [293.0, 562.0], [265.0, 562.0]], [[329.0, 523.0], [442.0, 526.0], [441.0, 548.0], [328.0, 545.0]], [[54.0, 518.0], [94.0, 522.0], [92.0, 543.0], [52.0, 539.0]], [[125.0, 519.0], [244.0, 519.0], [244.0, 540.0], [125.0, 540.0]], [[262.0, 515.0], [300.0, 515.0], [300.0, 543.0], [262.0, 543.0]], [[57.0, 495.0], [382.0, 495.0], [382.0, 514.0], [57.0, 514.0]], [[36.0, 471.0], [286.0, 469.0], [286.0, 489.0], [37.0, 491.0]], [[57.0, 447.0], [443.0, 447.0], [443.0, 466.0], [57.0, 466.0]], [[56.0, 422.0], [440.0, 419.0], [441.0, 442.0], [56.0, 445.0]], [[85.0, 372.0], [213.0, 372.0], [213.0, 414.0], [85.0, 414.0]], [[202.0, 373.0], [271.0, 373.0], [271.0, 406.0], [202.0, 406.0]], [[189.0, 369.0], [203.0, 369.0], [203.0, 385.0], [189.0, 385.0]], [[102.0, 348.0], [161.0, 348.0], [161.0, 372.0], [102.0, 372.0]], [[87.0, 324.0], [430.0, 317.0], [431.0, 340.0], [87.0, 347.0]], [[90.0, 300.0], [350.0, 296.0], [350.0, 315.0], [90.0, 319.0]], [[92.0, 275.0], [205.0, 272.0], [205.0, 292.0], [93.0, 295.0]], [[57.0, 249.0], [376.0, 247.0], [376.0, 266.0], [57.0, 268.0]], [[88.0, 222.0], [447.0, 216.0], [447.0, 239.0], [88.0, 244.0]], [[396.0, 202.0], [434.0, 198.0], [436.0, 218.0], [398.0, 222.0]], [[92.0, 198.0], [356.0, 194.0], [356.0, 213.0], [92.0, 218.0]], [[26.0, 175.0], [388.0, 165.0], [388.0, 185.0], [27.0, 194.0]], [[27.0, 143.0], [383.0, 139.0], [383.0, 163.0], [27.0, 167.0]], [[198.0, 111.0], [325.0, 118.0], [323.0, 145.0], [197.0, 139.0]], [[11.0, 89.0], [363.0, 86.0], [363.0, 110.0], [11.0, 113.0]], [[25.0, 65.0], [199.0, 62.0], [199.0, 82.0], [25.0, 85.0]], [[8.0, 35.0], [307.0, 33.0], [307.0, 53.0], [8.0, 55.0]], [[123.0, 2.0], [239.0, 2.0], [239.0, 22.0], [123.0, 22.0]], [[2.0, 0.0], [87.0, 0.0], [87.0, 17.0], [2.0, 17.0]], [[294.0, 0.0], [330.0, 0.0], [330.0, 17.0], [294.0, 17.0]]]
2330_992x1403_bing_online.jpg	[[[314.0, 1228.0], [371.0, 1228.0], [371.0, 1250.0], [314.0, 1250.0]], [[280.0, 1216.0], [316.0, 1216.0], [316.0, 1238.0], [280.0, 1238.0]], [[314.0, 1209.0], [371.0, 1209.0], [371.0, 1229.0], [314.0, 1229.0]], [[375.0, 1198.0], [440.0, 1198.0], [440.0, 1214.0], [375.0, 1214.0]], [[247.0, 1193.0], [276.0, 1193.0], [276.0, 1216.0], [247.0, 1216.0]], [[310.0, 1185.0], [345.0, 1185.0], [345.0, 1207.0], [310.0, 1207.0]], [[691.0, 1178.0], [844.0, 1178.0], [844.0, 1197.0], [691.0, 1197.0]], [[151.0, 1150.0], [288.0, 1150.0], [288.0, 1171.0], [151.0, 1171.0]], [[218.0, 1098.0], [282.0, 1098.0], [282.0, 1118.0], [218.0, 1118.0]], [[738.0, 1086.0], [799.0, 1086.0], [799.0, 1118.0], [738.0, 1118.0]], [[661.0, 1087.0], [714.0, 1087.0], [714.0, 1115.0], [661.0, 1115.0]], [[283.0, 1081.0], [371.0, 1081.0], [371.0, 1102.0], [283.0, 1102.0]], [[164.0, 1083.0], [210.0, 1083.0], [210.0, 1105.0], [164.0, 1105.0]], [[214.0, 1073.0], [286.0, 1073.0], [286.0, 1093.0], [214.0, 1093.0]], [[803.0, 1057.0], [810.0, 1057.0], [810.0, 1064.0], [803.0, 1064.0]], [[248.0, 1041.0], [309.0, 1041.0], [309.0, 1062.0], [248.0, 1062.0]], [[729.0, 1030.0], [778.0, 1030.0], [778.0, 1058.0], [729.0, 1058.0]], [[660.0, 1008.0], [709.0, 1008.0], [709.0, 1030.0], [660.0, 1030.0]], [[317.0, 1007.0], [384.0, 1007.0], [384.0, 1023.0], [317.0, 1023.0]], [[179.0, 1008.0], [201.0, 1003.0], [205.0, 1019.0], [182.0, 1024.0]], [[244.0, 994.0], [280.0, 994.0], [280.0, 1016.0], [244.0, 1016.0]], [[711.0, 968.0], [781.0, 963.0], [783.0, 985.0], [713.0, 990.0]], [[148.0, 954.0], [323.0, 954.0], [323.0, 975.0], [148.0, 975.0]], [[146.0, 913.0], [179.0, 913.0], [179.0, 938.0], [146.0, 938.0]], [[235.0, 815.0], [288.0, 815.0], [288.0, 836.0], [235.0, 836.0]], [[605.0, 805.0], [751.0, 805.0], [751.0, 824.0], [605.0, 824.0]], [[256.0, 766.0], [371.0, 769.0], [370.0, 791.0], [255.0, 788.0]], [[683.0, 742.0], [720.0, 742.0], [720.0, 766.0], [683.0, 766.0]], [[617.0, 744.0], [644.0, 744.0], [644.0, 763.0], [617.0, 763.0]], [[326.0, 710.0], [373.0, 710.0], [373.0, 731.0], [326.0, 731.0]], [[678.0, 706.0], [707.0, 706.0], [707.0, 729.0], [678.0, 729.0]], [[617.0, 699.0], [644.0, 699.0], [644.0, 718.0], [617.0, 718.0]], [[285.0, 694.0], [326.0, 694.0], [326.0, 716.0], [285.0, 716.0]], [[588.0, 690.0], [596.0, 690.0], [596.0, 697.0], [588.0, 697.0]], [[326.0, 684.0], [373.0, 684.0], [373.0, 706.0], [326.0, 706.0]], [[207.0, 677.0], [241.0, 680.0], [238.0, 705.0], [204.0, 701.0]], [[146.0, 642.0], [409.0, 643.0], [409.0, 664.0], [146.0, 662.0]], [[149.0, 602.0], [467.0, 604.0], [466.0, 624.0], [149.0, 623.0]], [[190.0, 563.0], [565.0, 564.0], [565.0, 585.0], [190.0, 583.0]], [[190.0, 525.0], [565.0, 526.0], [565.0, 547.0], [190.0, 545.0]], [[190.0, 485.0], [545.0, 487.0], [545.0, 507.0], [190.0, 506.0]], [[185.0, 447.0], [399.0, 447.0], [399.0, 468.0], [185.0, 468.0]], [[409.0, 379.0], [558.0, 379.0], [558.0, 398.0], [409.0, 398.0]], [[557.0, 357.0], [579.0, 357.0], [579.0, 376.0], [557.0, 376.0]], [[415.0, 355.0], [438.0, 355.0], [438.0, 373.0], [415.0, 373.0]], [[279.0, 355.0], [303.0, 355.0], [303.0, 374.0], [279.0, 374.0]], [[697.0, 351.0], [720.0, 351.0], [720.0, 368.0], [697.0, 368.0]], [[546.0, 346.0], [557.0, 346.0], [557.0, 357.0], [546.0, 357.0]], [[385.0, 343.0], [399.0, 343.0], [399.0, 358.0], [385.0, 358.0]], [[737.0, 323.0], [744.0, 323.0], [744.0, 332.0], [737.0, 332.0]], [[707.0, 317.0], [714.0, 317.0], [714.0, 327.0], [707.0, 327.0]], [[469.0, 310.0], [483.0, 310.0], [483.0, 323.0], [469.0, 323.0]], [[334.0, 307.0], [345.0, 307.0], [345.0, 320.0], [334.0, 320.0]], [[431.0, 303.0], [456.0, 303.0], [456.0, 319.0], [431.0, 319.0]], [[382.0, 301.0], [406.0, 301.0], [406.0, 322.0], [382.0, 322.0]], [[297.0, 301.0], [322.0, 301.0], [322.0, 319.0], [297.0, 319.0]], [[704.0, 296.0], [719.0, 303.0], [713.0, 316.0], [698.0, 308.0]], [[678.0, 297.0], [706.0, 297.0], [706.0, 314.0], [678.0, 314.0]], [[592.0, 289.0], [616.0, 289.0], [616.0, 307.0], [592.0, 307.0]], [[384.0, 284.0], [403.0, 284.0], [403.0, 303.0], [384.0, 303.0]], [[726.0, 276.0], [757.0, 276.0], [757.0, 300.0], [726.0, 300.0]], [[679.0, 278.0], [698.0, 278.0], [698.0, 297.0], [679.0, 297.0]], [[254.0, 267.0], [270.0, 267.0], [270.0, 281.0], [254.0, 281.0]], [[385.0, 266.0], [397.0, 266.0], [397.0, 279.0], [385.0, 279.0]], [[255.0, 254.0], [280.0, 254.0], [280.0, 272.0], [255.0, 272.0]], [[551.0, 253.0], [579.0, 253.0], [579.0, 272.0], [551.0, 272.0]], [[146.0, 205.0], [182.0, 205.0], [182.0, 228.0], [146.0, 228.0]], [[148.0, 168.0], [831.0, 168.0], [831.0, 187.0], [148.0, 187.0]], [[148.0, 129.0], [241.0, 129.0], [241.0, 149.0], [148.0, 149.0]], [[455.0, 70.0], [537.0, 70.0], [537.0, 86.0], [455.0, 86.0]]]
2369_600x1180_bing_online.jpg	[[[22.0, 1125.0], [588.0, 1118.0], [589.0, 1177.0], [23.0, 1179.0]], [[0.0, 1051.0], [566.0, 1055.0], [566.0, 1122.0], [0.0, 1118.0]], [[0.0, 982.0], [68.0, 992.0], [62.0, 1029.0], [0.0, 1019.0]], [[32.0, 914.0], [471.0, 920.0], [471.0, 961.0], [31.0, 956.0]], [[476.0, 894.0], [494.0, 894.0], [494.0, 912.0], [476.0, 912.0]], [[540.0, 890.0], [558.0, 890.0], [558.0, 908.0], [540.0, 908.0]], [[31.0, 877.0], [322.0, 885.0], [321.0, 922.0], [30.0, 914.0]], [[564.0, 876.0], [581.0, 876.0], [581.0, 896.0], [564.0, 896.0]], [[328.0, 840.0], [355.0, 840.0], [355.0, 862.0], [328.0, 862.0]], [[488.0, 828.0], [518.0, 828.0], [518.0, 854.0], [488.0, 854.0]], [[0.0, 802.0], [293.0, 809.0], [292.0, 855.0], [0.0, 848.0]], [[310.0, 804.0], [351.0, 804.0], [351.0, 833.0], [310.0, 833.0]], [[475.0, 783.0], [492.0, 783.0], [492.0, 804.0], [475.0, 804.0]], [[506.0, 772.0], [527.0, 772.0], [527.0, 788.0], [506.0, 788.0]], [[527.0, 763.0], [565.0, 763.0], [565.0, 787.0], [527.0, 787.0]], [[3.0, 753.0], [400.0, 759.0], [400.0, 792.0], [2.0, 787.0]], [[38.0, 715.0], [580.0, 718.0], [580.0, 752.0], [37.0, 750.0]], [[43.0, 681.0], [284.0, 683.0], [284.0, 712.0], [42.0, 709.0]], [[391.0, 637.0], [411.0, 637.0], [411.0, 654.0], [391.0, 654.0]], [[280.0, 634.0], [304.0, 634.0], [304.0, 655.0], [280.0, 655.0]], [[183.0, 633.0], [201.0, 633.0], [201.0, 650.0], [183.0, 650.0]], [[128.0, 618.0], [152.0, 618.0], [152.0, 633.0], [128.0, 633.0]], [[79.0, 615.0], [120.0, 615.0], [120.0, 639.0], [79.0, 639.0]], [[188.0, 610.0], [200.0, 610.0], [200.0, 621.0], [188.0, 621.0]], [[293.0, 606.0], [324.0, 606.0], [324.0, 627.0], [293.0, 627.0]], [[264.0, 606.0], [297.0, 597.0], [303.0, 617.0], [269.0, 626.0]], [[10.0, 556.0], [352.0, 551.0], [353.0, 585.0], [10.0, 590.0]], [[12.0, 516.0], [375.0, 509.0], [375.0, 538.0], [13.0, 546.0]], [[552.0, 510.0], [564.0, 504.0], [570.0, 514.0], [558.0, 520.0]], [[448.0, 470.0], [472.0, 480.0], [466.0, 495.0], [442.0, 485.0]], [[12.0, 472.0], [378.0, 463.0], [379.0, 498.0], [13.0, 507.0]], [[12.0, 435.0], [378.0, 425.0], [379.0, 462.0], [13.0, 472.0]], [[21.0, 368.0], [227.0, 355.0], [229.0, 388.0], [23.0, 401.0]], [[99.0, 300.0], [453.0, 296.0], [454.0, 338.0], [99.0, 342.0]], [[15.0, 276.0], [164.0, 257.0], [168.0, 295.0], [20.0, 313.0]], [[509.0, 267.0], [530.0, 267.0], [530.0, 291.0], [509.0, 291.0]], [[433.0, 262.0], [448.0, 262.0], [448.0, 279.0], [433.0, 279.0]], [[40.0, 218.0], [403.0, 201.0], [406.0, 251.0], [43.0, 269.0]], [[17.0, 184.0], [335.0, 161.0], [339.0, 212.0], [21.0, 235.0]], [[516.0, 182.0], [524.0, 182.0], [524.0, 188.0], [516.0, 188.0]], [[455.0, 165.0], [473.0, 165.0], [473.0, 183.0], [455.0, 183.0]], [[47.0, 142.0], [405.0, 126.0], [407.0, 178.0], [49.0, 194.0]], [[51.0, 117.0], [223.0, 94.0], [229.0, 137.0], [57.0, 160.0]], [[277.0, 39.0], [288.0, 41.0], [285.0, 54.0], [274.0, 51.0]], [[240.0, 20.0], [246.0, 14.0], [253.0, 20.0], [246.0, 26.0]]]
2420_554x763_bing_online.jpg	[[[31.0, 736.0], [133.0, 740.0], [132.0, 761.0], [30.0, 757.0]], [[315.0, 733.0], [429.0, 729.0], [430.0, 753.0], [316.0, 757.0]], [[27.0, 716.0], [234.0, 718.0], [234.0, 742.0], [26.0, 740.0]], [[308.0, 713.0], [548.0, 699.0], [549.0, 726.0], [310.0, 740.0]], [[28.0, 694.0], [173.0, 697.0], [173.0, 721.0], [27.0, 719.0]], [[309.0, 692.0], [404.0, 687.0], [406.0, 715.0], [311.0, 720.0]], [[26.0, 673.0], [234.0, 673.0], [234.0, 696.0], [26.0, 696.0]], [[307.0, 669.0], [536.0, 659.0], [537.0, 686.0], [308.0, 696.0]], [[25.0, 647.0], [132.0, 645.0], [133.0, 672.0], [26.0, 675.0]], [[306.0, 644.0], [432.0, 638.0], [433.0, 666.0], [307.0, 672.0]], [[27.0, 621.0], [192.0, 619.0], [193.0, 646.0], [28.0, 648.0]], [[30.0, 595.0], [178.0, 595.0], [178.0, 619.0], [30.0, 619.0]], [[308.0, 595.0], [461.0, 589.0], [462.0, 614.0], [309.0, 620.0]], [[32.0, 571.0], [278.0, 571.0], [278.0, 592.0], [32.0, 592.0]], [[306.0, 569.0], [474.0, 563.0], [475.0, 588.0], [307.0, 593.0]], [[30.0, 541.0], [215.0, 544.0], [215.0, 568.0], [29.0, 566.0]], [[303.0, 542.0], [489.0, 537.0], [490.0, 561.0], [304.0, 565.0]], [[30.0, 515.0], [161.0, 515.0], [161.0, 541.0], [30.0, 541.0]], [[301.0, 514.0], [457.0, 510.0], [457.0, 538.0], [302.0, 542.0]], [[27.0, 492.0], [159.0, 490.0], [159.0, 515.0], [28.0, 517.0]], [[300.0, 488.0], [473.0, 485.0], [474.0, 512.0], [301.0, 516.0]], [[27.0, 467.0], [177.0, 467.0], [177.0, 491.0], [27.0, 491.0]], [[300.0, 463.0], [457.0, 463.0], [457.0, 487.0], [300.0, 487.0]], [[450.0, 464.0], [514.0, 463.0], [514.0, 481.0], [450.0, 482.0]], [[29.0, 442.0], [200.0, 442.0], [200.0, 463.0], [29.0, 463.0]], [[299.0, 437.0], [501.0, 434.0], [501.0, 459.0], [300.0, 462.0]], [[43.0, 413.0], [143.0, 413.0], [143.0, 441.0], [43.0, 441.0]], [[327.0, 409.0], [427.0, 406.0], [428.0, 435.0], [327.0, 437.0]], [[27.0, 385.0], [145.0, 385.0], [145.0, 413.0], [27.0, 413.0]], [[151.0, 358.0], [340.0, 360.0], [340.0, 387.0], [151.0, 384.0]], [[21.0, 334.0], [521.0, 329.0], [522.0, 356.0], [22.0, 361.0]], [[21.0, 306.0], [552.0, 300.0], [552.0, 328.0], [22.0, 334.0]], [[22.0, 280.0], [481.0, 274.0], [482.0, 300.0], [23.0, 306.0]], [[55.0, 251.0], [531.0, 246.0], [532.0, 273.0], [55.0, 278.0]], [[18.0, 225.0], [266.0, 221.0], [266.0, 248.0], [19.0, 251.0]], [[24.0, 198.0], [116.0, 195.0], [116.0, 223.0], [25.0, 226.0]], [[24.0, 170.0], [306.0, 166.0], [307.0, 194.0], [25.0, 198.0]], [[21.0, 144.0], [197.0, 139.0], [198.0, 166.0], [22.0, 171.0]], [[11.0, 117.0], [162.0, 111.0], [163.0, 139.0], [12.0, 144.0]], [[54.0, 83.0], [533.0, 83.0], [533.0, 114.0], [54.0, 114.0]], [[11.0, 61.0], [187.0, 56.0], [188.0, 83.0], [12.0, 88.0]], [[8.0, 30.0], [160.0, 27.0], [161.0, 57.0], [9.0, 61.0]], [[451.0, 5.0], [475.0, 5.0], [475.0, 22.0], [451.0, 22.0]], [[374.0, 3.0], [408.0, 3.0], [408.0, 22.0], [374.0, 22.0]]]
2576_849x1200_bing_online.jpg	[[[667.0, 1160.0], [743.0, 1160.0], [743.0, 1191.0], [667.0, 1191.0]], [[724.0, 1122.0], [820.0, 1136.0], [815.0, 1169.0], [719.0, 1155.0]], [[546.0, 1115.0], [566.0, 1115.0], [566.0, 1133.0], [546.0, 1133.0]], [[735.0, 1080.0], [835.0, 1083.0], [835.0, 1110.0], [734.0, 1107.0]], [[365.0, 993.0], [458.0, 990.0], [459.0, 1020.0], [366.0, 1023.0]], [[371.0, 949.0], [811.0, 937.0], [811.0, 967.0], [372.0, 979.0]], [[131.0, 899.0], [802.0, 892.0], [802.0, 926.0], [132.0, 933.0]], [[309.0, 839.0], [542.0, 830.0], [544.0, 863.0], [310.0, 873.0]], [[313.0, 799.0], [542.0, 791.0], [544.0, 825.0], [314.0, 833.0]], [[312.0, 761.0], [432.0, 759.0], [432.0, 786.0], [313.0, 789.0]], [[486.0, 755.0], [542.0, 755.0], [542.0, 783.0], [486.0, 783.0]], [[401.0, 682.0], [665.0, 685.0], [664.0, 719.0], [400.0, 716.0]], [[404.0, 644.0], [825.0, 636.0], [825.0, 670.0], [405.0, 678.0]], [[154.0, 603.0], [703.0, 592.0], [704.0, 630.0], [155.0, 640.0]], [[154.0, 550.0], [778.0, 536.0], [779.0, 570.0], [155.0, 584.0]], [[250.0, 495.0], [571.0, 487.0], [571.0, 517.0], [251.0, 525.0]], [[246.0, 433.0], [843.0, 420.0], [844.0, 459.0], [247.0, 472.0]], [[265.0, 398.0], [779.0, 381.0], [780.0, 411.0], [266.0, 428.0]], [[262.0, 349.0], [752.0, 330.0], [753.0, 363.0], [264.0, 383.0]], [[280.0, 300.0], [794.0, 283.0], [795.0, 313.0], [281.0, 330.0]], [[202.0, 259.0], [219.0, 259.0], [219.0, 278.0], [202.0, 278.0]], [[241.0, 229.0], [292.0, 250.0], [280.0, 278.0], [229.0, 256.0]], [[299.0, 245.0], [785.0, 233.0], [786.0, 271.0], [300.0, 283.0]], [[164.0, 205.0], [202.0, 205.0], [202.0, 229.0], [164.0, 229.0]], [[306.0, 200.0], [712.0, 191.0], [713.0, 220.0], [306.0, 229.0]], [[92.0, 194.0], [123.0, 194.0], [123.0, 224.0], [92.0, 224.0]], [[304.0, 151.0], [818.0, 139.0], [819.0, 169.0], [305.0, 181.0]], [[86.0, 128.0], [129.0, 128.0], [129.0, 159.0], [86.0, 159.0]], [[302.0, 105.0], [789.0, 92.0], [790.0, 122.0], [303.0, 135.0]], [[75.0, 74.0], [177.0, 71.0], [178.0, 107.0], [77.0, 110.0]], [[36.0, 22.0], [202.0, 25.0], [202.0, 56.0], [35.0, 54.0]]]
2648_1440x1921_bing_online.jpg	[[[8.0, 1827.0], [68.0, 1827.0], [68.0, 1879.0], [8.0, 1879.0]], [[148.0, 1789.0], [1439.0, 1807.0], [1439.0, 1895.0], [147.0, 1877.0]], [[160.0, 1727.0], [1233.0, 1725.0], [1233.0, 1787.0], [160.0, 1789.0]], [[149.0, 1649.0], [1227.0, 1647.0], [1227.0, 1715.0], [149.0, 1717.0]], [[998.0, 1565.0], [1084.0, 1555.0], [1092.0, 1619.0], [1006.0, 1629.0]], [[217.0, 1535.0], [497.0, 1535.0], [497.0, 1605.0], [217.0, 1605.0]], [[1168.0, 1523.0], [1215.0, 1523.0], [1215.0, 1597.0], [1168.0, 1597.0]], [[582.0, 1518.0], [874.0, 1504.0], [879.0, 1590.0], [586.0, 1604.0]], [[918.0, 1481.0], [996.0, 1481.0], [996.0, 1551.0], [918.0, 1551.0]], [[935.0, 1368.0], [1020.0, 1351.0], [1034.0, 1420.0], [949.0, 1436.0]], [[1098.0, 1335.0], [1149.0, 1342.0], [1140.0, 1408.0], [1088.0, 1401.0]], [[216.0, 1329.0], [510.0, 1324.0], [512.0, 1408.0], [218.0, 1413.0]], [[566.0, 1314.0], [812.0, 1303.0], [818.0, 1426.0], [572.0, 1436.0]], [[837.0, 1306.0], [927.0, 1289.0], [940.0, 1359.0], [850.0, 1376.0]], [[1050.0, 1264.0], [1381.0, 1269.0], [1380.0, 1353.0], [1049.0, 1348.0]], [[143.0, 1197.0], [1229.0, 1195.0], [1229.0, 1263.0], [143.0, 1265.0]], [[153.0, 1113.0], [1270.0, 1102.0], [1270.0, 1176.0], [154.0, 1187.0]], [[452.0, 979.0], [863.0, 979.0], [863.0, 1077.0], [452.0, 1077.0]], [[988.0, 983.0], [1058.0, 983.0], [1058.0, 1069.0], [988.0, 1069.0]], [[78.0, 894.0], [538.0, 894.0], [538.0, 965.0], [78.0, 965.0]], [[487.0, 764.0], [575.0, 739.0], [605.0, 843.0], [518.0, 868.0]], [[264.0, 720.0], [467.0, 739.0], [457.0, 837.0], [255.0, 818.0]], [[748.0, 729.0], [1032.0, 724.0], [1033.0, 810.0], [750.0, 815.0]], [[1096.0, 734.0], [1137.0, 734.0], [1137.0, 794.0], [1096.0, 794.0]], [[502.0, 685.0], [598.0, 700.0], [584.0, 792.0], [487.0, 777.0]], [[73.0, 586.0], [616.0, 597.0], [615.0, 671.0], [71.0, 660.0]], [[90.0, 437.0], [725.0, 428.0], [726.0, 504.0], [91.0, 513.0]], [[878.0, 438.0], [929.0, 438.0], [929.0, 500.0], [878.0, 500.0]], [[1264.0, 366.0], [1401.0, 366.0], [1401.0, 436.0], [1264.0, 436.0]], [[99.0, 316.0], [765.0, 327.0], [764.0, 403.0], [98.0, 392.0]], [[875.0, 320.0], [927.0, 320.0], [927.0, 386.0], [875.0, 386.0]], [[957.0, 282.0], [1403.0, 282.0], [1403.0, 366.0], [957.0, 366.0]], [[921.0, 210.0], [1256.0, 214.0], [1255.0, 276.0], [920.0, 272.0]], [[886.0, 220.0], [925.0, 220.0], [925.0, 258.0], [886.0, 258.0]], [[96.0, 202.0], [769.0, 202.0], [769.0, 284.0], [96.0, 284.0]], [[16.0, 144.0], [243.0, 144.0], [243.0, 170.0], [16.0, 170.0]], [[12.0, 106.0], [706.0, 106.0], [706.0, 146.0], [12.0, 146.0]], [[1370.0, 50.0], [1422.0, 50.0], [1422.0, 94.0], [1370.0, 94.0]], [[1272.0, 48.0], [1379.0, 48.0], [1379.0, 94.0], [1272.0, 94.0]], [[1039.0, 50.0], [1072.0, 50.0], [1072.0, 96.0], [1039.0, 96.0]], [[552.0, 42.0], [880.0, 42.0], [880.0, 98.0], [552.0, 98.0]], [[319.0, 50.0], [354.0, 50.0], [354.0, 88.0], [319.0, 88.0]], [[700.0, 4.0], [738.0, 4.0], [738.0, 26.0], [700.0, 26.0]], [[1311.0, 0.0], [1415.0, 0.0], [1415.0, 28.0], [1311.0, 28.0]], [[20.0, 0.0], [188.0, 0.0], [188.0, 28.0], [20.0, 28.0]]]
2680_600x785_bing_online.jpg	[[[417.0, 747.0], [586.0, 745.0], [586.0, 769.0], [418.0, 771.0]], [[99.0, 674.0], [112.0, 674.0], [112.0, 687.0], [99.0, 687.0]], [[330.0, 646.0], [427.0, 649.0], [427.0, 673.0], [329.0, 671.0]], [[73.0, 646.0], [120.0, 643.0], [122.0, 674.0], [75.0, 677.0]], [[252.0, 646.0], [270.0, 646.0], [270.0, 665.0], [252.0, 665.0]], [[221.0, 644.0], [240.0, 644.0], [240.0, 660.0], [221.0, 660.0]], [[135.0, 641.0], [136.0, 660.0], [146.0, 651.0], [136.0, 660.0]], [[165.0, 638.0], [206.0, 641.0], [204.0, 661.0], [163.0, 658.0]], [[272.0, 625.0], [306.0, 625.0], [306.0, 644.0], [272.0, 644.0]], [[326.0, 621.0], [439.0, 619.0], [439.0, 643.0], [326.0, 645.0]], [[106.0, 582.0], [205.0, 589.0], [202.0, 632.0], [103.0, 625.0]], [[97.0, 563.0], [241.0, 563.0], [241.0, 598.0], [97.0, 598.0]], [[103.0, 543.0], [299.0, 543.0], [299.0, 569.0], [103.0, 569.0]], [[99.0, 490.0], [349.0, 489.0], [349.0, 512.0], [99.0, 513.0]], [[78.0, 463.0], [304.0, 460.0], [304.0, 485.0], [78.0, 488.0]], [[88.0, 435.0], [369.0, 434.0], [369.0, 454.0], [88.0, 455.0]], [[81.0, 410.0], [442.0, 409.0], [442.0, 430.0], [81.0, 431.0]], [[80.0, 376.0], [452.0, 372.0], [452.0, 409.0], [80.0, 413.0]], [[89.0, 349.0], [359.0, 347.0], [359.0, 374.0], [89.0, 376.0]], [[203.0, 311.0], [440.0, 321.0], [438.0, 355.0], [202.0, 344.0]], [[94.0, 305.0], [204.0, 317.0], [200.0, 353.0], [90.0, 341.0]], [[160.0, 309.0], [197.0, 309.0], [197.0, 332.0], [160.0, 332.0]], [[83.0, 277.0], [241.0, 274.0], [242.0, 308.0], [83.0, 311.0]], [[72.0, 225.0], [431.0, 220.0], [431.0, 243.0], [72.0, 248.0]], [[99.0, 197.0], [291.0, 197.0], [291.0, 221.0], [99.0, 221.0]], [[83.0, 170.0], [283.0, 170.0], [283.0, 193.0], [83.0, 193.0]], [[79.0, 143.0], [292.0, 143.0], [292.0, 167.0], [79.0, 167.0]], [[104.0, 120.0], [193.0, 118.0], [194.0, 145.0], [105.0, 147.0]], [[107.0, 101.0], [188.0, 99.0], [189.0, 122.0], [108.0, 125.0]], [[221.0, 93.0], [255.0, 93.0], [255.0, 119.0], [221.0, 119.0]], [[307.0, 61.0], [393.0, 61.0], [393.0, 93.0], [307.0, 93.0]], [[91.0, 50.0], [176.0, 41.0], [182.0, 100.0], [97.0, 110.0]]]
2723_1905x2500_bing_online.jpg	[[[1439.0, 2388.0], [1855.0, 2383.0], [1856.0, 2448.0], [1440.0, 2453.0]], [[546.0, 2214.0], [792.0, 2214.0], [792.0, 2310.0], [546.0, 2310.0]], [[797.0, 2203.0], [839.0, 2203.0], [839.0, 2258.0], [797.0, 2258.0]], [[582.0, 2169.0], [673.0, 2169.0], [673.0, 2221.0], [582.0, 2221.0]], [[1108.0, 2125.0], [1742.0, 2125.0], [1742.0, 2203.0], [1108.0, 2203.0]], [[585.0, 2125.0], [668.0, 2125.0], [668.0, 2190.0], [585.0, 2190.0]], [[655.0, 2089.0], [978.0, 2089.0], [978.0, 2201.0], [655.0, 2201.0]], [[577.0, 2062.0], [673.0, 2062.0], [673.0, 2115.0], [577.0, 2115.0]], [[572.0, 2016.0], [668.0, 2016.0], [668.0, 2078.0], [572.0, 2078.0]], [[679.0, 1978.0], [949.0, 1991.0], [944.0, 2087.0], [674.0, 2074.0]], [[572.0, 1966.0], [657.0, 1966.0], [657.0, 2023.0], [572.0, 2023.0]], [[545.0, 1931.0], [591.0, 1948.0], [573.0, 2000.0], [527.0, 1983.0]], [[575.0, 1922.0], [663.0, 1922.0], [663.0, 1984.0], [575.0, 1984.0]], [[653.0, 1888.0], [1170.0, 1894.0], [1169.0, 1982.0], [652.0, 1976.0]], [[575.0, 1888.0], [663.0, 1888.0], [663.0, 1937.0], [575.0, 1937.0]], [[396.0, 1878.0], [500.0, 1878.0], [500.0, 1951.0], [396.0, 1951.0]], [[857.0, 1883.0], [875.0, 1883.0], [875.0, 1896.0], [857.0, 1896.0]], [[575.0, 1839.0], [660.0, 1839.0], [660.0, 1901.0], [575.0, 1901.0]], [[364.0, 1816.0], [539.0, 1809.0], [542.0, 1887.0], [367.0, 1894.0]], [[1657.0, 1792.0], [1801.0, 1792.0], [1801.0, 1857.0], [1657.0, 1857.0]], [[643.0, 1781.0], [1144.0, 1787.0], [1143.0, 1867.0], [642.0, 1862.0]], [[38.0, 1782.0], [293.0, 1773.0], [296.0, 1848.0], [41.0, 1858.0]], [[1659.0, 1750.0], [1843.0, 1750.0], [1843.0, 1807.0], [1659.0, 1807.0]], [[632.0, 1698.0], [872.0, 1698.0], [872.0, 1784.0], [632.0, 1784.0]], [[1651.0, 1701.0], [1847.0, 1695.0], [1849.0, 1762.0], [1653.0, 1769.0]], [[129.0, 1661.0], [365.0, 1646.0], [372.0, 1766.0], [136.0, 1781.0]], [[1649.0, 1656.0], [1693.0, 1656.0], [1693.0, 1693.0], [1649.0, 1693.0]], [[883.0, 1646.0], [955.0, 1646.0], [955.0, 1703.0], [883.0, 1703.0]], [[668.0, 1628.0], [779.0, 1628.0], [779.0, 1701.0], [668.0, 1701.0]], [[292.0, 1630.0], [360.0, 1630.0], [360.0, 1682.0], [292.0, 1682.0]], [[1719.0, 1625.0], [1781.0, 1625.0], [1781.0, 1680.0], [1719.0, 1680.0]], [[1180.0, 1596.0], [1548.0, 1596.0], [1548.0, 1688.0], [1180.0, 1688.0]], [[458.0, 1586.0], [575.0, 1586.0], [575.0, 1656.0], [458.0, 1656.0]], [[676.0, 1578.0], [758.0, 1578.0], [758.0, 1641.0], [676.0, 1641.0]], [[764.0, 1552.0], [1095.0, 1552.0], [1095.0, 1643.0], [764.0, 1643.0]], [[155.0, 1543.0], [491.0, 1507.0], [503.0, 1616.0], [166.0, 1652.0]], [[896.0, 1523.0], [965.0, 1523.0], [965.0, 1576.0], [896.0, 1576.0]], [[1561.0, 1505.0], [1641.0, 1505.0], [1641.0, 1573.0], [1561.0, 1573.0]], [[512.0, 1500.0], [634.0, 1500.0], [634.0, 1581.0], [512.0, 1581.0]], [[673.0, 1497.0], [784.0, 1497.0], [784.0, 1568.0], [673.0, 1568.0]], [[181.0, 1505.0], [228.0, 1505.0], [228.0, 1552.0], [181.0, 1552.0]], [[1188.0, 1466.0], [1343.0, 1466.0], [1343.0, 1568.0], [1188.0, 1568.0]], [[683.0, 1461.0], [756.0, 1461.0], [756.0, 1513.0], [683.0, 1513.0]], [[290.0, 1458.0], [342.0, 1458.0], [342.0, 1505.0], [290.0, 1505.0]], [[763.0, 1421.0], [1111.0, 1430.0], [1108.0, 1532.0], [760.0, 1523.0]], [[1527.0, 1429.0], [1872.0, 1444.0], [1869.0, 1517.0], [1524.0, 1502.0]], [[447.0, 1404.0], [574.0, 1415.0], [568.0, 1489.0], [441.0, 1478.0]], [[991.0, 1396.0], [1056.0, 1396.0], [1056.0, 1453.0], [991.0, 1453.0]], [[1648.0, 1392.0], [1833.0, 1382.0], [1836.0, 1450.0], [1651.0, 1459.0]], [[681.0, 1380.0], [779.0, 1380.0], [779.0, 1440.0], [681.0, 1440.0]], [[440.0, 1370.0], [463.0, 1370.0], [463.0, 1393.0], [440.0, 1393.0]], [[639.0, 1349.0], [694.0, 1349.0], [694.0, 1411.0], [639.0, 1411.0]], [[1385.0, 1346.0], [1442.0, 1346.0], [1442.0, 1406.0], [1385.0, 1406.0]], [[686.0, 1341.0], [756.0, 1341.0], [756.0, 1398.0], [686.0, 1398.0]], [[1617.0, 1328.0], [1813.0, 1307.0], [1822.0, 1391.0], [1625.0, 1411.0]], [[745.0, 1308.0], [1345.0, 1302.0], [1346.0, 1401.0], [746.0, 1407.0]], [[231.0, 1254.0], [493.0, 1241.0], [499.0, 1355.0], [237.0, 1369.0]], [[841.0, 1250.0], [916.0, 1250.0], [916.0, 1318.0], [841.0, 1318.0]], [[980.0, 1231.0], [1052.0, 1225.0], [1057.0, 1293.0], [985.0, 1298.0]], [[678.0, 1224.0], [831.0, 1224.0], [831.0, 1292.0], [678.0, 1292.0]], [[52.0, 1190.0], [251.0, 1190.0], [251.0, 1279.0], [52.0, 1279.0]], [[1392.0, 1188.0], [1611.0, 1182.0], [1613.0, 1247.0], [1394.0, 1253.0]], [[673.0, 1146.0], [1400.0, 1140.0], [1401.0, 1247.0], [674.0, 1253.0]], [[54.0, 1130.0], [316.0, 1130.0], [316.0, 1206.0], [54.0, 1206.0]], [[1631.0, 1135.0], [1695.0, 1135.0], [1695.0, 1193.0], [1631.0, 1193.0]], [[450.0, 1130.0], [556.0, 1130.0], [556.0, 1193.0], [450.0, 1193.0]], [[915.0, 1129.0], [967.0, 1137.0], [962.0, 1168.0], [910.0, 1160.0]], [[1486.0, 1122.0], [1561.0, 1122.0], [1561.0, 1174.0], [1486.0, 1174.0]], [[691.0, 1117.0], [810.0, 1117.0], [810.0, 1177.0], [691.0, 1177.0]], [[1351.0, 1081.0], [1496.0, 1081.0], [1496.0, 1161.0], [1351.0, 1161.0]], [[1484.0, 1074.0], [1559.0, 1095.0], [1544.0, 1149.0], [1470.0, 1129.0]], [[694.0, 1068.0], [792.0, 1068.0], [792.0, 1128.0], [694.0, 1128.0]], [[361.0, 1069.0], [673.0, 1054.0], [677.0, 1134.0], [365.0, 1150.0]], [[1550.0, 1057.0], [1765.0, 1057.0], [1765.0, 1141.0], [1550.0, 1141.0]], [[45.0, 1059.0], [288.0, 1043.0], [294.0, 1129.0], [51.0, 1145.0]], [[781.0, 1030.0], [1318.0, 1048.0], [1315.0, 1139.0], [778.0, 1122.0]], [[140.0, 984.0], [1437.0, 987.0], [1436.0, 1050.0], [140.0, 1047.0]], [[132.0, 927.0], [1335.0, 924.0], [1336.0, 987.0], [132.0, 990.0]], [[61.0, 858.0], [407.0, 846.0], [410.0, 921.0], [64.0, 933.0]], [[663.0, 794.0], [753.0, 794.0], [753.0, 870.0], [663.0, 870.0]], [[56.0, 756.0], [546.0, 736.0], [550.0, 832.0], [60.0, 853.0]], [[530.0, 740.0], [787.0, 711.0], [798.0, 804.0], [541.0, 834.0]], [[743.0, 724.0], [756.0, 724.0], [756.0, 737.0], [743.0, 737.0]], [[696.0, 708.0], [730.0, 708.0], [730.0, 742.0], [696.0, 742.0]], [[84.0, 656.0], [500.0, 665.0], [498.0, 756.0], [82.0, 747.0]], [[649.0, 644.0], [830.0, 660.0], [824.0, 728.0], [643.0, 712.0]], [[805.0, 615.0], [1289.0, 615.0], [1289.0, 659.0], [805.0, 659.0]], [[1108.0, 565.0], [1165.0, 565.0], [1165.0, 607.0], [1108.0, 607.0]], [[968.0, 555.0], [994.0, 555.0], [994.0, 581.0], [968.0, 581.0]], [[1253.0, 531.0], [1602.0, 537.0], [1602.0, 591.0], [1252.0, 586.0]], [[1005.0, 523.0], [1276.0, 529.0], [1275.0, 576.0], [1004.0, 570.0]], [[1074.0, 477.0], [1136.0, 477.0], [1136.0, 521.0], [1074.0, 521.0]], [[968.0, 469.0], [991.0, 469.0], [991.0, 492.0], [968.0, 492.0]], [[1204.0, 445.0], [1615.0, 451.0], [1615.0, 505.0], [1203.0, 500.0]], [[1009.0, 440.0], [1211.0, 440.0], [1211.0, 487.0], [1009.0, 487.0]], [[385.0, 416.0], [532.0, 423.0], [528.0, 493.0], [382.0, 486.0]], [[1048.0, 393.0], [1092.0, 393.0], [1092.0, 430.0], [1048.0, 430.0]], [[220.0, 380.0], [378.0, 380.0], [378.0, 448.0], [220.0, 448.0]], [[385.0, 374.0], [537.0, 381.0], [534.0, 449.0], [382.0, 442.0]], [[1134.0, 365.0], [1462.0, 365.0], [1462.0, 417.0], [1134.0, 417.0]], [[1003.0, 346.0], [1140.0, 352.0], [1137.0, 402.0], [1001.0, 395.0]], [[901.0, 317.0], [1008.0, 303.0], [1014.0, 350.0], [907.0, 364.0]], [[413.0, 289.0], [549.0, 307.0], [540.0, 375.0], [404.0, 357.0]], [[241.0, 273.0], [406.0, 273.0], [406.0, 349.0], [241.0, 349.0]], [[987.0, 293.0], [1329.0, 262.0], [1335.0, 327.0], [993.0, 359.0]], [[1074.0, 279.0], [1087.0, 279.0], [1087.0, 294.0], [1074.0, 294.0]], [[409.0, 260.0], [544.0, 260.0], [544.0, 320.0], [409.0, 320.0]], [[942.0, 255.0], [1007.0, 255.0], [1007.0, 331.0], [942.0, 331.0]], [[272.0, 211.0], [378.0, 211.0], [378.0, 273.0], [272.0, 273.0]], [[800.0, 133.0], [1607.0, 133.0], [1607.0, 211.0], [800.0, 211.0]], [[223.0, 31.0], [657.0, 31.0], [657.0, 83.0], [223.0, 83.0]], [[800.0, 24.0], [1607.0, 18.0], [1608.0, 91.0], [800.0, 97.0]]]
2761_1080x1439_bing_online.jpg	[[[753.0, 1373.0], [1051.0, 1373.0], [1051.0, 1409.0], [753.0, 1409.0]], [[59.0, 1299.0], [942.0, 1307.0], [942.0, 1348.0], [58.0, 1340.0]], [[243.0, 1242.0], [526.0, 1246.0], [526.0, 1282.0], [242.0, 1278.0]], [[62.0, 1210.0], [962.0, 1214.0], [962.0, 1255.0], [61.0, 1250.0]], [[68.0, 1154.0], [459.0, 1159.0], [458.0, 1193.0], [67.0, 1189.0]], [[194.0, 1099.0], [861.0, 1108.0], [860.0, 1139.0], [193.0, 1130.0]], [[186.0, 1066.0], [965.0, 1076.0], [965.0, 1111.0], [185.0, 1100.0]], [[71.0, 1069.0], [198.0, 1069.0], [198.0, 1100.0], [71.0, 1100.0]], [[134.0, 1006.0], [818.0, 1020.0], [817.0, 1056.0], [133.0, 1042.0]], [[246.0, 980.0], [398.0, 987.0], [396.0, 1014.0], [245.0, 1007.0]], [[73.0, 947.0], [964.0, 964.0], [963.0, 1000.0], [72.0, 983.0]], [[249.0, 892.0], [882.0, 907.0], [882.0, 942.0], [248.0, 926.0]], [[252.0, 836.0], [746.0, 849.0], [745.0, 883.0], [251.0, 871.0]], [[266.0, 781.0], [635.0, 789.0], [635.0, 823.0], [265.0, 815.0]], [[143.0, 725.0], [560.0, 730.0], [560.0, 762.0], [143.0, 757.0]], [[146.0, 664.0], [703.0, 678.0], [702.0, 712.0], [145.0, 698.0]], [[150.0, 605.0], [597.0, 618.0], [596.0, 654.0], [148.0, 641.0]], [[150.0, 550.0], [807.0, 570.0], [806.0, 606.0], [148.0, 586.0]], [[155.0, 497.0], [485.0, 505.0], [484.0, 537.0], [155.0, 529.0]], [[154.0, 437.0], [508.0, 450.0], [507.0, 485.0], [153.0, 472.0]], [[162.0, 386.0], [737.0, 400.0], [736.0, 432.0], [161.0, 418.0]], [[258.0, 332.0], [749.0, 348.0], [748.0, 380.0], [257.0, 364.0]], [[163.0, 298.0], [982.0, 323.0], [981.0, 359.0], [162.0, 334.0]], [[169.0, 252.0], [393.0, 252.0], [393.0, 283.0], [169.0, 283.0]], [[118.0, 196.0], [565.0, 199.0], [564.0, 234.0], [118.0, 231.0]], [[123.0, 138.0], [577.0, 146.0], [576.0, 182.0], [123.0, 174.0]], [[123.0, 91.0], [440.0, 91.0], [440.0, 121.0], [123.0, 121.0]], [[121.0, 44.0], [250.0, 38.0], [252.0, 80.0], [123.0, 86.0]]]
2824_860x1216_bing_online.png	[[[157.0, 1092.0], [287.0, 1092.0], [287.0, 1110.0], [157.0, 1110.0]], [[159.0, 1059.0], [283.0, 1059.0], [283.0, 1075.0], [159.0, 1075.0]], [[157.0, 1023.0], [214.0, 1023.0], [214.0, 1042.0], [157.0, 1042.0]], [[157.0, 992.0], [384.0, 992.0], [384.0, 1008.0], [157.0, 1008.0]], [[157.0, 958.0], [353.0, 958.0], [353.0, 974.0], [157.0, 974.0]], [[156.0, 923.0], [369.0, 922.0], [369.0, 940.0], [156.0, 941.0]], [[157.0, 890.0], [475.0, 890.0], [475.0, 907.0], [157.0, 907.0]], [[127.0, 854.0], [639.0, 856.0], [639.0, 874.0], [127.0, 871.0]], [[159.0, 822.0], [729.0, 822.0], [729.0, 839.0], [159.0, 839.0]], [[159.0, 787.0], [230.0, 787.0], [230.0, 804.0], [159.0, 804.0]], [[129.0, 755.0], [729.0, 755.0], [729.0, 771.0], [129.0, 771.0]], [[159.0, 719.0], [729.0, 719.0], [729.0, 736.0], [159.0, 736.0]], [[129.0, 689.0], [367.0, 689.0], [367.0, 702.0], [129.0, 702.0]], [[157.0, 654.0], [731.0, 654.0], [731.0, 670.0], [157.0, 670.0]], [[160.0, 621.0], [223.0, 621.0], [223.0, 635.0], [160.0, 635.0]], [[131.0, 588.0], [471.0, 588.0], [471.0, 600.0], [131.0, 600.0]], [[128.0, 552.0], [732.0, 552.0], [732.0, 569.0], [128.0, 569.0]], [[159.0, 518.0], [731.0, 518.0], [731.0, 535.0], [159.0, 535.0]], [[500.0, 475.0], [560.0, 478.0], [558.0, 502.0], [499.0, 499.0]], [[463.0, 469.0], [488.0, 469.0], [488.0, 484.0], [463.0, 484.0]], [[494.0, 444.0], [567.0, 447.0], [566.0, 475.0], [492.0, 472.0]], [[305.0, 444.0], [420.0, 449.0], [419.0, 471.0], [304.0, 467.0]], [[433.0, 433.0], [463.0, 433.0], [463.0, 452.0], [433.0, 452.0]], [[521.0, 414.0], [580.0, 414.0], [580.0, 438.0], [521.0, 438.0]], [[305.0, 412.0], [422.0, 412.0], [422.0, 438.0], [305.0, 438.0]], [[467.0, 402.0], [486.0, 402.0], [486.0, 419.0], [467.0, 419.0]], [[497.0, 385.0], [601.0, 385.0], [601.0, 412.0], [497.0, 412.0]], [[380.0, 347.0], [415.0, 350.0], [413.0, 372.0], [378.0, 368.0]], [[484.0, 345.0], [500.0, 345.0], [500.0, 366.0], [484.0, 366.0]], [[386.0, 331.0], [411.0, 331.0], [411.0, 355.0], [386.0, 355.0]], [[425.0, 289.0], [453.0, 289.0], [453.0, 323.0], [425.0, 323.0]], [[472.0, 260.0], [491.0, 260.0], [491.0, 276.0], [472.0, 276.0]], [[406.0, 243.0], [443.0, 243.0], [443.0, 267.0], [406.0, 267.0]], [[129.0, 214.0], [395.0, 214.0], [395.0, 231.0], [129.0, 231.0]], [[159.0, 180.0], [723.0, 180.0], [723.0, 196.0], [159.0, 196.0]], [[159.0, 146.0], [374.0, 146.0], [374.0, 162.0], [159.0, 162.0]], [[157.0, 110.0], [214.0, 113.0], [213.0, 131.0], [156.0, 128.0]]]
2881_1436x1957_bing_online.jpg	[[[1281.0, 1922.0], [1424.0, 1922.0], [1424.0, 1951.0], [1281.0, 1951.0]], [[122.0, 1886.0], [514.0, 1869.0], [517.0, 1924.0], [124.0, 1941.0]], [[563.0, 1837.0], [844.0, 1832.0], [845.0, 1883.0], [564.0, 1888.0]], [[121.0, 1834.0], [512.0, 1813.0], [515.0, 1868.0], [124.0, 1889.0]], [[685.0, 1798.0], [724.0, 1798.0], [724.0, 1833.0], [685.0, 1833.0]], [[65.0, 1776.0], [519.0, 1761.0], [521.0, 1810.0], [66.0, 1825.0]], [[562.0, 1764.0], [727.0, 1736.0], [737.0, 1793.0], [572.0, 1821.0]], [[38.0, 1707.0], [589.0, 1696.0], [590.0, 1745.0], [39.0, 1755.0]], [[598.0, 1694.0], [665.0, 1694.0], [665.0, 1743.0], [598.0, 1743.0]], [[1073.0, 1645.0], [1095.0, 1645.0], [1095.0, 1663.0], [1073.0, 1663.0]], [[69.0, 1633.0], [631.0, 1618.0], [633.0, 1667.0], [70.0, 1682.0]], [[798.0, 1590.0], [808.0, 1590.0], [808.0, 1604.0], [798.0, 1604.0]], [[964.0, 1576.0], [986.0, 1573.0], [992.0, 1617.0], [970.0, 1620.0]], [[820.0, 1570.0], [855.0, 1570.0], [855.0, 1615.0], [820.0, 1615.0]], [[598.0, 1551.0], [770.0, 1560.0], [767.0, 1611.0], [595.0, 1601.0]], [[544.0, 1559.0], [567.0, 1571.0], [554.0, 1599.0], [530.0, 1587.0]], [[445.0, 1562.0], [490.0, 1562.0], [490.0, 1596.0], [445.0, 1596.0]], [[1106.0, 1562.0], [1128.0, 1562.0], [1128.0, 1580.0], [1106.0, 1580.0]], [[767.0, 1553.0], [785.0, 1553.0], [785.0, 1576.0], [767.0, 1576.0]], [[494.0, 1549.0], [510.0, 1549.0], [510.0, 1568.0], [494.0, 1568.0]], [[400.0, 1531.0], [443.0, 1531.0], [443.0, 1586.0], [400.0, 1586.0]], [[914.0, 1521.0], [1010.0, 1521.0], [1010.0, 1584.0], [914.0, 1584.0]], [[820.0, 1527.0], [863.0, 1527.0], [863.0, 1564.0], [820.0, 1564.0]], [[100.0, 1511.0], [180.0, 1511.0], [180.0, 1547.0], [100.0, 1547.0]], [[131.0, 1488.0], [169.0, 1488.0], [169.0, 1513.0], [131.0, 1513.0]], [[572.0, 1469.0], [725.0, 1474.0], [723.0, 1519.0], [571.0, 1514.0]], [[322.0, 1474.0], [341.0, 1466.0], [351.0, 1488.0], [332.0, 1496.0]], [[141.0, 1460.0], [163.0, 1460.0], [163.0, 1478.0], [141.0, 1478.0]], [[583.0, 1423.0], [675.0, 1423.0], [675.0, 1478.0], [583.0, 1478.0]], [[318.0, 1427.0], [335.0, 1411.0], [352.0, 1428.0], [336.0, 1444.0]], [[145.0, 1409.0], [155.0, 1409.0], [155.0, 1419.0], [145.0, 1419.0]], [[557.0, 1374.0], [806.0, 1374.0], [806.0, 1423.0], [557.0, 1423.0]], [[259.0, 1378.0], [284.0, 1378.0], [284.0, 1396.0], [259.0, 1396.0]], [[385.0, 1337.0], [564.0, 1342.0], [561.0, 1417.0], [383.0, 1412.0]], [[102.0, 1347.0], [180.0, 1347.0], [180.0, 1384.0], [102.0, 1384.0]], [[594.0, 1329.0], [689.0, 1329.0], [689.0, 1376.0], [594.0, 1376.0]], [[53.0, 1284.0], [373.0, 1284.0], [373.0, 1327.0], [53.0, 1327.0]], [[55.0, 1233.0], [447.0, 1233.0], [447.0, 1268.0], [55.0, 1268.0]], [[93.0, 1116.0], [155.0, 1110.0], [158.0, 1141.0], [96.0, 1146.0]], [[349.0, 1099.0], [359.0, 1099.0], [359.0, 1109.0], [349.0, 1109.0]], [[67.0, 993.0], [161.0, 993.0], [161.0, 1048.0], [67.0, 1048.0]], [[32.0, 924.0], [370.0, 911.0], [372.0, 954.0], [34.0, 967.0]], [[247.0, 866.0], [298.0, 866.0], [298.0, 889.0], [247.0, 889.0]], [[146.0, 824.0], [170.0, 836.0], [158.0, 861.0], [134.0, 849.0]], [[104.0, 785.0], [177.0, 785.0], [177.0, 824.0], [104.0, 824.0]], [[331.0, 792.0], [423.0, 780.0], [428.0, 810.0], [335.0, 823.0]], [[985.0, 752.0], [1246.0, 752.0], [1246.0, 826.0], [985.0, 826.0]], [[22.0, 702.0], [1288.0, 674.0], [1290.0, 729.0], [23.0, 757.0]], [[53.0, 634.0], [748.0, 628.0], [749.0, 671.0], [53.0, 677.0]], [[55.0, 557.0], [656.0, 544.0], [657.0, 599.0], [56.0, 612.0]], [[55.0, 508.0], [586.0, 491.0], [588.0, 540.0], [56.0, 557.0]], [[59.0, 448.0], [216.0, 448.0], [216.0, 493.0], [59.0, 493.0]], [[129.0, 361.0], [212.0, 361.0], [212.0, 389.0], [129.0, 389.0]], [[157.0, 338.0], [202.0, 338.0], [202.0, 363.0], [157.0, 363.0]], [[157.0, 314.0], [204.0, 314.0], [204.0, 345.0], [157.0, 345.0]], [[165.0, 296.0], [202.0, 296.0], [202.0, 320.0], [165.0, 320.0]], [[368.0, 291.0], [419.0, 283.0], [424.0, 314.0], [372.0, 321.0]], [[308.0, 229.0], [348.0, 236.0], [344.0, 258.0], [305.0, 252.0]], [[373.0, 228.0], [422.0, 228.0], [422.0, 259.0], [373.0, 259.0]], [[221.0, 226.0], [311.0, 231.0], [309.0, 261.0], [220.0, 256.0]], [[290.0, 202.0], [330.0, 202.0], [330.0, 224.0], [290.0, 224.0]], [[345.0, 190.0], [406.0, 190.0], [406.0, 228.0], [345.0, 228.0]], [[66.0, 170.0], [210.0, 160.0], [213.0, 211.0], [70.0, 221.0]], [[306.0, 151.0], [330.0, 151.0], [330.0, 169.0], [306.0, 169.0]], [[446.0, 125.0], [701.0, 118.0], [702.0, 169.0], [448.0, 176.0]], [[82.0, 94.0], [216.0, 94.0], [216.0, 130.0], [82.0, 130.0]], [[75.0, 20.0], [275.0, 20.0], [275.0, 69.0], [75.0, 69.0]]]
2945_1440x1891_bing_online.jpg	[[[1170.0, 1807.0], [1406.0, 1802.0], [1407.0, 1851.0], [1171.0, 1856.0]], [[436.0, 1696.0], [464.0, 1696.0], [464.0, 1722.0], [436.0, 1722.0]], [[273.0, 1578.0], [404.0, 1573.0], [406.0, 1623.0], [275.0, 1628.0]], [[734.0, 1574.0], [753.0, 1574.0], [753.0, 1592.0], [734.0, 1592.0]], [[536.0, 1564.0], [558.0, 1564.0], [558.0, 1584.0], [536.0, 1584.0]], [[501.0, 1495.0], [538.0, 1495.0], [538.0, 1529.0], [501.0, 1529.0]], [[585.0, 1481.0], [616.0, 1481.0], [616.0, 1531.0], [585.0, 1531.0]], [[536.0, 1477.0], [599.0, 1477.0], [599.0, 1531.0], [536.0, 1531.0]], [[348.0, 1462.0], [364.0, 1462.0], [364.0, 1483.0], [348.0, 1483.0]], [[409.0, 1448.0], [425.0, 1448.0], [425.0, 1466.0], [409.0, 1466.0]], [[452.0, 1442.0], [536.0, 1428.0], [544.0, 1481.0], [460.0, 1495.0]], [[523.0, 1420.0], [603.0, 1413.0], [610.0, 1494.0], [530.0, 1501.0]], [[377.0, 1407.0], [453.0, 1404.0], [459.0, 1542.0], [382.0, 1545.0]], [[612.0, 1365.0], [646.0, 1365.0], [646.0, 1389.0], [612.0, 1389.0]], [[577.0, 1286.0], [591.0, 1286.0], [591.0, 1308.0], [577.0, 1308.0]], [[462.0, 1282.0], [491.0, 1282.0], [491.0, 1359.0], [462.0, 1359.0]], [[423.0, 1282.0], [432.0, 1282.0], [432.0, 1294.0], [423.0, 1294.0]], [[790.0, 1270.0], [817.0, 1268.0], [822.0, 1360.0], [795.0, 1362.0]], [[655.0, 1274.0], [665.0, 1274.0], [665.0, 1286.0], [655.0, 1286.0]], [[286.0, 1272.0], [301.0, 1272.0], [301.0, 1294.0], [286.0, 1294.0]], [[835.0, 1267.0], [875.0, 1267.0], [875.0, 1298.0], [835.0, 1298.0]], [[178.0, 1261.0], [237.0, 1261.0], [237.0, 1312.0], [178.0, 1312.0]], [[1149.0, 1264.0], [1200.0, 1255.0], [1205.0, 1287.0], [1154.0, 1296.0]], [[1121.0, 1260.0], [1148.0, 1258.0], [1153.0, 1352.0], [1125.0, 1354.0]], [[227.0, 1245.0], [292.0, 1245.0], [292.0, 1326.0], [227.0, 1326.0]], [[655.0, 1257.0], [673.0, 1257.0], [673.0, 1269.0], [655.0, 1269.0]], [[615.0, 1250.0], [602.0, 1264.0], [629.0, 1264.0], [602.0, 1264.0]], [[505.0, 1249.0], [562.0, 1249.0], [562.0, 1286.0], [505.0, 1286.0]], [[322.0, 1254.0], [334.0, 1259.0], [329.0, 1270.0], [317.0, 1264.0]], [[630.0, 1253.0], [650.0, 1253.0], [650.0, 1271.0], [630.0, 1271.0]], [[468.0, 1249.0], [491.0, 1249.0], [491.0, 1290.0], [468.0, 1290.0]], [[1127.0, 1245.0], [1152.0, 1245.0], [1152.0, 1271.0], [1127.0, 1271.0]], [[391.0, 1204.0], [381.0, 1214.0], [404.0, 1216.0], [393.0, 1227.0]], [[133.0, 1192.0], [371.0, 1185.0], [372.0, 1227.0], [134.0, 1233.0]], [[454.0, 1186.0], [1336.0, 1164.0], [1337.0, 1209.0], [455.0, 1231.0]], [[413.0, 1142.0], [711.0, 1149.0], [710.0, 1188.0], [413.0, 1182.0]], [[362.0, 1142.0], [409.0, 1142.0], [409.0, 1174.0], [362.0, 1174.0]], [[357.0, 1116.0], [414.0, 1110.0], [418.0, 1149.0], [361.0, 1155.0]], [[724.0, 1107.0], [785.0, 1107.0], [785.0, 1178.0], [724.0, 1178.0]], [[405.0, 1105.0], [692.0, 1101.0], [693.0, 1142.0], [405.0, 1147.0]], [[344.0, 1066.0], [708.0, 1062.0], [708.0, 1101.0], [345.0, 1105.0]], [[344.0, 1023.0], [921.0, 1012.0], [922.0, 1065.0], [345.0, 1076.0]], [[767.0, 1001.0], [869.0, 1001.0], [869.0, 1036.0], [767.0, 1036.0]], [[252.0, 991.0], [686.0, 979.0], [687.0, 1020.0], [253.0, 1033.0]], [[710.0, 971.0], [920.0, 971.0], [920.0, 1018.0], [710.0, 1018.0]], [[278.0, 934.0], [321.0, 934.0], [321.0, 985.0], [278.0, 985.0]], [[258.0, 902.0], [401.0, 902.0], [401.0, 938.0], [258.0, 938.0]], [[241.0, 886.0], [250.0, 886.0], [250.0, 898.0], [241.0, 898.0]], [[250.0, 855.0], [502.0, 849.0], [503.0, 904.0], [251.0, 910.0]], [[336.0, 824.0], [421.0, 819.0], [423.0, 862.0], [338.0, 867.0]], [[152.0, 786.0], [1132.0, 766.0], [1133.0, 819.0], [153.0, 839.0]], [[220.0, 753.0], [450.0, 736.0], [453.0, 775.0], [223.0, 793.0]], [[162.0, 718.0], [678.0, 693.0], [680.0, 734.0], [164.0, 759.0]], [[81.0, 684.0], [213.0, 675.0], [216.0, 718.0], [84.0, 728.0]], [[288.0, 601.0], [366.0, 601.0], [366.0, 636.0], [288.0, 636.0]], [[820.0, 571.0], [904.0, 571.0], [904.0, 615.0], [820.0, 615.0]], [[290.0, 573.0], [372.0, 573.0], [372.0, 611.0], [290.0, 611.0]], [[824.0, 546.0], [904.0, 546.0], [904.0, 589.0], [824.0, 589.0]], [[374.0, 555.0], [526.0, 540.0], [529.0, 582.0], [378.0, 596.0]], [[287.0, 548.0], [384.0, 543.0], [386.0, 579.0], [289.0, 584.0]], [[662.0, 531.0], [827.0, 519.0], [831.0, 566.0], [666.0, 578.0]], [[820.0, 518.0], [1041.0, 518.0], [1041.0, 567.0], [820.0, 567.0]], [[815.0, 499.0], [915.0, 494.0], [916.0, 530.0], [817.0, 534.0]], [[189.0, 497.0], [576.0, 480.0], [578.0, 521.0], [191.0, 538.0]], [[266.0, 410.0], [346.0, 410.0], [346.0, 447.0], [266.0, 447.0]], [[481.0, 412.0], [505.0, 412.0], [505.0, 459.0], [481.0, 459.0]], [[264.0, 383.0], [707.0, 362.0], [709.0, 403.0], [265.0, 424.0]], [[239.0, 366.0], [266.0, 366.0], [266.0, 408.0], [239.0, 408.0]], [[257.0, 359.0], [362.0, 352.0], [365.0, 387.0], [260.0, 395.0]], [[133.0, 324.0], [557.0, 309.0], [558.0, 356.0], [134.0, 371.0]], [[258.0, 284.0], [329.0, 284.0], [329.0, 321.0], [258.0, 321.0]], [[427.0, 276.0], [503.0, 276.0], [503.0, 313.0], [427.0, 313.0]], [[419.0, 256.0], [440.0, 256.0], [440.0, 270.0], [419.0, 270.0]], [[255.0, 253.0], [430.0, 239.0], [433.0, 281.0], [259.0, 294.0]], [[422.0, 242.0], [542.0, 229.0], [547.0, 280.0], [428.0, 293.0]], [[254.0, 227.0], [376.0, 218.0], [378.0, 251.0], [256.0, 261.0]], [[420.0, 210.0], [587.0, 198.0], [590.0, 239.0], [423.0, 251.0]], [[185.0, 193.0], [330.0, 187.0], [331.0, 222.0], [187.0, 229.0]], [[182.0, 160.0], [455.0, 151.0], [456.0, 187.0], [183.0, 195.0]], [[749.0, 142.0], [952.0, 133.0], [953.0, 175.0], [751.0, 184.0]], [[180.0, 126.0], [518.0, 120.0], [519.0, 161.0], [181.0, 168.0]], [[723.0, 109.0], [893.0, 100.0], [895.0, 141.0], [725.0, 150.0]], [[182.0, 97.0], [475.0, 97.0], [475.0, 130.0], [182.0, 130.0]], [[726.0, 71.0], [942.0, 65.0], [943.0, 98.0], [727.0, 105.0]], [[180.0, 65.0], [671.0, 59.0], [671.0, 98.0], [180.0, 105.0]], [[127.0, 38.0], [495.0, 31.0], [495.0, 71.0], [128.0, 77.0]], [[685.0, 28.0], [931.0, 28.0], [931.0, 67.0], [685.0, 67.0]], [[86.0, 6.0], [192.0, 6.0], [192.0, 41.0], [86.0, 41.0]]]
295_1080x1178_bing_online.jpg	[[[875.0, 1107.0], [1056.0, 1103.0], [1057.0, 1151.0], [876.0, 1155.0]], [[19.0, 1113.0], [773.0, 1097.0], [774.0, 1159.0], [20.0, 1176.0]], [[22.0, 1052.0], [559.0, 1038.0], [561.0, 1104.0], [24.0, 1118.0]], [[22.0, 991.0], [585.0, 979.0], [586.0, 1045.0], [24.0, 1057.0]], [[35.0, 932.0], [790.0, 914.0], [791.0, 975.0], [36.0, 993.0]], [[33.0, 876.0], [209.0, 873.0], [210.0, 927.0], [34.0, 930.0]], [[33.0, 816.0], [398.0, 810.0], [399.0, 865.0], [34.0, 872.0]], [[34.0, 758.0], [210.0, 758.0], [210.0, 806.0], [34.0, 806.0]], [[30.0, 696.0], [223.0, 696.0], [223.0, 752.0], [30.0, 752.0]], [[1035.0, 691.0], [1079.0, 691.0], [1079.0, 746.0], [1035.0, 746.0]], [[934.0, 639.0], [1078.0, 639.0], [1078.0, 688.0], [934.0, 688.0]], [[117.0, 627.0], [959.0, 627.0], [959.0, 698.0], [117.0, 698.0]], [[55.0, 632.0], [101.0, 637.0], [95.0, 697.0], [50.0, 692.0]], [[117.0, 578.0], [1075.0, 574.0], [1075.0, 637.0], [117.0, 641.0]], [[32.0, 570.0], [118.0, 586.0], [107.0, 652.0], [20.0, 636.0]], [[47.0, 526.0], [160.0, 526.0], [160.0, 580.0], [47.0, 580.0]], [[49.0, 466.0], [268.0, 460.0], [269.0, 520.0], [51.0, 526.0]], [[790.0, 415.0], [951.0, 415.0], [951.0, 471.0], [790.0, 471.0]], [[58.0, 412.0], [767.0, 420.0], [766.0, 469.0], [58.0, 461.0]], [[65.0, 353.0], [1003.0, 361.0], [1003.0, 419.0], [65.0, 411.0]], [[57.0, 293.0], [182.0, 293.0], [182.0, 357.0], [57.0, 357.0]], [[146.0, 281.0], [186.0, 281.0], [186.0, 293.0], [146.0, 293.0]], [[77.0, 214.0], [534.0, 202.0], [536.0, 278.0], [79.0, 290.0]], [[492.0, 194.0], [793.0, 194.0], [793.0, 281.0], [492.0, 281.0]], [[86.0, 142.0], [575.0, 130.0], [577.0, 197.0], [88.0, 209.0]], [[72.0, 67.0], [227.0, 67.0], [227.0, 136.0], [72.0, 136.0]], [[322.0, 68.0], [594.0, 59.0], [596.0, 132.0], [325.0, 141.0]], [[71.0, 0.0], [339.0, 0.0], [339.0, 69.0], [71.0, 69.0]]]
3177_1822x2576_bing_online.png	[[[93.0, 2245.0], [1099.0, 2263.0], [1097.0, 2354.0], [92.0, 2337.0]], [[87.0, 2184.0], [1068.0, 2184.0], [1068.0, 2257.0], [87.0, 2257.0]], [[104.0, 2093.0], [654.0, 2101.0], [653.0, 2177.0], [103.0, 2168.0]], [[30.0, 2090.0], [76.0, 2090.0], [76.0, 2155.0], [30.0, 2155.0]], [[27.0, 1996.0], [84.0, 1996.0], [84.0, 2061.0], [27.0, 2061.0]], [[96.0, 1980.0], [960.0, 1991.0], [959.0, 2072.0], [95.0, 2060.0]], [[96.0, 1865.0], [613.0, 1873.0], [612.0, 1938.0], [95.0, 1929.0]], [[135.0, 1750.0], [931.0, 1733.0], [933.0, 1835.0], [137.0, 1852.0]], [[592.0, 1598.0], [974.0, 1571.0], [981.0, 1654.0], [598.0, 1682.0]], [[1094.0, 1568.0], [1503.0, 1553.0], [1506.0, 1636.0], [1098.0, 1651.0]], [[0.0, 1552.0], [433.0, 1525.0], [438.0, 1619.0], [0.0, 1647.0]], [[447.0, 1516.0], [792.0, 1516.0], [792.0, 1599.0], [447.0, 1599.0]], [[1016.0, 1465.0], [1529.0, 1459.0], [1529.0, 1535.0], [1017.0, 1541.0]], [[146.0, 1415.0], [974.0, 1392.0], [977.0, 1475.0], [148.0, 1498.0]], [[1025.0, 1286.0], [1648.0, 1277.0], [1649.0, 1352.0], [1026.0, 1361.0]], [[195.0, 1273.0], [584.0, 1295.0], [580.0, 1370.0], [191.0, 1348.0]], [[418.0, 1250.0], [586.0, 1250.0], [586.0, 1307.0], [418.0, 1307.0]], [[896.0, 1169.0], [1330.0, 1144.0], [1336.0, 1238.0], [901.0, 1263.0]], [[88.0, 1072.0], [509.0, 1042.0], [514.0, 1117.0], [93.0, 1147.0]], [[991.0, 1013.0], [1573.0, 989.0], [1576.0, 1070.0], [995.0, 1093.0]], [[89.0, 961.0], [476.0, 952.0], [478.0, 1035.0], [91.0, 1044.0]], [[889.0, 907.0], [1003.0, 907.0], [1003.0, 982.0], [889.0, 982.0]], [[964.0, 908.0], [1334.0, 893.0], [1338.0, 970.0], [968.0, 986.0]], [[5.0, 824.0], [862.0, 818.0], [862.0, 920.0], [6.0, 926.0]], [[973.0, 767.0], [1375.0, 779.0], [1373.0, 865.0], [970.0, 853.0]], [[323.0, 749.0], [336.0, 749.0], [336.0, 762.0], [323.0, 762.0]], [[347.0, 700.0], [464.0, 700.0], [464.0, 786.0], [347.0, 786.0]], [[44.0, 694.0], [153.0, 682.0], [162.0, 763.0], [53.0, 775.0]], [[220.0, 687.0], [287.0, 687.0], [287.0, 733.0], [220.0, 733.0]], [[884.0, 644.0], [1358.0, 641.0], [1359.0, 727.0], [884.0, 730.0]], [[569.0, 580.0], [651.0, 580.0], [651.0, 633.0], [569.0, 633.0]], [[382.0, 572.0], [499.0, 572.0], [499.0, 631.0], [382.0, 631.0]], [[296.0, 596.0], [320.0, 572.0], [344.0, 596.0], [320.0, 620.0]], [[241.0, 577.0], [268.0, 577.0], [268.0, 606.0], [241.0, 606.0]], [[79.0, 555.0], [133.0, 555.0], [133.0, 606.0], [79.0, 606.0]], [[681.0, 542.0], [746.0, 542.0], [746.0, 601.0], [681.0, 601.0]], [[521.0, 539.0], [556.0, 551.0], [543.0, 591.0], [507.0, 580.0]], [[168.0, 550.0], [195.0, 550.0], [195.0, 577.0], [168.0, 577.0]], [[942.0, 503.0], [1399.0, 485.0], [1403.0, 579.0], [946.0, 597.0]], [[62.0, 494.0], [136.0, 494.0], [136.0, 566.0], [62.0, 566.0]], [[257.0, 403.0], [597.0, 388.0], [600.0, 455.0], [260.0, 470.0]], [[874.0, 388.0], [1285.0, 364.0], [1289.0, 442.0], [879.0, 466.0]], [[68.0, 330.0], [469.0, 330.0], [469.0, 394.0], [68.0, 394.0]], [[575.0, 303.0], [751.0, 303.0], [751.0, 397.0], [575.0, 397.0]], [[902.0, 272.0], [1108.0, 244.0], [1121.0, 332.0], [914.0, 360.0]], [[611.0, 224.0], [750.0, 213.0], [755.0, 275.0], [616.0, 286.0]], [[48.0, 212.0], [625.0, 203.0], [627.0, 295.0], [50.0, 304.0]], [[889.0, 153.0], [954.0, 153.0], [954.0, 220.0], [889.0, 220.0]], [[934.0, 133.0], [1358.0, 111.0], [1362.0, 197.0], [938.0, 219.0]], [[320.0, 97.0], [618.0, 97.0], [618.0, 204.0], [320.0, 204.0]], [[263.0, 72.0], [325.0, 72.0], [325.0, 131.0], [263.0, 131.0]], [[28.0, 40.0], [212.0, 46.0], [210.0, 94.0], [27.0, 88.0]]]
321_794x1123_bing_online.png	[[[380.0, 1026.0], [417.0, 1026.0], [417.0, 1045.0], [380.0, 1045.0]], [[53.0, 998.0], [151.0, 998.0], [151.0, 1018.0], [53.0, 1018.0]], [[65.0, 967.0], [114.0, 964.0], [115.0, 985.0], [66.0, 988.0]], [[99.0, 901.0], [134.0, 912.0], [127.0, 935.0], [92.0, 924.0]], [[254.0, 900.0], [294.0, 900.0], [294.0, 922.0], [254.0, 922.0]], [[339.0, 896.0], [404.0, 893.0], [406.0, 919.0], [340.0, 922.0]], [[146.0, 901.0], [199.0, 890.0], [205.0, 917.0], [152.0, 927.0]], [[197.0, 866.0], [241.0, 866.0], [241.0, 889.0], [197.0, 889.0]], [[64.0, 839.0], [111.0, 835.0], [113.0, 857.0], [67.0, 862.0]], [[292.0, 815.0], [308.0, 815.0], [308.0, 833.0], [292.0, 833.0]], [[136.0, 812.0], [160.0, 816.0], [156.0, 836.0], [133.0, 832.0]], [[54.0, 779.0], [204.0, 779.0], [204.0, 799.0], [54.0, 799.0]], [[53.0, 746.0], [111.0, 746.0], [111.0, 769.0], [53.0, 769.0]], [[386.0, 711.0], [481.0, 711.0], [481.0, 731.0], [386.0, 731.0]], [[262.0, 710.0], [351.0, 709.0], [351.0, 730.0], [263.0, 731.0]], [[167.0, 709.0], [236.0, 709.0], [236.0, 730.0], [167.0, 730.0]], [[58.0, 710.0], [133.0, 709.0], [134.0, 731.0], [58.0, 732.0]], [[57.0, 679.0], [88.0, 676.0], [90.0, 695.0], [60.0, 699.0]], [[243.0, 606.0], [285.0, 603.0], [286.0, 626.0], [245.0, 629.0]], [[132.0, 606.0], [173.0, 603.0], [176.0, 626.0], [134.0, 630.0]], [[343.0, 606.0], [404.0, 602.0], [406.0, 623.0], [345.0, 627.0]], [[241.0, 581.0], [249.0, 581.0], [249.0, 587.0], [241.0, 587.0]], [[191.0, 570.0], [226.0, 570.0], [226.0, 593.0], [191.0, 593.0]], [[59.0, 542.0], [90.0, 542.0], [90.0, 560.0], [59.0, 560.0]], [[53.0, 510.0], [561.0, 510.0], [561.0, 526.0], [53.0, 526.0]], [[50.0, 443.0], [109.0, 443.0], [109.0, 469.0], [50.0, 469.0]], [[84.0, 416.0], [729.0, 416.0], [729.0, 433.0], [84.0, 433.0]], [[53.0, 384.0], [123.0, 384.0], [123.0, 405.0], [53.0, 405.0]], [[53.0, 351.0], [117.0, 351.0], [117.0, 372.0], [53.0, 372.0]], [[155.0, 318.0], [444.0, 319.0], [444.0, 343.0], [155.0, 342.0]], [[58.0, 322.0], [116.0, 319.0], [117.0, 340.0], [59.0, 343.0]], [[54.0, 292.0], [722.0, 292.0], [722.0, 309.0], [54.0, 309.0]], [[275.0, 225.0], [361.0, 222.0], [362.0, 243.0], [276.0, 246.0]], [[226.0, 221.0], [265.0, 221.0], [265.0, 243.0], [226.0, 243.0]], [[365.0, 209.0], [455.0, 209.0], [455.0, 229.0], [365.0, 229.0]], [[53.0, 208.0], [226.0, 209.0], [226.0, 229.0], [53.0, 228.0]], [[312.0, 199.0], [328.0, 199.0], [328.0, 218.0], [312.0, 218.0]], [[236.0, 199.0], [253.0, 199.0], [253.0, 216.0], [236.0, 216.0]], [[53.0, 165.0], [112.0, 165.0], [112.0, 186.0], [53.0, 186.0]], [[59.0, 135.0], [492.0, 135.0], [492.0, 154.0], [59.0, 154.0]], [[60.0, 104.0], [240.0, 104.0], [240.0, 120.0], [60.0, 120.0]], [[54.0, 68.0], [733.0, 68.0], [733.0, 84.0], [54.0, 84.0]]]
3245_993x1404_bing_online.jpg	[[[483.0, 1283.0], [504.0, 1283.0], [504.0, 1300.0], [483.0, 1300.0]], [[146.0, 1188.0], [499.0, 1188.0], [499.0, 1208.0], [146.0, 1208.0]], [[463.0, 1144.0], [634.0, 1144.0], [634.0, 1173.0], [463.0, 1173.0]], [[149.0, 1147.0], [427.0, 1147.0], [427.0, 1167.0], [149.0, 1167.0]], [[145.0, 1091.0], [702.0, 1090.0], [702.0, 1120.0], [145.0, 1122.0]], [[523.0, 1046.0], [590.0, 1046.0], [590.0, 1068.0], [523.0, 1068.0]], [[465.0, 1046.0], [498.0, 1046.0], [498.0, 1071.0], [465.0, 1071.0]], [[426.0, 1050.0], [444.0, 1037.0], [460.0, 1057.0], [441.0, 1071.0]], [[454.0, 1040.0], [463.0, 1040.0], [463.0, 1047.0], [454.0, 1047.0]], [[146.0, 1031.0], [364.0, 1031.0], [364.0, 1052.0], [146.0, 1052.0]], [[386.0, 1023.0], [429.0, 1035.0], [420.0, 1064.0], [378.0, 1052.0]], [[590.0, 1027.0], [656.0, 1027.0], [656.0, 1053.0], [590.0, 1053.0]], [[440.0, 1018.0], [454.0, 1023.0], [446.0, 1040.0], [433.0, 1034.0]], [[523.0, 1017.0], [587.0, 1013.0], [589.0, 1041.0], [524.0, 1045.0]], [[142.0, 980.0], [596.0, 980.0], [596.0, 1000.0], [142.0, 1000.0]], [[146.0, 955.0], [352.0, 955.0], [352.0, 974.0], [146.0, 974.0]], [[145.0, 929.0], [844.0, 929.0], [844.0, 948.0], [145.0, 948.0]], [[146.0, 901.0], [805.0, 901.0], [805.0, 920.0], [146.0, 920.0]], [[148.0, 875.0], [842.0, 876.0], [842.0, 897.0], [148.0, 895.0]], [[146.0, 850.0], [844.0, 850.0], [844.0, 870.0], [146.0, 870.0]], [[686.0, 809.0], [726.0, 809.0], [726.0, 832.0], [686.0, 832.0]], [[661.0, 809.0], [695.0, 809.0], [695.0, 834.0], [661.0, 834.0]], [[688.0, 778.0], [800.0, 794.0], [795.0, 825.0], [684.0, 809.0]], [[662.0, 784.0], [687.0, 776.0], [696.0, 805.0], [671.0, 813.0]], [[145.0, 746.0], [452.0, 746.0], [452.0, 766.0], [145.0, 766.0]], [[143.0, 718.0], [180.0, 718.0], [180.0, 743.0], [143.0, 743.0]], [[145.0, 693.0], [844.0, 693.0], [844.0, 714.0], [145.0, 714.0]], [[151.0, 654.0], [454.0, 654.0], [454.0, 674.0], [151.0, 674.0]], [[154.0, 534.0], [176.0, 534.0], [176.0, 551.0], [154.0, 551.0]], [[158.0, 516.0], [168.0, 516.0], [168.0, 526.0], [158.0, 526.0]], [[173.0, 446.0], [195.0, 446.0], [195.0, 464.0], [173.0, 464.0]], [[145.0, 408.0], [210.0, 408.0], [210.0, 430.0], [145.0, 430.0]], [[142.0, 379.0], [665.0, 380.0], [665.0, 405.0], [142.0, 404.0]], [[343.0, 332.0], [358.0, 340.0], [350.0, 355.0], [335.0, 348.0]], [[143.0, 327.0], [255.0, 339.0], [252.0, 368.0], [139.0, 356.0]], [[195.0, 299.0], [244.0, 295.0], [246.0, 317.0], [196.0, 321.0]], [[474.0, 292.0], [582.0, 292.0], [582.0, 317.0], [474.0, 317.0]], [[412.0, 284.0], [446.0, 284.0], [446.0, 317.0], [412.0, 317.0]], [[273.0, 291.0], [286.0, 279.0], [300.0, 293.0], [287.0, 305.0]], [[230.0, 280.0], [273.0, 286.0], [270.0, 308.0], [226.0, 302.0]], [[163.0, 275.0], [185.0, 275.0], [185.0, 287.0], [163.0, 287.0]], [[358.0, 269.0], [389.0, 269.0], [389.0, 300.0], [358.0, 300.0]], [[436.0, 259.0], [477.0, 266.0], [473.0, 289.0], [432.0, 283.0]], [[199.0, 263.0], [228.0, 263.0], [228.0, 279.0], [199.0, 279.0]], [[230.0, 257.0], [289.0, 265.0], [286.0, 288.0], [227.0, 279.0]], [[151.0, 252.0], [208.0, 260.0], [205.0, 283.0], [148.0, 276.0]], [[340.0, 247.0], [395.0, 247.0], [395.0, 268.0], [340.0, 268.0]], [[439.0, 232.0], [480.0, 243.0], [475.0, 265.0], [433.0, 254.0]], [[384.0, 234.0], [430.0, 234.0], [430.0, 257.0], [384.0, 257.0]], [[235.0, 229.0], [296.0, 235.0], [294.0, 263.0], [233.0, 257.0]], [[389.0, 222.0], [402.0, 222.0], [402.0, 231.0], [389.0, 231.0]], [[336.0, 214.0], [383.0, 210.0], [385.0, 232.0], [338.0, 236.0]], [[437.0, 206.0], [454.0, 197.0], [466.0, 220.0], [449.0, 228.0]], [[197.0, 189.0], [244.0, 189.0], [244.0, 227.0], [197.0, 227.0]], [[229.0, 171.0], [271.0, 175.0], [269.0, 197.0], [227.0, 192.0]], [[375.0, 164.0], [400.0, 164.0], [400.0, 190.0], [375.0, 190.0]], [[334.0, 167.0], [350.0, 167.0], [350.0, 180.0], [334.0, 180.0]], [[157.0, 167.0], [179.0, 167.0], [179.0, 178.0], [157.0, 178.0]], [[233.0, 150.0], [286.0, 157.0], [283.0, 179.0], [230.0, 172.0]], [[146.0, 144.0], [225.0, 150.0], [223.0, 176.0], [144.0, 171.0]], [[238.0, 129.0], [270.0, 129.0], [270.0, 146.0], [238.0, 146.0]], [[266.0, 126.0], [293.0, 126.0], [293.0, 152.0], [266.0, 152.0]]]
3277_1066x1568_bing_online.png	[[[878.0, 1537.0], [1053.0, 1537.0], [1053.0, 1560.0], [878.0, 1560.0]], [[768.0, 1512.0], [989.0, 1512.0], [989.0, 1534.0], [768.0, 1534.0]], [[548.0, 1414.0], [588.0, 1414.0], [588.0, 1442.0], [548.0, 1442.0]], [[498.0, 1414.0], [536.0, 1414.0], [536.0, 1441.0], [498.0, 1441.0]], [[536.0, 1408.0], [553.0, 1408.0], [553.0, 1421.0], [536.0, 1421.0]], [[388.0, 1397.0], [497.0, 1393.0], [498.0, 1427.0], [389.0, 1431.0]], [[528.0, 1383.0], [589.0, 1387.0], [586.0, 1417.0], [526.0, 1412.0]], [[495.0, 1388.0], [540.0, 1388.0], [540.0, 1414.0], [495.0, 1414.0]], [[63.0, 1344.0], [653.0, 1349.0], [653.0, 1372.0], [63.0, 1367.0]], [[167.0, 1302.0], [821.0, 1305.0], [821.0, 1326.0], [167.0, 1323.0]], [[300.0, 1269.0], [686.0, 1271.0], [686.0, 1294.0], [300.0, 1292.0]], [[623.0, 1228.0], [656.0, 1228.0], [656.0, 1254.0], [623.0, 1254.0]], [[281.0, 1227.0], [315.0, 1227.0], [315.0, 1253.0], [281.0, 1253.0]], [[290.0, 1169.0], [330.0, 1169.0], [330.0, 1205.0], [290.0, 1205.0]], [[631.0, 1165.0], [674.0, 1170.0], [670.0, 1205.0], [627.0, 1200.0]], [[501.0, 1143.0], [546.0, 1143.0], [546.0, 1168.0], [501.0, 1168.0]], [[160.0, 1145.0], [190.0, 1145.0], [190.0, 1166.0], [160.0, 1166.0]], [[568.0, 1128.0], [598.0, 1122.0], [604.0, 1152.0], [574.0, 1158.0]], [[230.0, 1124.0], [260.0, 1124.0], [260.0, 1155.0], [230.0, 1155.0]], [[500.0, 1094.0], [545.0, 1094.0], [545.0, 1119.0], [500.0, 1119.0]], [[159.0, 1090.0], [199.0, 1095.0], [196.0, 1121.0], [156.0, 1116.0]], [[571.0, 1076.0], [605.0, 1076.0], [605.0, 1120.0], [571.0, 1120.0]], [[227.0, 1076.0], [262.0, 1076.0], [262.0, 1120.0], [227.0, 1120.0]], [[800.0, 1075.0], [838.0, 1075.0], [838.0, 1116.0], [800.0, 1116.0]], [[693.0, 1075.0], [715.0, 1075.0], [715.0, 1096.0], [693.0, 1096.0]], [[348.0, 1085.0], [362.0, 1071.0], [376.0, 1084.0], [361.0, 1098.0]], [[501.0, 1048.0], [544.0, 1052.0], [541.0, 1085.0], [497.0, 1080.0]], [[158.0, 1052.0], [202.0, 1052.0], [202.0, 1076.0], [158.0, 1076.0]], [[576.0, 1037.0], [600.0, 1037.0], [600.0, 1062.0], [576.0, 1062.0]], [[233.0, 1036.0], [258.0, 1036.0], [258.0, 1057.0], [233.0, 1057.0]], [[575.0, 1004.0], [600.0, 1004.0], [600.0, 1018.0], [575.0, 1018.0]], [[230.0, 1003.0], [253.0, 1003.0], [253.0, 1016.0], [230.0, 1016.0]], [[501.0, 995.0], [544.0, 1002.0], [540.0, 1027.0], [497.0, 1020.0]], [[158.0, 994.0], [206.0, 999.0], [203.0, 1025.0], [156.0, 1020.0]], [[230.0, 982.0], [262.0, 982.0], [262.0, 1011.0], [230.0, 1011.0]], [[695.0, 977.0], [729.0, 983.0], [724.0, 1011.0], [690.0, 1005.0]], [[573.0, 980.0], [601.0, 980.0], [601.0, 1011.0], [573.0, 1011.0]], [[353.0, 980.0], [385.0, 980.0], [385.0, 1009.0], [353.0, 1009.0]], [[773.0, 942.0], [901.0, 944.0], [901.0, 967.0], [773.0, 965.0]], [[675.0, 942.0], [785.0, 942.0], [785.0, 965.0], [675.0, 965.0]], [[18.0, 924.0], [280.0, 926.0], [280.0, 954.0], [18.0, 952.0]], [[20.0, 893.0], [606.0, 893.0], [606.0, 916.0], [20.0, 916.0]], [[63.0, 854.0], [608.0, 856.0], [608.0, 884.0], [63.0, 882.0]], [[620.0, 845.0], [666.0, 841.0], [669.0, 867.0], [623.0, 871.0]], [[688.0, 823.0], [733.0, 823.0], [733.0, 867.0], [688.0, 867.0]], [[18.0, 822.0], [348.0, 823.0], [348.0, 848.0], [18.0, 846.0]], [[623.0, 794.0], [666.0, 794.0], [666.0, 818.0], [623.0, 818.0]], [[22.0, 787.0], [608.0, 789.0], [608.0, 813.0], [22.0, 812.0]], [[691.0, 776.0], [727.0, 774.0], [731.0, 816.0], [694.0, 819.0]], [[918.0, 777.0], [946.0, 771.0], [956.0, 810.0], [928.0, 817.0]], [[819.0, 776.0], [836.0, 776.0], [836.0, 794.0], [819.0, 794.0]], [[22.0, 755.0], [608.0, 755.0], [608.0, 777.0], [22.0, 777.0]], [[620.0, 754.0], [666.0, 749.0], [669.0, 773.0], [623.0, 778.0]], [[700.0, 735.0], [723.0, 735.0], [723.0, 760.0], [700.0, 760.0]], [[68.0, 720.0], [605.0, 720.0], [605.0, 743.0], [68.0, 743.0]], [[623.0, 699.0], [671.0, 699.0], [671.0, 724.0], [623.0, 724.0]], [[68.0, 684.0], [253.0, 684.0], [253.0, 712.0], [68.0, 712.0]], [[698.0, 683.0], [723.0, 683.0], [723.0, 704.0], [698.0, 704.0]], [[819.0, 677.0], [852.0, 682.0], [848.0, 709.0], [815.0, 703.0]], [[20.0, 650.0], [153.0, 650.0], [153.0, 678.0], [20.0, 678.0]], [[68.0, 617.0], [973.0, 617.0], [973.0, 640.0], [68.0, 640.0]], [[22.0, 583.0], [576.0, 583.0], [576.0, 606.0], [22.0, 606.0]], [[670.0, 544.0], [843.0, 544.0], [843.0, 578.0], [670.0, 578.0]], [[463.0, 544.0], [633.0, 544.0], [633.0, 577.0], [463.0, 577.0]], [[253.0, 544.0], [428.0, 544.0], [428.0, 577.0], [253.0, 577.0]], [[217.0, 547.0], [242.0, 547.0], [242.0, 572.0], [217.0, 572.0]], [[833.0, 534.0], [866.0, 546.0], [859.0, 565.0], [826.0, 554.0]], [[114.0, 535.0], [168.0, 530.0], [171.0, 563.0], [117.0, 567.0]], [[879.0, 531.0], [974.0, 531.0], [974.0, 560.0], [879.0, 560.0]], [[173.0, 532.0], [218.0, 532.0], [218.0, 559.0], [173.0, 559.0]], [[692.0, 511.0], [818.0, 515.0], [817.0, 549.0], [691.0, 545.0]], [[486.0, 514.0], [608.0, 514.0], [608.0, 544.0], [486.0, 544.0]], [[276.0, 513.0], [402.0, 509.0], [403.0, 544.0], [277.0, 548.0]], [[213.0, 516.0], [245.0, 516.0], [245.0, 547.0], [213.0, 547.0]], [[18.0, 480.0], [120.0, 480.0], [120.0, 508.0], [18.0, 508.0]], [[654.0, 410.0], [782.0, 414.0], [780.0, 448.0], [653.0, 444.0]], [[443.0, 413.0], [566.0, 413.0], [566.0, 443.0], [443.0, 443.0]], [[230.0, 413.0], [355.0, 413.0], [355.0, 443.0], [230.0, 443.0]], [[70.0, 384.0], [838.0, 384.0], [838.0, 407.0], [70.0, 407.0]], [[18.0, 346.0], [635.0, 348.0], [635.0, 376.0], [18.0, 374.0]], [[23.0, 315.0], [973.0, 315.0], [973.0, 338.0], [23.0, 338.0]], [[561.0, 279.0], [601.0, 279.0], [601.0, 307.0], [561.0, 307.0]], [[516.0, 275.0], [553.0, 282.0], [547.0, 310.0], [510.0, 302.0]], [[467.0, 275.0], [501.0, 280.0], [496.0, 308.0], [462.0, 303.0]], [[550.0, 274.0], [566.0, 274.0], [566.0, 287.0], [550.0, 287.0]], [[505.0, 276.0], [513.0, 276.0], [513.0, 286.0], [505.0, 286.0]], [[874.0, 263.0], [976.0, 263.0], [976.0, 291.0], [874.0, 291.0]], [[381.0, 265.0], [456.0, 259.0], [459.0, 290.0], [383.0, 296.0]], [[564.0, 251.0], [604.0, 256.0], [600.0, 282.0], [561.0, 277.0]], [[516.0, 248.0], [553.0, 256.0], [547.0, 282.0], [510.0, 275.0]], [[463.0, 253.0], [501.0, 253.0], [501.0, 279.0], [463.0, 279.0]], [[22.0, 217.0], [348.0, 217.0], [348.0, 240.0], [22.0, 240.0]], [[598.0, 180.0], [633.0, 180.0], [633.0, 207.0], [598.0, 207.0]], [[545.0, 175.0], [580.0, 183.0], [573.0, 212.0], [538.0, 204.0]], [[487.0, 174.0], [525.0, 184.0], [518.0, 211.0], [480.0, 201.0]], [[426.0, 170.0], [463.0, 178.0], [457.0, 207.0], [420.0, 199.0]], [[525.0, 172.0], [541.0, 172.0], [541.0, 188.0], [525.0, 188.0]], [[580.0, 165.0], [605.0, 173.0], [598.0, 193.0], [573.0, 185.0]], [[358.0, 155.0], [428.0, 166.0], [423.0, 197.0], [353.0, 187.0]], [[874.0, 160.0], [976.0, 160.0], [976.0, 188.0], [874.0, 188.0]], [[598.0, 155.0], [635.0, 155.0], [635.0, 181.0], [598.0, 181.0]], [[541.0, 154.0], [578.0, 154.0], [578.0, 181.0], [541.0, 181.0]], [[483.0, 154.0], [523.0, 154.0], [523.0, 181.0], [483.0, 181.0]], [[426.0, 145.0], [461.0, 145.0], [461.0, 176.0], [426.0, 176.0]], [[800.0, 78.0], [1034.0, 78.0], [1034.0, 101.0], [800.0, 101.0]]]
3316_794x1123_bing_online.jpg	[[[67.0, 960.0], [87.0, 960.0], [87.0, 981.0], [67.0, 981.0]], [[593.0, 937.0], [611.0, 937.0], [611.0, 955.0], [593.0, 955.0]], [[72.0, 925.0], [592.0, 925.0], [592.0, 942.0], [72.0, 942.0]], [[607.0, 921.0], [712.0, 921.0], [712.0, 945.0], [607.0, 945.0]], [[598.0, 911.0], [613.0, 918.0], [604.0, 935.0], [589.0, 928.0]], [[361.0, 883.0], [421.0, 881.0], [422.0, 902.0], [362.0, 905.0]], [[427.0, 870.0], [457.0, 870.0], [457.0, 888.0], [427.0, 888.0]], [[334.0, 870.0], [362.0, 870.0], [362.0, 890.0], [334.0, 890.0]], [[362.0, 857.0], [423.0, 857.0], [423.0, 882.0], [362.0, 882.0]], [[135.0, 834.0], [150.0, 834.0], [150.0, 849.0], [135.0, 849.0]], [[67.0, 820.0], [136.0, 820.0], [136.0, 840.0], [67.0, 840.0]], [[149.0, 819.0], [271.0, 819.0], [271.0, 839.0], [149.0, 839.0]], [[135.0, 813.0], [150.0, 813.0], [150.0, 828.0], [135.0, 828.0]], [[71.0, 786.0], [618.0, 786.0], [618.0, 801.0], [71.0, 801.0]], [[76.0, 755.0], [720.0, 755.0], [720.0, 770.0], [76.0, 770.0]], [[74.0, 721.0], [125.0, 721.0], [125.0, 742.0], [74.0, 742.0]], [[74.0, 688.0], [149.0, 690.0], [148.0, 710.0], [73.0, 707.0]], [[70.0, 661.0], [379.0, 661.0], [379.0, 676.0], [70.0, 676.0]], [[70.0, 629.0], [397.0, 629.0], [397.0, 645.0], [70.0, 645.0]], [[69.0, 599.0], [222.0, 599.0], [222.0, 614.0], [69.0, 614.0]], [[67.0, 566.0], [184.0, 564.0], [184.0, 584.0], [68.0, 586.0]], [[144.0, 535.0], [168.0, 535.0], [168.0, 556.0], [144.0, 556.0]], [[100.0, 483.0], [135.0, 495.0], [125.0, 524.0], [90.0, 512.0]], [[91.0, 454.0], [115.0, 454.0], [115.0, 475.0], [91.0, 475.0]], [[215.0, 443.0], [234.0, 443.0], [234.0, 459.0], [215.0, 459.0]], [[149.0, 443.0], [169.0, 443.0], [169.0, 459.0], [149.0, 459.0]], [[176.0, 418.0], [200.0, 418.0], [200.0, 440.0], [176.0, 440.0]], [[74.0, 392.0], [103.0, 392.0], [103.0, 406.0], [74.0, 406.0]], [[105.0, 391.0], [124.0, 391.0], [124.0, 406.0], [105.0, 406.0]], [[71.0, 359.0], [689.0, 359.0], [689.0, 374.0], [71.0, 374.0]], [[70.0, 328.0], [712.0, 328.0], [712.0, 343.0], [70.0, 343.0]], [[69.0, 295.0], [135.0, 295.0], [135.0, 315.0], [69.0, 315.0]], [[71.0, 266.0], [266.0, 266.0], [266.0, 281.0], [71.0, 281.0]], [[70.0, 229.0], [710.0, 229.0], [710.0, 246.0], [70.0, 246.0]], [[71.0, 193.0], [487.0, 193.0], [487.0, 208.0], [71.0, 208.0]], [[70.0, 160.0], [711.0, 161.0], [711.0, 178.0], [70.0, 177.0]], [[70.0, 131.0], [581.0, 131.0], [581.0, 146.0], [70.0, 146.0]], [[76.0, 99.0], [623.0, 99.0], [623.0, 115.0], [76.0, 115.0]], [[76.0, 67.0], [124.0, 67.0], [124.0, 84.0], [76.0, 84.0]]]
3325_904x1103_bing_online.jpg	[[[415.0, 1074.0], [841.0, 1071.0], [841.0, 1102.0], [415.0, 1102.0]], [[163.0, 1049.0], [757.0, 1027.0], [759.0, 1062.0], [165.0, 1085.0]], [[161.0, 1012.0], [597.0, 1004.0], [598.0, 1035.0], [162.0, 1043.0]], [[163.0, 965.0], [769.0, 959.0], [770.0, 994.0], [163.0, 1000.0]], [[216.0, 922.0], [516.0, 917.0], [517.0, 949.0], [216.0, 954.0]], [[228.0, 870.0], [408.0, 866.0], [408.0, 895.0], [229.0, 899.0]], [[213.0, 838.0], [845.0, 828.0], [845.0, 860.0], [214.0, 870.0]], [[256.0, 806.0], [666.0, 798.0], [667.0, 829.0], [257.0, 837.0]], [[251.0, 763.0], [808.0, 758.0], [808.0, 789.0], [251.0, 794.0]], [[207.0, 729.0], [638.0, 717.0], [639.0, 748.0], [207.0, 760.0]], [[259.0, 688.0], [656.0, 679.0], [657.0, 710.0], [259.0, 719.0]], [[249.0, 646.0], [431.0, 640.0], [432.0, 671.0], [250.0, 677.0]], [[444.0, 640.0], [617.0, 640.0], [617.0, 671.0], [444.0, 671.0]], [[253.0, 598.0], [764.0, 590.0], [764.0, 625.0], [253.0, 632.0]], [[251.0, 564.0], [577.0, 557.0], [578.0, 588.0], [251.0, 595.0]], [[200.0, 526.0], [829.0, 515.0], [830.0, 549.0], [200.0, 561.0]], [[209.0, 485.0], [681.0, 477.0], [682.0, 512.0], [209.0, 521.0]], [[209.0, 441.0], [771.0, 428.0], [772.0, 464.0], [210.0, 477.0]], [[204.0, 399.0], [846.0, 386.0], [847.0, 417.0], [205.0, 430.0]], [[292.0, 354.0], [708.0, 341.0], [709.0, 372.0], [293.0, 385.0]], [[89.0, 323.0], [733.0, 299.0], [734.0, 334.0], [90.0, 358.0]], [[281.0, 247.0], [512.0, 247.0], [512.0, 278.0], [281.0, 278.0]], [[281.0, 208.0], [679.0, 197.0], [679.0, 228.0], [282.0, 239.0]], [[277.0, 168.0], [589.0, 162.0], [590.0, 192.0], [277.0, 198.0]], [[116.0, 122.0], [680.0, 121.0], [680.0, 160.0], [116.0, 161.0]], [[54.0, 85.0], [204.0, 83.0], [205.0, 118.0], [55.0, 121.0]], [[41.0, 25.0], [342.0, 21.0], [343.0, 53.0], [41.0, 58.0]]]
3327_1080x1528_bing_online.jpg	[[[434.0, 1496.0], [646.0, 1496.0], [646.0, 1527.0], [434.0, 1527.0]], [[818.0, 1463.0], [1058.0, 1463.0], [1058.0, 1501.0], [818.0, 1501.0]], [[127.0, 1391.0], [239.0, 1391.0], [239.0, 1426.0], [127.0, 1426.0]], [[127.0, 1326.0], [362.0, 1326.0], [362.0, 1358.0], [127.0, 1358.0]], [[129.0, 1296.0], [326.0, 1296.0], [326.0, 1329.0], [129.0, 1329.0]], [[123.0, 1251.0], [703.0, 1259.0], [702.0, 1302.0], [122.0, 1294.0]], [[129.0, 1195.0], [291.0, 1195.0], [291.0, 1222.0], [129.0, 1222.0]], [[130.0, 1154.0], [291.0, 1154.0], [291.0, 1194.0], [130.0, 1194.0]], [[129.0, 1120.0], [482.0, 1124.0], [482.0, 1157.0], [128.0, 1154.0]], [[133.0, 1084.0], [538.0, 1084.0], [538.0, 1122.0], [133.0, 1122.0]], [[125.0, 1047.0], [235.0, 1047.0], [235.0, 1081.0], [125.0, 1081.0]], [[309.0, 987.0], [341.0, 995.0], [334.0, 1020.0], [302.0, 1012.0]], [[273.0, 969.0], [299.0, 969.0], [299.0, 990.0], [273.0, 990.0]], [[127.0, 962.0], [223.0, 958.0], [224.0, 987.0], [128.0, 990.0]], [[234.0, 938.0], [266.0, 947.0], [260.0, 967.0], [228.0, 958.0]], [[174.0, 912.0], [290.0, 915.0], [289.0, 944.0], [173.0, 940.0]], [[127.0, 888.0], [270.0, 888.0], [270.0, 915.0], [127.0, 915.0]], [[126.0, 848.0], [354.0, 857.0], [353.0, 889.0], [125.0, 880.0]], [[124.0, 815.0], [323.0, 818.0], [323.0, 850.0], [124.0, 847.0]], [[127.0, 783.0], [313.0, 783.0], [313.0, 815.0], [127.0, 815.0]], [[124.0, 708.0], [677.0, 708.0], [677.0, 746.0], [124.0, 746.0]], [[129.0, 649.0], [625.0, 649.0], [625.0, 672.0], [129.0, 672.0]], [[130.0, 624.0], [461.0, 624.0], [461.0, 646.0], [130.0, 646.0]], [[125.0, 554.0], [508.0, 554.0], [508.0, 587.0], [125.0, 587.0]], [[124.0, 517.0], [595.0, 519.0], [595.0, 546.0], [124.0, 544.0]], [[98.0, 524.0], [116.0, 524.0], [116.0, 540.0], [98.0, 540.0]], [[122.0, 454.0], [252.0, 450.0], [253.0, 485.0], [123.0, 489.0]], [[122.0, 428.0], [223.0, 428.0], [223.0, 462.0], [122.0, 462.0]], [[121.0, 401.0], [224.0, 405.0], [222.0, 438.0], [120.0, 434.0]], [[194.0, 382.0], [289.0, 382.0], [289.0, 409.0], [194.0, 409.0]], [[204.0, 357.0], [347.0, 357.0], [347.0, 385.0], [204.0, 385.0]], [[212.0, 331.0], [342.0, 331.0], [342.0, 358.0], [212.0, 358.0]], [[124.0, 302.0], [331.0, 302.0], [331.0, 334.0], [124.0, 334.0]], [[125.0, 274.0], [183.0, 274.0], [183.0, 306.0], [125.0, 306.0]], [[127.0, 239.0], [436.0, 242.0], [435.0, 274.0], [127.0, 270.0]], [[129.0, 213.0], [444.0, 213.0], [444.0, 240.0], [129.0, 240.0]], [[122.0, 183.0], [239.0, 183.0], [239.0, 210.0], [122.0, 210.0]], [[130.0, 123.0], [516.0, 123.0], [516.0, 145.0], [130.0, 145.0]], [[129.0, 91.0], [452.0, 91.0], [452.0, 118.0], [129.0, 118.0]], [[129.0, 60.0], [217.0, 60.0], [217.0, 89.0], [129.0, 89.0]]]
333_720x929_bing_online.jpg	[[[554.0, 882.0], [703.0, 880.0], [704.0, 911.0], [555.0, 913.0]], [[528.0, 751.0], [632.0, 755.0], [630.0, 799.0], [526.0, 795.0]], [[158.0, 729.0], [258.0, 738.0], [253.0, 783.0], [153.0, 774.0]], [[117.0, 729.0], [144.0, 729.0], [144.0, 758.0], [117.0, 758.0]], [[462.0, 729.0], [526.0, 716.0], [535.0, 756.0], [471.0, 769.0]], [[349.0, 718.0], [434.0, 718.0], [434.0, 763.0], [349.0, 763.0]], [[21.0, 717.0], [85.0, 717.0], [85.0, 756.0], [21.0, 756.0]], [[89.0, 706.0], [128.0, 708.0], [123.0, 772.0], [84.0, 769.0]], [[530.0, 701.0], [626.0, 701.0], [626.0, 741.0], [530.0, 741.0]], [[445.0, 706.0], [478.0, 701.0], [482.0, 726.0], [449.0, 731.0]], [[156.0, 703.0], [243.0, 698.0], [245.0, 731.0], [158.0, 736.0]], [[16.0, 672.0], [77.0, 672.0], [77.0, 724.0], [16.0, 724.0]], [[114.0, 604.0], [222.0, 591.0], [228.0, 635.0], [119.0, 648.0]], [[54.0, 587.0], [110.0, 590.0], [108.0, 625.0], [52.0, 622.0]], [[241.0, 543.0], [514.0, 551.0], [512.0, 607.0], [239.0, 599.0]], [[103.0, 537.0], [229.0, 540.0], [229.0, 580.0], [102.0, 577.0]], [[54.0, 496.0], [120.0, 496.0], [120.0, 531.0], [54.0, 531.0]], [[99.0, 489.0], [256.0, 476.0], [261.0, 534.0], [104.0, 547.0]], [[34.0, 455.0], [105.0, 458.0], [103.0, 498.0], [32.0, 495.0]], [[90.0, 403.0], [129.0, 403.0], [129.0, 432.0], [90.0, 432.0]], [[133.0, 393.0], [419.0, 409.0], [417.0, 454.0], [130.0, 438.0]], [[13.0, 371.0], [111.0, 383.0], [105.0, 433.0], [6.0, 421.0]], [[27.0, 325.0], [330.0, 343.0], [327.0, 388.0], [25.0, 370.0]], [[251.0, 260.0], [400.0, 268.0], [397.0, 308.0], [249.0, 300.0]], [[222.0, 231.0], [387.0, 228.0], [388.0, 263.0], [222.0, 267.0]], [[23.0, 212.0], [91.0, 216.0], [88.0, 256.0], [21.0, 252.0]], [[28.0, 153.0], [382.0, 157.0], [381.0, 202.0], [27.0, 198.0]], [[42.0, 100.0], [356.0, 92.0], [357.0, 137.0], [43.0, 146.0]], [[442.0, 97.0], [657.0, 85.0], [659.0, 124.0], [444.0, 135.0]], [[12.0, 85.0], [48.0, 85.0], [48.0, 127.0], [12.0, 127.0]], [[22.0, 34.0], [233.0, 18.0], [236.0, 64.0], [26.0, 80.0]], [[6.0, 0.0], [43.0, 0.0], [43.0, 38.0], [6.0, 38.0]]]
3409_1911x2500_bing_online.jpg	[[[1332.0, 2388.0], [1864.0, 2383.0], [1864.0, 2448.0], [1332.0, 2453.0]], [[348.0, 2143.0], [462.0, 2143.0], [462.0, 2214.0], [348.0, 2214.0]], [[473.0, 2135.0], [540.0, 2135.0], [540.0, 2258.0], [473.0, 2258.0]], [[750.0, 2120.0], [935.0, 2120.0], [935.0, 2188.0], [750.0, 2188.0]], [[628.0, 2115.0], [719.0, 2115.0], [719.0, 2177.0], [628.0, 2177.0]], [[480.0, 2096.0], [517.0, 2096.0], [517.0, 2141.0], [480.0, 2141.0]], [[618.0, 2078.0], [691.0, 2078.0], [691.0, 2117.0], [618.0, 2117.0]], [[810.0, 2062.0], [909.0, 2062.0], [909.0, 2122.0], [810.0, 2122.0]], [[260.0, 2055.0], [361.0, 2067.0], [354.0, 2132.0], [253.0, 2121.0]], [[332.0, 2057.0], [423.0, 2057.0], [423.0, 2135.0], [332.0, 2135.0]], [[635.0, 2032.0], [724.0, 2043.0], [718.0, 2093.0], [629.0, 2082.0]], [[1057.0, 1966.0], [1218.0, 1966.0], [1218.0, 2034.0], [1057.0, 2034.0]], [[1337.0, 1951.0], [1379.0, 1951.0], [1379.0, 2008.0], [1337.0, 2008.0]], [[1148.0, 1927.0], [1168.0, 1927.0], [1168.0, 1951.0], [1148.0, 1951.0]], [[556.0, 1917.0], [600.0, 1917.0], [600.0, 1966.0], [556.0, 1966.0]], [[452.0, 1836.0], [696.0, 1836.0], [696.0, 1901.0], [452.0, 1901.0]], [[467.0, 1794.0], [537.0, 1794.0], [537.0, 1836.0], [467.0, 1836.0]], [[304.0, 1781.0], [338.0, 1781.0], [338.0, 1818.0], [304.0, 1818.0]], [[410.0, 1773.0], [467.0, 1773.0], [467.0, 1815.0], [410.0, 1815.0]], [[725.0, 1760.0], [842.0, 1748.0], [849.0, 1821.0], [732.0, 1833.0]], [[574.0, 1742.0], [660.0, 1742.0], [660.0, 1831.0], [574.0, 1831.0]], [[1085.0, 1729.0], [1259.0, 1729.0], [1259.0, 1797.0], [1085.0, 1797.0]], [[270.0, 1732.0], [345.0, 1732.0], [345.0, 1797.0], [270.0, 1797.0]], [[408.0, 1721.0], [470.0, 1721.0], [470.0, 1781.0], [408.0, 1781.0]], [[937.0, 1716.0], [984.0, 1716.0], [984.0, 1766.0], [937.0, 1766.0]], [[584.0, 1708.0], [626.0, 1708.0], [626.0, 1745.0], [584.0, 1745.0]], [[574.0, 1638.0], [631.0, 1638.0], [631.0, 1706.0], [574.0, 1706.0]], [[231.0, 1568.0], [314.0, 1568.0], [314.0, 1633.0], [231.0, 1633.0]], [[904.0, 1552.0], [1148.0, 1552.0], [1148.0, 1648.0], [904.0, 1648.0]], [[265.0, 1326.0], [1322.0, 1323.0], [1322.0, 1378.0], [265.0, 1380.0]], [[242.0, 1237.0], [491.0, 1243.0], [490.0, 1297.0], [241.0, 1291.0]], [[247.0, 1149.0], [1584.0, 1143.0], [1584.0, 1206.0], [247.0, 1211.0]], [[1000.0, 1076.0], [1249.0, 1076.0], [1249.0, 1122.0], [1000.0, 1122.0]], [[597.0, 1010.0], [670.0, 1010.0], [670.0, 1063.0], [597.0, 1063.0]], [[291.0, 1005.0], [353.0, 1005.0], [353.0, 1055.0], [291.0, 1055.0]], [[330.0, 958.0], [343.0, 958.0], [343.0, 977.0], [330.0, 977.0]], [[621.0, 935.0], [691.0, 964.0], [667.0, 1021.0], [597.0, 992.0]], [[371.0, 943.0], [400.0, 943.0], [400.0, 969.0], [371.0, 969.0]], [[685.0, 927.0], [774.0, 927.0], [774.0, 1013.0], [685.0, 1013.0]], [[691.0, 891.0], [797.0, 891.0], [797.0, 948.0], [691.0, 948.0]], [[930.0, 872.0], [1010.0, 872.0], [1010.0, 922.0], [930.0, 922.0]], [[327.0, 867.0], [379.0, 867.0], [379.0, 914.0], [327.0, 914.0]], [[618.0, 867.0], [660.0, 867.0], [660.0, 901.0], [618.0, 901.0]], [[387.0, 865.0], [439.0, 865.0], [439.0, 906.0], [387.0, 906.0]], [[501.0, 865.0], [545.0, 865.0], [545.0, 898.0], [501.0, 898.0]], [[260.0, 846.0], [296.0, 846.0], [296.0, 891.0], [260.0, 891.0]], [[556.0, 833.0], [595.0, 833.0], [595.0, 872.0], [556.0, 872.0]], [[306.0, 786.0], [413.0, 786.0], [413.0, 849.0], [306.0, 849.0]], [[639.0, 754.0], [694.0, 782.0], [669.0, 832.0], [614.0, 804.0]], [[1101.0, 721.0], [1132.0, 721.0], [1132.0, 758.0], [1101.0, 758.0]], [[209.0, 722.0], [404.0, 690.0], [416.0, 765.0], [222.0, 798.0]], [[626.0, 703.0], [691.0, 703.0], [691.0, 760.0], [626.0, 760.0]], [[208.0, 547.0], [681.0, 555.0], [680.0, 618.0], [207.0, 609.0]], [[213.0, 471.0], [644.0, 471.0], [644.0, 526.0], [213.0, 526.0]], [[213.0, 386.0], [558.0, 380.0], [559.0, 442.0], [214.0, 448.0]], [[1264.0, 393.0], [1277.0, 393.0], [1277.0, 406.0], [1264.0, 406.0]], [[224.0, 289.0], [1223.0, 302.0], [1222.0, 365.0], [223.0, 351.0]], [[213.0, 211.0], [1584.0, 206.0], [1584.0, 279.0], [213.0, 284.0]]]
3486_900x531_bing_online.png	[[[131.0, 509.0], [487.0, 509.0], [487.0, 525.0], [131.0, 525.0]], [[131.0, 492.0], [485.0, 492.0], [485.0, 509.0], [131.0, 509.0]], [[691.0, 471.0], [788.0, 467.0], [789.0, 498.0], [692.0, 502.0]], [[569.0, 464.0], [700.0, 472.0], [698.0, 503.0], [567.0, 495.0]], [[514.0, 467.0], [559.0, 467.0], [559.0, 494.0], [514.0, 494.0]], [[20.0, 447.0], [82.0, 447.0], [82.0, 485.0], [20.0, 485.0]], [[270.0, 445.0], [469.0, 446.0], [469.0, 467.0], [270.0, 466.0]], [[115.0, 441.0], [128.0, 441.0], [128.0, 455.0], [115.0, 455.0]], [[238.0, 440.0], [252.0, 440.0], [252.0, 457.0], [238.0, 457.0]], [[530.0, 422.0], [770.0, 422.0], [770.0, 451.0], [530.0, 451.0]], [[274.0, 425.0], [478.0, 425.0], [478.0, 441.0], [274.0, 441.0]], [[4.0, 421.0], [96.0, 415.0], [98.0, 447.0], [7.0, 454.0]], [[264.0, 399.0], [474.0, 399.0], [474.0, 420.0], [264.0, 420.0]], [[509.0, 379.0], [802.0, 381.0], [801.0, 411.0], [509.0, 409.0]], [[515.0, 339.0], [723.0, 342.0], [723.0, 372.0], [514.0, 369.0]], [[318.0, 314.0], [475.0, 305.0], [478.0, 350.0], [321.0, 359.0]], [[218.0, 311.0], [296.0, 314.0], [294.0, 347.0], [217.0, 344.0]], [[177.0, 313.0], [232.0, 313.0], [232.0, 339.0], [177.0, 339.0]], [[6.0, 307.0], [149.0, 302.0], [150.0, 340.0], [7.0, 345.0]], [[515.0, 304.0], [721.0, 296.0], [723.0, 327.0], [516.0, 334.0]], [[51.0, 266.0], [396.0, 261.0], [397.0, 304.0], [52.0, 309.0]], [[517.0, 265.0], [680.0, 268.0], [680.0, 295.0], [516.0, 293.0]], [[518.0, 239.0], [711.0, 235.0], [711.0, 262.0], [519.0, 267.0]], [[45.0, 215.0], [191.0, 215.0], [191.0, 253.0], [45.0, 253.0]], [[181.0, 209.0], [346.0, 216.0], [344.0, 254.0], [179.0, 247.0]], [[517.0, 212.0], [645.0, 212.0], [645.0, 235.0], [517.0, 235.0]], [[508.0, 190.0], [518.0, 190.0], [518.0, 198.0], [508.0, 198.0]], [[614.0, 180.0], [643.0, 180.0], [643.0, 199.0], [614.0, 199.0]], [[665.0, 176.0], [693.0, 179.0], [691.0, 194.0], [663.0, 191.0]], [[49.0, 167.0], [320.0, 163.0], [321.0, 196.0], [50.0, 200.0]], [[564.0, 165.0], [577.0, 165.0], [577.0, 181.0], [564.0, 181.0]], [[710.0, 149.0], [738.0, 157.0], [732.0, 177.0], [704.0, 169.0]], [[493.0, 153.0], [514.0, 153.0], [514.0, 178.0], [493.0, 178.0]], [[624.0, 152.0], [650.0, 152.0], [650.0, 174.0], [624.0, 174.0]], [[102.0, 132.0], [147.0, 132.0], [147.0, 153.0], [102.0, 153.0]], [[79.0, 130.0], [109.0, 133.0], [107.0, 149.0], [78.0, 146.0]], [[157.0, 119.0], [191.0, 119.0], [191.0, 143.0], [157.0, 143.0]], [[179.0, 116.0], [250.0, 105.0], [254.0, 134.0], [183.0, 145.0]], [[605.0, 114.0], [628.0, 114.0], [628.0, 122.0], [605.0, 122.0]], [[190.0, 107.0], [198.0, 107.0], [198.0, 117.0], [190.0, 117.0]], [[120.0, 102.0], [146.0, 102.0], [146.0, 130.0], [120.0, 130.0]], [[664.0, 98.0], [694.0, 106.0], [689.0, 126.0], [659.0, 119.0]], [[601.0, 100.0], [617.0, 103.0], [615.0, 115.0], [599.0, 112.0]], [[557.0, 101.0], [568.0, 101.0], [568.0, 110.0], [557.0, 110.0]], [[634.0, 91.0], [657.0, 105.0], [647.0, 121.0], [623.0, 108.0]], [[160.0, 98.0], [177.0, 98.0], [177.0, 117.0], [160.0, 117.0]], [[200.0, 75.0], [233.0, 68.0], [240.0, 97.0], [207.0, 104.0]], [[45.0, 72.0], [66.0, 69.0], [69.0, 86.0], [49.0, 90.0]], [[9.0, 71.0], [24.0, 71.0], [24.0, 86.0], [9.0, 86.0]], [[75.0, 63.0], [108.0, 63.0], [108.0, 83.0], [75.0, 83.0]], [[165.0, 61.0], [191.0, 61.0], [191.0, 84.0], [165.0, 84.0]], [[718.0, 46.0], [788.0, 57.0], [782.0, 91.0], [712.0, 80.0]], [[45.0, 53.0], [56.0, 53.0], [56.0, 69.0], [45.0, 69.0]], [[540.0, 39.0], [643.0, 43.0], [642.0, 80.0], [538.0, 75.0]], [[7.0, 4.0], [326.0, 4.0], [326.0, 40.0], [7.0, 40.0]], [[477.0, 2.0], [882.0, 2.0], [882.0, 38.0], [477.0, 38.0]]]
3671_959x1357_bing_online.jpg	[[[408.0, 1227.0], [781.0, 1228.0], [781.0, 1252.0], [408.0, 1251.0]], [[168.0, 1227.0], [347.0, 1227.0], [347.0, 1255.0], [168.0, 1255.0]], [[324.0, 1169.0], [656.0, 1169.0], [656.0, 1197.0], [324.0, 1197.0]], [[143.0, 1135.0], [421.0, 1137.0], [421.0, 1156.0], [143.0, 1155.0]], [[167.0, 1111.0], [815.0, 1110.0], [815.0, 1129.0], [167.0, 1131.0]], [[170.0, 1086.0], [485.0, 1086.0], [485.0, 1105.0], [170.0, 1105.0]], [[173.0, 1060.0], [462.0, 1060.0], [462.0, 1080.0], [173.0, 1080.0]], [[143.0, 1035.0], [742.0, 1035.0], [742.0, 1055.0], [143.0, 1055.0]], [[410.0, 984.0], [547.0, 984.0], [547.0, 1004.0], [410.0, 1004.0]], [[481.0, 940.0], [511.0, 940.0], [511.0, 960.0], [481.0, 960.0]], [[511.0, 920.0], [551.0, 920.0], [551.0, 939.0], [511.0, 939.0]], [[384.0, 889.0], [412.0, 889.0], [412.0, 906.0], [384.0, 906.0]], [[513.0, 864.0], [548.0, 860.0], [550.0, 880.0], [515.0, 884.0]], [[584.0, 842.0], [610.0, 865.0], [595.0, 881.0], [569.0, 858.0]], [[387.0, 850.0], [405.0, 850.0], [405.0, 868.0], [387.0, 868.0]], [[494.0, 842.0], [547.0, 842.0], [547.0, 869.0], [494.0, 869.0]], [[412.0, 834.0], [430.0, 834.0], [430.0, 847.0], [412.0, 847.0]], [[390.0, 823.0], [404.0, 815.0], [416.0, 835.0], [403.0, 843.0]], [[414.0, 808.0], [453.0, 812.0], [451.0, 833.0], [412.0, 829.0]], [[144.0, 785.0], [430.0, 785.0], [430.0, 803.0], [144.0, 803.0]], [[143.0, 758.0], [815.0, 759.0], [815.0, 779.0], [143.0, 777.0]], [[144.0, 735.0], [815.0, 735.0], [815.0, 753.0], [144.0, 753.0]], [[141.0, 707.0], [815.0, 708.0], [815.0, 728.0], [141.0, 727.0]], [[481.0, 659.0], [495.0, 659.0], [495.0, 674.0], [481.0, 674.0]], [[398.0, 642.0], [477.0, 642.0], [477.0, 662.0], [398.0, 662.0]], [[498.0, 638.0], [609.0, 636.0], [609.0, 661.0], [498.0, 663.0]], [[474.0, 636.0], [504.0, 636.0], [504.0, 653.0], [474.0, 653.0]], [[336.0, 628.0], [398.0, 635.0], [395.0, 661.0], [333.0, 654.0]], [[297.0, 621.0], [334.0, 625.0], [332.0, 650.0], [295.0, 645.0]], [[609.0, 622.0], [694.0, 622.0], [694.0, 642.0], [609.0, 642.0]], [[501.0, 613.0], [514.0, 613.0], [514.0, 629.0], [501.0, 629.0]], [[358.0, 613.0], [372.0, 613.0], [372.0, 629.0], [358.0, 629.0]], [[174.0, 584.0], [299.0, 581.0], [300.0, 602.0], [174.0, 605.0]], [[310.0, 519.0], [645.0, 514.0], [645.0, 540.0], [310.0, 544.0]], [[144.0, 482.0], [341.0, 482.0], [341.0, 502.0], [144.0, 502.0]], [[551.0, 455.0], [621.0, 455.0], [621.0, 475.0], [551.0, 475.0]], [[351.0, 457.0], [375.0, 457.0], [375.0, 476.0], [351.0, 476.0]], [[625.0, 444.0], [678.0, 444.0], [678.0, 464.0], [625.0, 464.0]], [[478.0, 442.0], [554.0, 442.0], [554.0, 462.0], [478.0, 462.0]], [[275.0, 443.0], [354.0, 438.0], [356.0, 462.0], [277.0, 467.0]], [[350.0, 435.0], [377.0, 435.0], [377.0, 454.0], [350.0, 454.0]], [[441.0, 433.0], [464.0, 433.0], [464.0, 452.0], [441.0, 452.0]], [[569.0, 430.0], [602.0, 430.0], [602.0, 452.0], [569.0, 452.0]], [[144.0, 407.0], [602.0, 407.0], [602.0, 427.0], [144.0, 427.0]], [[552.0, 368.0], [681.0, 361.0], [683.0, 391.0], [553.0, 398.0]], [[430.0, 365.0], [474.0, 365.0], [474.0, 387.0], [430.0, 387.0]], [[269.0, 361.0], [312.0, 367.0], [309.0, 390.0], [266.0, 384.0]], [[255.0, 363.0], [263.0, 363.0], [263.0, 373.0], [255.0, 373.0]], [[380.0, 356.0], [397.0, 356.0], [397.0, 369.0], [380.0, 369.0]], [[508.0, 351.0], [539.0, 351.0], [539.0, 376.0], [508.0, 376.0]], [[470.0, 343.0], [510.0, 352.0], [504.0, 379.0], [464.0, 370.0]], [[341.0, 349.0], [380.0, 349.0], [380.0, 379.0], [341.0, 379.0]], [[308.0, 343.0], [348.0, 352.0], [342.0, 379.0], [302.0, 370.0]], [[202.0, 347.0], [248.0, 353.0], [245.0, 381.0], [198.0, 375.0]], [[655.0, 341.0], [682.0, 341.0], [682.0, 366.0], [655.0, 366.0]], [[448.0, 343.0], [462.0, 343.0], [462.0, 359.0], [448.0, 359.0]], [[587.0, 337.0], [624.0, 341.0], [622.0, 365.0], [585.0, 361.0]], [[288.0, 339.0], [303.0, 347.0], [295.0, 362.0], [281.0, 355.0]], [[144.0, 291.0], [611.0, 288.0], [611.0, 312.0], [144.0, 315.0]], [[143.0, 256.0], [164.0, 256.0], [164.0, 277.0], [143.0, 277.0]], [[176.0, 232.0], [815.0, 230.0], [815.0, 250.0], [176.0, 252.0]], [[390.0, 167.0], [415.0, 167.0], [415.0, 192.0], [390.0, 192.0]], [[551.0, 165.0], [571.0, 165.0], [571.0, 185.0], [551.0, 185.0]], [[504.0, 157.0], [527.0, 157.0], [527.0, 177.0], [504.0, 177.0]], [[402.0, 148.0], [415.0, 148.0], [415.0, 165.0], [402.0, 165.0]], [[215.0, 86.0], [782.0, 86.0], [782.0, 110.0], [215.0, 110.0]]]
3680_625x805_bing_online.jpg	[[[275.0, 786.0], [307.0, 786.0], [307.0, 804.0], [275.0, 804.0]], [[42.0, 766.0], [285.0, 759.0], [285.0, 787.0], [42.0, 793.0]], [[33.0, 739.0], [502.0, 739.0], [502.0, 770.0], [33.0, 770.0]], [[23.0, 711.0], [328.0, 711.0], [328.0, 742.0], [23.0, 742.0]], [[516.0, 711.0], [524.0, 711.0], [524.0, 721.0], [516.0, 721.0]], [[451.0, 708.0], [462.0, 708.0], [462.0, 718.0], [451.0, 718.0]], [[387.0, 703.0], [405.0, 703.0], [405.0, 720.0], [387.0, 720.0]], [[28.0, 690.0], [144.0, 690.0], [144.0, 714.0], [28.0, 714.0]], [[26.0, 661.0], [572.0, 661.0], [572.0, 691.0], [26.0, 691.0]], [[29.0, 639.0], [271.0, 636.0], [272.0, 660.0], [29.0, 663.0]], [[451.0, 613.0], [486.0, 613.0], [486.0, 642.0], [451.0, 642.0]], [[28.0, 611.0], [399.0, 609.0], [399.0, 636.0], [28.0, 638.0]], [[29.0, 586.0], [398.0, 583.0], [399.0, 610.0], [29.0, 613.0]], [[27.0, 561.0], [393.0, 555.0], [394.0, 584.0], [28.0, 589.0]], [[491.0, 560.0], [515.0, 560.0], [515.0, 580.0], [491.0, 580.0]], [[432.0, 559.0], [450.0, 559.0], [450.0, 578.0], [432.0, 578.0]], [[28.0, 539.0], [276.0, 531.0], [277.0, 559.0], [29.0, 567.0]], [[396.0, 526.0], [537.0, 524.0], [537.0, 559.0], [397.0, 562.0]], [[28.0, 508.0], [256.0, 504.0], [256.0, 531.0], [29.0, 535.0]], [[411.0, 494.0], [482.0, 494.0], [482.0, 516.0], [411.0, 516.0]], [[501.0, 487.0], [558.0, 491.0], [556.0, 518.0], [500.0, 514.0]], [[295.0, 483.0], [362.0, 485.0], [361.0, 515.0], [294.0, 512.0]], [[26.0, 478.0], [261.0, 472.0], [262.0, 510.0], [27.0, 517.0]], [[304.0, 471.0], [375.0, 471.0], [375.0, 492.0], [304.0, 492.0]], [[30.0, 453.0], [206.0, 451.0], [206.0, 481.0], [31.0, 483.0]], [[314.0, 455.0], [349.0, 452.0], [351.0, 475.0], [316.0, 478.0]], [[31.0, 429.0], [208.0, 431.0], [208.0, 455.0], [31.0, 453.0]], [[318.0, 424.0], [339.0, 424.0], [339.0, 442.0], [318.0, 442.0]], [[31.0, 399.0], [293.0, 403.0], [293.0, 433.0], [31.0, 430.0]], [[408.0, 405.0], [460.0, 396.0], [465.0, 427.0], [412.0, 436.0]], [[464.0, 400.0], [484.0, 400.0], [484.0, 422.0], [464.0, 422.0]], [[31.0, 374.0], [401.0, 379.0], [400.0, 407.0], [31.0, 401.0]], [[417.0, 362.0], [436.0, 362.0], [436.0, 381.0], [417.0, 381.0]], [[27.0, 350.0], [397.0, 351.0], [396.0, 378.0], [27.0, 377.0]], [[456.0, 352.0], [479.0, 352.0], [479.0, 371.0], [456.0, 371.0]], [[507.0, 349.0], [535.0, 349.0], [535.0, 370.0], [507.0, 370.0]], [[454.0, 340.0], [472.0, 340.0], [472.0, 351.0], [454.0, 351.0]], [[29.0, 323.0], [412.0, 325.0], [412.0, 353.0], [29.0, 351.0]], [[502.0, 327.0], [549.0, 322.0], [551.0, 351.0], [505.0, 355.0]], [[28.0, 286.0], [159.0, 286.0], [159.0, 332.0], [28.0, 332.0]], [[33.0, 265.0], [299.0, 274.0], [298.0, 305.0], [32.0, 297.0]], [[509.0, 257.0], [557.0, 263.0], [553.0, 294.0], [505.0, 288.0]], [[31.0, 243.0], [352.0, 251.0], [351.0, 278.0], [30.0, 270.0]], [[402.0, 222.0], [430.0, 222.0], [430.0, 251.0], [402.0, 251.0]], [[29.0, 218.0], [349.0, 225.0], [348.0, 252.0], [28.0, 245.0]], [[34.0, 190.0], [196.0, 194.0], [195.0, 223.0], [33.0, 218.0]], [[39.0, 166.0], [386.0, 174.0], [385.0, 201.0], [39.0, 193.0]], [[28.0, 140.0], [579.0, 147.0], [579.0, 177.0], [27.0, 170.0]], [[59.0, 113.0], [287.0, 121.0], [287.0, 148.0], [58.0, 141.0]], [[30.0, 87.0], [289.0, 93.0], [289.0, 121.0], [29.0, 116.0]], [[455.0, 68.0], [488.0, 68.0], [488.0, 89.0], [455.0, 89.0]], [[456.0, 45.0], [481.0, 45.0], [481.0, 65.0], [456.0, 65.0]]]
3807_574x727_bing_online.jpg	[[[59.0, 689.0], [259.0, 676.0], [261.0, 707.0], [61.0, 720.0]], [[60.0, 655.0], [524.0, 628.0], [526.0, 661.0], [62.0, 689.0]], [[320.0, 616.0], [566.0, 602.0], [568.0, 630.0], [322.0, 643.0]], [[159.0, 591.0], [553.0, 573.0], [554.0, 603.0], [160.0, 621.0]], [[162.0, 563.0], [408.0, 554.0], [409.0, 581.0], [163.0, 591.0]], [[71.0, 539.0], [430.0, 522.0], [431.0, 552.0], [73.0, 568.0]], [[60.0, 508.0], [323.0, 498.0], [324.0, 533.0], [62.0, 543.0]], [[34.0, 485.0], [160.0, 479.0], [162.0, 511.0], [36.0, 518.0]], [[479.0, 437.0], [534.0, 437.0], [534.0, 471.0], [479.0, 471.0]], [[40.0, 433.0], [514.0, 416.0], [516.0, 445.0], [41.0, 463.0]], [[64.0, 405.0], [147.0, 405.0], [147.0, 434.0], [64.0, 434.0]], [[171.0, 402.0], [434.0, 394.0], [435.0, 421.0], [172.0, 429.0]], [[31.0, 379.0], [102.0, 379.0], [102.0, 413.0], [31.0, 413.0]], [[28.0, 355.0], [114.0, 350.0], [116.0, 383.0], [30.0, 388.0]], [[50.0, 306.0], [477.0, 300.0], [477.0, 327.0], [50.0, 333.0]], [[50.0, 283.0], [441.0, 275.0], [442.0, 302.0], [50.0, 309.0]], [[50.0, 260.0], [426.0, 255.0], [427.0, 278.0], [50.0, 284.0]], [[50.0, 234.0], [346.0, 230.0], [346.0, 257.0], [50.0, 261.0]], [[37.0, 212.0], [220.0, 207.0], [220.0, 234.0], [37.0, 238.0]], [[138.0, 169.0], [434.0, 169.0], [434.0, 193.0], [138.0, 193.0]], [[23.0, 165.0], [28.0, 165.0], [28.0, 172.0], [23.0, 172.0]], [[41.0, 150.0], [345.0, 140.0], [346.0, 170.0], [42.0, 180.0]], [[373.0, 128.0], [483.0, 131.0], [483.0, 152.0], [373.0, 150.0]], [[175.0, 102.0], [498.0, 107.0], [498.0, 134.0], [174.0, 129.0]], [[238.0, 85.0], [381.0, 88.0], [380.0, 112.0], [237.0, 108.0]], [[160.0, 87.0], [245.0, 87.0], [245.0, 108.0], [160.0, 108.0]], [[242.0, 67.0], [398.0, 67.0], [398.0, 91.0], [242.0, 91.0]], [[52.0, 66.0], [163.0, 63.0], [164.0, 88.0], [52.0, 91.0]], [[162.0, 46.0], [341.0, 46.0], [341.0, 70.0], [162.0, 70.0]]]
3850_826x1084_bing_online.jpg	[[[119.0, 1041.0], [804.0, 1034.0], [805.0, 1069.0], [119.0, 1076.0]], [[118.0, 991.0], [613.0, 989.0], [613.0, 1031.0], [118.0, 1033.0]], [[70.0, 956.0], [279.0, 948.0], [280.0, 984.0], [72.0, 992.0]], [[465.0, 928.0], [479.0, 928.0], [479.0, 937.0], [465.0, 937.0]], [[415.0, 924.0], [428.0, 924.0], [428.0, 935.0], [415.0, 935.0]], [[470.0, 913.0], [551.0, 916.0], [550.0, 949.0], [469.0, 946.0]], [[348.0, 911.0], [376.0, 911.0], [376.0, 935.0], [348.0, 935.0]], [[377.0, 879.0], [415.0, 883.0], [409.0, 950.0], [370.0, 946.0]], [[667.0, 866.0], [822.0, 870.0], [821.0, 910.0], [666.0, 906.0]], [[378.0, 865.0], [406.0, 872.0], [402.0, 889.0], [374.0, 882.0]], [[356.0, 850.0], [370.0, 850.0], [370.0, 869.0], [356.0, 869.0]], [[130.0, 838.0], [237.0, 838.0], [237.0, 866.0], [130.0, 866.0]], [[377.0, 837.0], [409.0, 837.0], [409.0, 871.0], [377.0, 871.0]], [[580.0, 827.0], [820.0, 834.0], [819.0, 869.0], [579.0, 862.0]], [[380.0, 820.0], [414.0, 820.0], [414.0, 842.0], [380.0, 842.0]], [[173.0, 815.0], [202.0, 815.0], [202.0, 833.0], [173.0, 833.0]], [[417.0, 816.0], [429.0, 816.0], [429.0, 828.0], [417.0, 828.0]], [[141.0, 811.0], [178.0, 811.0], [178.0, 839.0], [141.0, 839.0]], [[261.0, 806.0], [291.0, 806.0], [291.0, 832.0], [261.0, 832.0]], [[286.0, 801.0], [352.0, 801.0], [352.0, 836.0], [286.0, 836.0]], [[92.0, 796.0], [135.0, 796.0], [135.0, 836.0], [92.0, 836.0]], [[578.0, 795.0], [738.0, 795.0], [738.0, 827.0], [578.0, 827.0]], [[143.0, 793.0], [172.0, 793.0], [172.0, 815.0], [143.0, 815.0]], [[70.0, 738.0], [773.0, 742.0], [773.0, 780.0], [70.0, 777.0]], [[649.0, 701.0], [762.0, 694.0], [765.0, 739.0], [652.0, 746.0]], [[663.0, 665.0], [817.0, 669.0], [816.0, 704.0], [662.0, 700.0]], [[392.0, 652.0], [521.0, 655.0], [520.0, 691.0], [391.0, 689.0]], [[318.0, 650.0], [368.0, 650.0], [368.0, 666.0], [318.0, 666.0]], [[665.0, 638.0], [820.0, 634.0], [821.0, 666.0], [666.0, 670.0]], [[507.0, 617.0], [596.0, 617.0], [596.0, 689.0], [507.0, 689.0]], [[315.0, 629.0], [376.0, 625.0], [378.0, 646.0], [316.0, 650.0]], [[590.0, 624.0], [626.0, 624.0], [626.0, 653.0], [590.0, 653.0]], [[456.0, 626.0], [477.0, 626.0], [477.0, 646.0], [456.0, 646.0]], [[682.0, 609.0], [816.0, 604.0], [817.0, 631.0], [683.0, 636.0]], [[73.0, 594.0], [297.0, 592.0], [298.0, 639.0], [73.0, 642.0]], [[352.0, 603.0], [365.0, 603.0], [365.0, 614.0], [352.0, 614.0]], [[392.0, 594.0], [490.0, 598.0], [489.0, 626.0], [391.0, 622.0]], [[371.0, 570.0], [486.0, 575.0], [485.0, 603.0], [370.0, 598.0]], [[557.0, 566.0], [679.0, 566.0], [679.0, 605.0], [557.0, 605.0]], [[63.0, 531.0], [653.0, 531.0], [653.0, 568.0], [63.0, 568.0]], [[13.0, 482.0], [168.0, 482.0], [168.0, 526.0], [13.0, 526.0]], [[28.0, 417.0], [434.0, 419.0], [434.0, 457.0], [28.0, 455.0]], [[34.0, 375.0], [787.0, 373.0], [787.0, 414.0], [34.0, 417.0]], [[25.0, 330.0], [793.0, 325.0], [794.0, 371.0], [25.0, 376.0]], [[9.0, 287.0], [161.0, 280.0], [163.0, 325.0], [12.0, 333.0]], [[108.0, 222.0], [760.0, 227.0], [760.0, 270.0], [108.0, 265.0]], [[189.0, 177.0], [296.0, 181.0], [294.0, 227.0], [187.0, 223.0]], [[103.0, 144.0], [805.0, 159.0], [804.0, 201.0], [102.0, 186.0]], [[193.0, 132.0], [230.0, 132.0], [230.0, 149.0], [193.0, 149.0]], [[108.0, 96.0], [304.0, 94.0], [304.0, 129.0], [108.0, 131.0]], [[58.0, 51.0], [585.0, 50.0], [585.0, 88.0], [58.0, 89.0]], [[1.0, 9.0], [116.0, 0.0], [121.0, 54.0], [6.0, 65.0]]]
3869_857x692_bing_online.png	[[[479.0, 634.0], [850.0, 654.0], [848.0, 691.0], [476.0, 674.0]], [[170.0, 606.0], [633.0, 601.0], [633.0, 638.0], [170.0, 642.0]], [[414.0, 548.0], [489.0, 551.0], [488.0, 587.0], [412.0, 584.0]], [[407.0, 526.0], [609.0, 520.0], [610.0, 550.0], [408.0, 557.0]], [[504.0, 498.0], [527.0, 498.0], [527.0, 515.0], [504.0, 515.0]], [[673.0, 493.0], [777.0, 489.0], [778.0, 525.0], [674.0, 528.0]], [[156.0, 497.0], [515.0, 481.0], [516.0, 519.0], [158.0, 534.0]], [[479.0, 468.0], [548.0, 468.0], [548.0, 500.0], [479.0, 500.0]], [[679.0, 460.0], [795.0, 458.0], [796.0, 497.0], [680.0, 500.0]], [[469.0, 398.0], [609.0, 400.0], [609.0, 428.0], [469.0, 425.0]], [[666.0, 392.0], [803.0, 381.0], [807.0, 423.0], [669.0, 433.0]], [[116.0, 383.0], [315.0, 376.0], [317.0, 417.0], [117.0, 424.0]], [[676.0, 361.0], [795.0, 358.0], [796.0, 388.0], [677.0, 391.0]], [[150.0, 335.0], [417.0, 338.0], [416.0, 369.0], [150.0, 366.0]], [[60.0, 305.0], [125.0, 305.0], [125.0, 337.0], [60.0, 337.0]], [[213.0, 274.0], [433.0, 282.0], [432.0, 313.0], [212.0, 304.0]], [[56.0, 279.0], [136.0, 274.0], [138.0, 307.0], [58.0, 312.0]], [[228.0, 243.0], [422.0, 250.0], [421.0, 281.0], [227.0, 275.0]], [[113.0, 205.0], [522.0, 207.0], [522.0, 259.0], [113.0, 256.0]], [[114.0, 176.0], [577.0, 176.0], [577.0, 206.0], [114.0, 206.0]], [[246.0, 138.0], [279.0, 138.0], [279.0, 151.0], [246.0, 151.0]], [[116.0, 101.0], [604.0, 104.0], [604.0, 150.0], [116.0, 147.0]], [[227.0, 36.0], [398.0, 36.0], [398.0, 85.0], [227.0, 85.0]], [[111.0, 2.0], [551.0, 6.0], [550.0, 35.0], [111.0, 31.0]]]
391_578x753_bing_online.png	[[[430.0, 727.0], [563.0, 727.0], [563.0, 740.0], [430.0, 740.0]], [[285.0, 652.0], [325.0, 652.0], [325.0, 680.0], [285.0, 680.0]], [[227.0, 636.0], [284.0, 636.0], [284.0, 667.0], [227.0, 667.0]], [[274.0, 628.0], [556.0, 641.0], [555.0, 674.0], [272.0, 661.0]], [[229.0, 605.0], [465.0, 607.0], [464.0, 633.0], [229.0, 631.0]], [[56.0, 605.0], [189.0, 603.0], [189.0, 616.0], [56.0, 618.0]], [[147.0, 590.0], [153.0, 586.0], [159.0, 594.0], [153.0, 598.0]], [[234.0, 578.0], [457.0, 578.0], [457.0, 602.0], [234.0, 602.0]], [[160.0, 577.0], [187.0, 581.0], [184.0, 596.0], [158.0, 592.0]], [[144.0, 577.0], [154.0, 577.0], [154.0, 586.0], [144.0, 586.0]], [[80.0, 577.0], [89.0, 577.0], [89.0, 585.0], [80.0, 585.0]], [[49.0, 579.0], [60.0, 576.0], [62.0, 583.0], [50.0, 586.0]], [[52.0, 566.0], [68.0, 566.0], [68.0, 577.0], [52.0, 577.0]], [[39.0, 563.0], [44.0, 563.0], [44.0, 569.0], [39.0, 569.0]], [[123.0, 557.0], [132.0, 557.0], [132.0, 566.0], [123.0, 566.0]], [[235.0, 548.0], [557.0, 550.0], [557.0, 574.0], [235.0, 572.0]], [[175.0, 547.0], [186.0, 547.0], [186.0, 554.0], [175.0, 554.0]], [[122.0, 545.0], [134.0, 545.0], [134.0, 559.0], [122.0, 559.0]], [[41.0, 531.0], [70.0, 531.0], [70.0, 547.0], [41.0, 547.0]], [[183.0, 529.0], [204.0, 532.0], [203.0, 544.0], [181.0, 541.0]], [[108.0, 530.0], [129.0, 530.0], [129.0, 542.0], [108.0, 542.0]], [[236.0, 520.0], [524.0, 519.0], [524.0, 542.0], [236.0, 543.0]], [[202.0, 507.0], [223.0, 507.0], [223.0, 527.0], [202.0, 527.0]], [[175.0, 507.0], [186.0, 507.0], [186.0, 515.0], [175.0, 515.0]], [[121.0, 507.0], [132.0, 507.0], [132.0, 515.0], [121.0, 515.0]], [[186.0, 505.0], [201.0, 505.0], [201.0, 518.0], [186.0, 518.0]], [[109.0, 504.0], [123.0, 504.0], [123.0, 516.0], [109.0, 516.0]], [[74.0, 505.0], [85.0, 505.0], [85.0, 515.0], [74.0, 515.0]], [[160.0, 496.0], [172.0, 496.0], [172.0, 504.0], [160.0, 504.0]], [[136.0, 496.0], [149.0, 496.0], [149.0, 505.0], [136.0, 505.0]], [[236.0, 489.0], [472.0, 486.0], [473.0, 510.0], [236.0, 513.0]], [[27.0, 483.0], [45.0, 486.0], [43.0, 498.0], [24.0, 495.0]], [[15.0, 459.0], [269.0, 459.0], [269.0, 482.0], [15.0, 482.0]], [[245.0, 417.0], [306.0, 417.0], [306.0, 437.0], [245.0, 437.0]], [[370.0, 409.0], [475.0, 413.0], [474.0, 437.0], [369.0, 432.0]], [[72.0, 410.0], [107.0, 410.0], [107.0, 428.0], [72.0, 428.0]], [[188.0, 399.0], [252.0, 399.0], [252.0, 428.0], [188.0, 428.0]], [[476.0, 395.0], [521.0, 406.0], [515.0, 430.0], [470.0, 419.0]], [[369.0, 388.0], [483.0, 395.0], [482.0, 419.0], [368.0, 412.0]], [[88.0, 385.0], [96.0, 385.0], [96.0, 395.0], [88.0, 395.0]], [[24.0, 384.0], [37.0, 380.0], [41.0, 394.0], [28.0, 398.0]], [[187.0, 368.0], [278.0, 371.0], [277.0, 398.0], [186.0, 396.0]], [[15.0, 365.0], [48.0, 365.0], [48.0, 384.0], [15.0, 384.0]], [[298.0, 344.0], [343.0, 344.0], [343.0, 366.0], [298.0, 366.0]], [[190.0, 341.0], [308.0, 350.0], [306.0, 373.0], [188.0, 364.0]], [[24.0, 332.0], [60.0, 332.0], [60.0, 351.0], [24.0, 351.0]], [[242.0, 325.0], [302.0, 328.0], [301.0, 353.0], [240.0, 351.0]], [[251.0, 310.0], [538.0, 310.0], [538.0, 329.0], [251.0, 329.0]], [[142.0, 308.0], [163.0, 312.0], [161.0, 324.0], [140.0, 320.0]], [[15.0, 275.0], [464.0, 277.0], [464.0, 304.0], [15.0, 303.0]], [[259.0, 234.0], [312.0, 234.0], [312.0, 256.0], [259.0, 256.0]], [[170.0, 224.0], [183.0, 224.0], [183.0, 239.0], [170.0, 239.0]], [[181.0, 214.0], [258.0, 217.0], [257.0, 249.0], [180.0, 247.0]], [[254.0, 206.0], [362.0, 220.0], [358.0, 250.0], [250.0, 236.0]], [[186.0, 187.0], [438.0, 189.0], [437.0, 216.0], [186.0, 214.0]], [[181.0, 161.0], [444.0, 160.0], [445.0, 183.0], [181.0, 184.0]], [[136.0, 164.0], [151.0, 164.0], [151.0, 177.0], [136.0, 177.0]], [[13.0, 161.0], [37.0, 161.0], [37.0, 179.0], [13.0, 179.0]], [[129.0, 124.0], [343.0, 127.0], [343.0, 153.0], [128.0, 151.0]], [[33.0, 117.0], [62.0, 117.0], [62.0, 137.0], [33.0, 137.0]], [[4.0, 111.0], [44.0, 117.0], [40.0, 145.0], [0.0, 140.0]], [[173.0, 96.0], [560.0, 98.0], [560.0, 125.0], [173.0, 123.0]], [[42.0, 76.0], [73.0, 76.0], [73.0, 103.0], [42.0, 103.0]], [[198.0, 69.0], [557.0, 69.0], [557.0, 92.0], [198.0, 92.0]], [[12.0, 35.0], [133.0, 33.0], [134.0, 64.0], [12.0, 66.0]], [[186.0, 3.0], [324.0, 3.0], [324.0, 34.0], [186.0, 34.0]]]
3957_1385x996_bing_online.jpg	[[[189.0, 950.0], [219.0, 945.0], [227.0, 985.0], [196.0, 990.0]], [[482.0, 939.0], [519.0, 939.0], [519.0, 985.0], [482.0, 985.0]], [[757.0, 909.0], [994.0, 913.0], [993.0, 974.0], [756.0, 970.0]], [[162.0, 900.0], [257.0, 896.0], [259.0, 945.0], [165.0, 948.0]], [[462.0, 894.0], [570.0, 894.0], [570.0, 946.0], [462.0, 946.0]], [[14.0, 855.0], [45.0, 855.0], [45.0, 898.0], [14.0, 898.0]], [[612.0, 836.0], [656.0, 836.0], [656.0, 910.0], [612.0, 910.0]], [[275.0, 830.0], [324.0, 834.0], [315.0, 937.0], [266.0, 933.0]], [[754.0, 831.0], [1115.0, 816.0], [1117.0, 874.0], [756.0, 889.0]], [[271.0, 810.0], [306.0, 785.0], [333.0, 821.0], [298.0, 846.0]], [[105.0, 778.0], [275.0, 783.0], [273.0, 834.0], [103.0, 829.0]], [[400.0, 777.0], [554.0, 777.0], [554.0, 828.0], [400.0, 828.0]], [[623.0, 778.0], [652.0, 778.0], [652.0, 815.0], [623.0, 815.0]], [[771.0, 759.0], [1328.0, 742.0], [1329.0, 795.0], [773.0, 811.0]], [[138.0, 692.0], [269.0, 688.0], [272.0, 775.0], [141.0, 779.0]], [[440.0, 680.0], [577.0, 691.0], [570.0, 781.0], [433.0, 771.0]], [[758.0, 683.0], [1360.0, 657.0], [1363.0, 710.0], [760.0, 735.0]], [[62.0, 518.0], [229.0, 518.0], [229.0, 591.0], [62.0, 591.0]], [[86.0, 453.0], [1210.0, 433.0], [1211.0, 495.0], [87.0, 515.0]], [[856.0, 358.0], [957.0, 358.0], [957.0, 406.0], [856.0, 406.0]], [[982.0, 354.0], [1319.0, 345.0], [1321.0, 403.0], [984.0, 412.0]], [[239.0, 351.0], [276.0, 351.0], [276.0, 393.0], [239.0, 393.0]], [[534.0, 348.0], [568.0, 348.0], [568.0, 392.0], [534.0, 392.0]], [[496.0, 294.0], [619.0, 294.0], [619.0, 345.0], [496.0, 345.0]], [[861.0, 284.0], [966.0, 278.0], [969.0, 326.0], [863.0, 332.0]], [[987.0, 272.0], [1305.0, 257.0], [1308.0, 310.0], [990.0, 326.0]], [[65.0, 258.0], [95.0, 261.0], [92.0, 298.0], [61.0, 295.0]], [[152.0, 250.0], [312.0, 240.0], [315.0, 289.0], [155.0, 299.0]], [[445.0, 252.0], [603.0, 238.0], [607.0, 289.0], [450.0, 303.0]], [[327.0, 248.0], [358.0, 248.0], [358.0, 287.0], [327.0, 287.0]], [[654.0, 236.0], [696.0, 228.0], [712.0, 311.0], [670.0, 319.0]], [[887.0, 219.0], [977.0, 215.0], [980.0, 278.0], [889.0, 282.0]], [[332.0, 201.0], [372.0, 201.0], [372.0, 239.0], [332.0, 239.0]], [[154.0, 179.0], [324.0, 186.0], [322.0, 235.0], [152.0, 229.0]], [[446.0, 175.0], [603.0, 175.0], [603.0, 231.0], [446.0, 231.0]], [[668.0, 177.0], [705.0, 177.0], [705.0, 221.0], [668.0, 221.0]], [[883.0, 168.0], [982.0, 168.0], [982.0, 228.0], [883.0, 228.0]], [[856.0, 114.0], [1073.0, 106.0], [1075.0, 161.0], [858.0, 169.0]], [[195.0, 98.0], [319.0, 98.0], [319.0, 177.0], [195.0, 177.0]], [[480.0, 95.0], [622.0, 95.0], [622.0, 177.0], [480.0, 177.0]], [[308.0, 34.0], [608.0, 26.0], [609.0, 80.0], [310.0, 88.0]], [[25.0, 5.0], [261.0, 9.0], [261.0, 70.0], [24.0, 66.0]]]
4052_2048x1603_bing_online.jpg	[[[1314.0, 1481.0], [1995.0, 1481.0], [1995.0, 1555.0], [1314.0, 1555.0]], [[155.0, 1327.0], [1294.0, 1304.0], [1296.0, 1400.0], [157.0, 1423.0]], [[240.0, 1201.0], [1372.0, 1178.0], [1375.0, 1289.0], [243.0, 1312.0]], [[128.0, 1087.0], [1625.0, 1073.0], [1626.0, 1187.0], [129.0, 1200.0]], [[85.0, 1009.0], [1343.0, 979.0], [1345.0, 1075.0], [87.0, 1105.0]], [[249.0, 918.0], [1340.0, 892.0], [1343.0, 988.0], [251.0, 1013.0]], [[1449.0, 885.0], [1988.0, 861.0], [1992.0, 957.0], [1454.0, 981.0]], [[163.0, 807.0], [985.0, 774.0], [989.0, 885.0], [167.0, 918.0]], [[158.0, 687.0], [364.0, 678.0], [369.0, 796.0], [163.0, 805.0]], [[204.0, 547.0], [1498.0, 524.0], [1500.0, 657.0], [206.0, 680.0]], [[104.0, 408.0], [1726.0, 369.0], [1729.0, 500.0], [107.0, 539.0]], [[151.0, 299.0], [590.0, 294.0], [591.0, 398.0], [152.0, 403.0]], [[741.0, 293.0], [1045.0, 282.0], [1049.0, 391.0], [745.0, 402.0]], [[1121.0, 278.0], [1749.0, 258.0], [1752.0, 369.0], [1124.0, 389.0]], [[200.0, 184.0], [1319.0, 158.0], [1321.0, 252.0], [202.0, 277.0]], [[607.0, 51.0], [1724.0, 23.0], [1727.0, 126.0], [610.0, 153.0]]]
4099_879x542_bing_online.jpg	[[[499.0, 506.0], [802.0, 504.0], [802.0, 535.0], [500.0, 537.0]], [[8.0, 495.0], [492.0, 501.0], [491.0, 539.0], [8.0, 533.0]], [[269.0, 457.0], [645.0, 457.0], [645.0, 491.0], [269.0, 491.0]], [[381.0, 418.0], [858.0, 410.0], [859.0, 445.0], [382.0, 452.0]], [[55.0, 377.0], [98.0, 377.0], [98.0, 411.0], [55.0, 411.0]], [[354.0, 375.0], [718.0, 364.0], [720.0, 402.0], [355.0, 413.0]], [[94.0, 358.0], [135.0, 358.0], [135.0, 410.0], [94.0, 410.0]], [[215.0, 326.0], [763.0, 318.0], [763.0, 361.0], [216.0, 370.0]], [[192.0, 285.0], [723.0, 273.0], [724.0, 313.0], [193.0, 325.0]], [[389.0, 226.0], [438.0, 226.0], [438.0, 275.0], [389.0, 275.0]], [[434.0, 158.0], [561.0, 158.0], [561.0, 198.0], [434.0, 198.0]], [[260.0, 155.0], [426.0, 145.0], [429.0, 187.0], [263.0, 197.0]], [[278.0, 114.0], [527.0, 107.0], [528.0, 141.0], [279.0, 148.0]], [[700.0, 77.0], [772.0, 77.0], [772.0, 120.0], [700.0, 120.0]], [[20.0, 67.0], [339.0, 69.0], [339.0, 106.0], [19.0, 104.0]], [[679.0, 40.0], [848.0, 48.0], [846.0, 80.0], [677.0, 72.0]], [[422.0, 15.0], [437.0, 15.0], [437.0, 22.0], [422.0, 22.0]], [[634.0, 3.0], [809.0, 8.0], [808.0, 43.0], [632.0, 38.0]], [[221.0, 0.0], [616.0, 0.0], [617.0, 50.0], [221.0, 54.0]]]
4124_1584x2048_bing_online.jpg	[[[1240.0, 1952.0], [1550.0, 1957.0], [1549.0, 2010.0], [1239.0, 2005.0]], [[801.0, 1847.0], [867.0, 1847.0], [867.0, 1882.0], [801.0, 1882.0]], [[869.0, 1837.0], [934.0, 1837.0], [934.0, 1867.0], [869.0, 1867.0]], [[983.0, 1825.0], [1113.0, 1831.0], [1111.0, 1887.0], [981.0, 1881.0]], [[661.0, 1828.0], [695.0, 1828.0], [695.0, 1856.0], [661.0, 1856.0]], [[680.0, 1813.0], [745.0, 1813.0], [745.0, 1890.0], [680.0, 1890.0]], [[783.0, 1811.0], [880.0, 1811.0], [880.0, 1850.0], [783.0, 1850.0]], [[867.0, 1773.0], [934.0, 1773.0], [934.0, 1813.0], [867.0, 1813.0]], [[664.0, 1740.0], [697.0, 1749.0], [689.0, 1777.0], [656.0, 1768.0]], [[865.0, 1681.0], [932.0, 1681.0], [932.0, 1724.0], [865.0, 1724.0]], [[772.0, 1581.0], [885.0, 1576.0], [887.0, 1621.0], [774.0, 1626.0]], [[372.0, 1560.0], [658.0, 1555.0], [659.0, 1600.0], [373.0, 1605.0]], [[366.0, 1498.0], [1257.0, 1498.0], [1257.0, 1547.0], [366.0, 1547.0]], [[573.0, 1438.0], [952.0, 1447.0], [951.0, 1489.0], [572.0, 1480.0]], [[555.0, 1382.0], [964.0, 1382.0], [964.0, 1427.0], [555.0, 1427.0]], [[437.0, 1305.0], [1085.0, 1312.0], [1084.0, 1370.0], [437.0, 1363.0]], [[518.0, 1257.0], [961.0, 1243.0], [963.0, 1303.0], [520.0, 1317.0]], [[406.0, 1184.0], [1000.0, 1175.0], [1001.0, 1239.0], [407.0, 1248.0]], [[410.0, 1127.0], [1171.0, 1098.0], [1174.0, 1164.0], [413.0, 1193.0]], [[426.0, 1069.0], [882.0, 1069.0], [882.0, 1111.0], [426.0, 1111.0]], [[417.0, 956.0], [1332.0, 949.0], [1332.0, 998.0], [418.0, 1005.0]], [[385.0, 900.0], [1396.0, 889.0], [1397.0, 932.0], [386.0, 943.0]], [[327.0, 849.0], [1375.0, 843.0], [1375.0, 885.0], [327.0, 892.0]], [[361.0, 777.0], [1259.0, 772.0], [1259.0, 817.0], [362.0, 821.0]], [[348.0, 721.0], [1205.0, 710.0], [1205.0, 755.0], [349.0, 766.0]], [[329.0, 664.0], [1467.0, 650.0], [1468.0, 702.0], [330.0, 715.0]], [[4.0, 589.0], [1217.0, 565.0], [1219.0, 629.0], [5.0, 653.0]], [[837.0, 571.0], [883.0, 577.0], [880.0, 602.0], [834.0, 596.0]], [[13.0, 472.0], [320.0, 465.0], [321.0, 516.0], [14.0, 523.0]], [[426.0, 457.0], [953.0, 454.0], [953.0, 499.0], [426.0, 501.0]], [[26.0, 403.0], [355.0, 399.0], [355.0, 456.0], [26.0, 461.0]], [[333.0, 389.0], [1211.0, 371.0], [1212.0, 428.0], [334.0, 446.0]], [[359.0, 348.0], [1198.0, 333.0], [1199.0, 375.0], [360.0, 391.0]], [[368.0, 297.0], [1009.0, 294.0], [1009.0, 337.0], [368.0, 339.0]], [[363.0, 188.0], [1177.0, 175.0], [1177.0, 217.0], [364.0, 231.0]], [[353.0, 133.0], [994.0, 115.0], [995.0, 157.0], [354.0, 175.0]]]
412_1080x956_bing_online.jpg	[[[426.0, 885.0], [803.0, 889.0], [803.0, 937.0], [425.0, 934.0]], [[867.0, 889.0], [1050.0, 889.0], [1050.0, 926.0], [867.0, 926.0]], [[131.0, 827.0], [883.0, 820.0], [883.0, 883.0], [132.0, 890.0]], [[58.0, 817.0], [145.0, 828.0], [138.0, 879.0], [51.0, 868.0]], [[174.0, 761.0], [892.0, 775.0], [891.0, 824.0], [173.0, 810.0]], [[26.0, 762.0], [60.0, 762.0], [60.0, 807.0], [26.0, 807.0]], [[21.0, 707.0], [193.0, 707.0], [193.0, 758.0], [21.0, 758.0]], [[30.0, 641.0], [632.0, 643.0], [632.0, 688.0], [30.0, 686.0]], [[42.0, 565.0], [789.0, 573.0], [788.0, 626.0], [41.0, 618.0]], [[23.0, 511.0], [811.0, 518.0], [811.0, 563.0], [22.0, 556.0]], [[21.0, 457.0], [1055.0, 454.0], [1055.0, 499.0], [21.0, 502.0]], [[16.0, 387.0], [605.0, 401.0], [603.0, 457.0], [14.0, 443.0]], [[19.0, 337.0], [1044.0, 360.0], [1043.0, 415.0], [18.0, 392.0]], [[47.0, 285.0], [1069.0, 301.0], [1068.0, 354.0], [46.0, 338.0]], [[26.0, 230.0], [752.0, 247.0], [751.0, 292.0], [24.0, 275.0]], [[23.0, 174.0], [1060.0, 182.0], [1059.0, 237.0], [22.0, 229.0]], [[32.0, 113.0], [963.0, 123.0], [963.0, 176.0], [31.0, 166.0]], [[23.0, 49.0], [1037.0, 36.0], [1038.0, 110.0], [24.0, 123.0]], [[26.0, 0.0], [394.0, 1.0], [394.0, 42.0], [26.0, 40.0]]]
4151_720x1017_bing_online.jpg	[[[540.0, 976.0], [704.0, 976.0], [704.0, 998.0], [540.0, 998.0]], [[144.0, 965.0], [205.0, 965.0], [205.0, 988.0], [144.0, 988.0]], [[273.0, 964.0], [349.0, 964.0], [349.0, 987.0], [273.0, 987.0]], [[140.0, 941.0], [208.0, 938.0], [209.0, 963.0], [141.0, 965.0]], [[273.0, 940.0], [362.0, 940.0], [362.0, 962.0], [273.0, 962.0]], [[145.0, 916.0], [192.0, 919.0], [191.0, 942.0], [143.0, 939.0]], [[273.0, 916.0], [344.0, 916.0], [344.0, 939.0], [273.0, 939.0]], [[69.0, 908.0], [99.0, 908.0], [99.0, 925.0], [69.0, 925.0]], [[148.0, 902.0], [190.0, 902.0], [190.0, 922.0], [148.0, 922.0]], [[272.0, 898.0], [335.0, 898.0], [335.0, 921.0], [272.0, 921.0]], [[65.0, 890.0], [95.0, 890.0], [95.0, 912.0], [65.0, 912.0]], [[147.0, 881.0], [190.0, 881.0], [190.0, 905.0], [147.0, 905.0]], [[273.0, 880.0], [331.0, 880.0], [331.0, 903.0], [273.0, 903.0]], [[75.0, 884.0], [91.0, 884.0], [91.0, 894.0], [75.0, 894.0]], [[150.0, 863.0], [244.0, 863.0], [244.0, 882.0], [150.0, 882.0]], [[63.0, 863.0], [100.0, 863.0], [100.0, 885.0], [63.0, 885.0]], [[270.0, 859.0], [373.0, 861.0], [372.0, 884.0], [270.0, 881.0]], [[442.0, 845.0], [565.0, 843.0], [566.0, 861.0], [443.0, 864.0]], [[42.0, 839.0], [414.0, 840.0], [414.0, 869.0], [42.0, 868.0]], [[150.0, 808.0], [230.0, 808.0], [230.0, 826.0], [150.0, 826.0]], [[221.0, 806.0], [313.0, 806.0], [313.0, 828.0], [221.0, 828.0]], [[259.0, 781.0], [435.0, 801.0], [431.0, 834.0], [255.0, 813.0]], [[42.0, 787.0], [228.0, 789.0], [228.0, 815.0], [42.0, 812.0]], [[389.0, 797.0], [395.0, 791.0], [400.0, 796.0], [394.0, 802.0]], [[148.0, 771.0], [225.0, 774.0], [224.0, 796.0], [148.0, 793.0]], [[239.0, 773.0], [305.0, 770.0], [306.0, 793.0], [240.0, 796.0]], [[318.0, 758.0], [431.0, 761.0], [430.0, 787.0], [317.0, 785.0]], [[140.0, 757.0], [225.0, 757.0], [225.0, 777.0], [140.0, 777.0]], [[44.0, 754.0], [150.0, 758.0], [149.0, 780.0], [44.0, 776.0]], [[240.0, 754.0], [286.0, 754.0], [286.0, 779.0], [240.0, 779.0]], [[244.0, 739.0], [284.0, 739.0], [284.0, 760.0], [244.0, 760.0]], [[145.0, 732.0], [229.0, 740.0], [227.0, 766.0], [143.0, 758.0]], [[256.0, 721.0], [299.0, 721.0], [299.0, 745.0], [256.0, 745.0]], [[150.0, 719.0], [226.0, 723.0], [225.0, 745.0], [149.0, 741.0]], [[45.0, 703.0], [298.0, 703.0], [298.0, 726.0], [45.0, 726.0]], [[398.0, 691.0], [495.0, 687.0], [496.0, 710.0], [399.0, 713.0]], [[387.0, 694.0], [395.0, 694.0], [395.0, 703.0], [387.0, 703.0]], [[312.0, 688.0], [376.0, 688.0], [376.0, 710.0], [312.0, 710.0]], [[388.0, 677.0], [400.0, 677.0], [400.0, 688.0], [388.0, 688.0]], [[43.0, 673.0], [377.0, 668.0], [377.0, 698.0], [43.0, 702.0]], [[395.0, 673.0], [496.0, 666.0], [498.0, 692.0], [397.0, 700.0]], [[411.0, 670.0], [431.0, 670.0], [431.0, 682.0], [411.0, 682.0]], [[162.0, 653.0], [231.0, 653.0], [231.0, 675.0], [162.0, 675.0]], [[385.0, 652.0], [510.0, 652.0], [510.0, 673.0], [385.0, 673.0]], [[245.0, 652.0], [373.0, 652.0], [373.0, 674.0], [245.0, 674.0]], [[42.0, 648.0], [139.0, 648.0], [139.0, 675.0], [42.0, 675.0]], [[41.0, 626.0], [118.0, 626.0], [118.0, 649.0], [41.0, 649.0]], [[124.0, 623.0], [687.0, 620.0], [687.0, 646.0], [124.0, 649.0]], [[41.0, 604.0], [120.0, 604.0], [120.0, 627.0], [41.0, 627.0]], [[127.0, 602.0], [326.0, 604.0], [326.0, 626.0], [126.0, 624.0]], [[40.0, 584.0], [119.0, 584.0], [119.0, 606.0], [40.0, 606.0]], [[444.0, 573.0], [656.0, 569.0], [657.0, 590.0], [445.0, 594.0]], [[175.0, 563.0], [224.0, 563.0], [224.0, 587.0], [175.0, 587.0]], [[40.0, 558.0], [118.0, 561.0], [117.0, 591.0], [39.0, 589.0]], [[274.0, 557.0], [444.0, 561.0], [443.0, 587.0], [273.0, 584.0]], [[438.0, 551.0], [658.0, 548.0], [658.0, 573.0], [438.0, 576.0]], [[42.0, 539.0], [105.0, 543.0], [104.0, 567.0], [40.0, 563.0]], [[174.0, 525.0], [220.0, 525.0], [220.0, 550.0], [174.0, 550.0]], [[42.0, 521.0], [112.0, 525.0], [110.0, 552.0], [40.0, 548.0]], [[297.0, 517.0], [378.0, 517.0], [378.0, 560.0], [297.0, 560.0]], [[398.0, 520.0], [603.0, 516.0], [603.0, 552.0], [399.0, 556.0]], [[282.0, 511.0], [292.0, 511.0], [292.0, 520.0], [282.0, 520.0]], [[300.0, 506.0], [430.0, 502.0], [431.0, 523.0], [300.0, 527.0]], [[140.0, 505.0], [211.0, 505.0], [211.0, 524.0], [140.0, 524.0]], [[283.0, 495.0], [292.0, 495.0], [292.0, 504.0], [283.0, 504.0]], [[134.0, 490.0], [213.0, 490.0], [213.0, 510.0], [134.0, 510.0]], [[300.0, 489.0], [390.0, 486.0], [390.0, 508.0], [300.0, 511.0]], [[281.0, 479.0], [292.0, 479.0], [292.0, 487.0], [281.0, 487.0]], [[147.0, 471.0], [215.0, 471.0], [215.0, 490.0], [147.0, 490.0]], [[301.0, 469.0], [431.0, 466.0], [432.0, 489.0], [302.0, 493.0]], [[281.0, 458.0], [291.0, 458.0], [291.0, 469.0], [281.0, 469.0]], [[249.0, 458.0], [258.0, 458.0], [258.0, 470.0], [249.0, 470.0]], [[146.0, 454.0], [218.0, 454.0], [218.0, 474.0], [146.0, 474.0]], [[250.0, 441.0], [257.0, 441.0], [257.0, 446.0], [250.0, 446.0]], [[281.0, 439.0], [291.0, 439.0], [291.0, 447.0], [281.0, 447.0]], [[145.0, 432.0], [227.0, 430.0], [227.0, 452.0], [146.0, 455.0]], [[302.0, 429.0], [375.0, 429.0], [375.0, 456.0], [302.0, 456.0]], [[490.0, 416.0], [641.0, 416.0], [641.0, 442.0], [490.0, 442.0]], [[282.0, 422.0], [292.0, 422.0], [292.0, 430.0], [282.0, 430.0]], [[249.0, 418.0], [258.0, 418.0], [258.0, 430.0], [249.0, 430.0]], [[149.0, 414.0], [228.0, 414.0], [228.0, 436.0], [149.0, 436.0]], [[303.0, 412.0], [375.0, 410.0], [376.0, 433.0], [304.0, 436.0]], [[146.0, 396.0], [261.0, 394.0], [262.0, 415.0], [146.0, 418.0]], [[44.0, 392.0], [142.0, 395.0], [141.0, 423.0], [43.0, 419.0]], [[446.0, 391.0], [643.0, 391.0], [643.0, 416.0], [446.0, 416.0]], [[302.0, 389.0], [366.0, 385.0], [368.0, 417.0], [304.0, 421.0]], [[44.0, 373.0], [181.0, 373.0], [181.0, 398.0], [44.0, 398.0]], [[44.0, 347.0], [108.0, 347.0], [108.0, 375.0], [44.0, 375.0]], [[183.0, 333.0], [286.0, 333.0], [286.0, 355.0], [183.0, 355.0]], [[278.0, 313.0], [393.0, 316.0], [393.0, 342.0], [277.0, 340.0]], [[184.0, 313.0], [273.0, 316.0], [273.0, 335.0], [183.0, 332.0]], [[313.0, 315.0], [336.0, 315.0], [336.0, 327.0], [313.0, 327.0]], [[586.0, 292.0], [709.0, 292.0], [709.0, 335.0], [586.0, 335.0]], [[381.0, 301.0], [391.0, 301.0], [391.0, 309.0], [381.0, 309.0]], [[538.0, 302.0], [550.0, 294.0], [557.0, 304.0], [545.0, 312.0]], [[161.0, 287.0], [369.0, 287.0], [369.0, 316.0], [161.0, 316.0]], [[160.0, 266.0], [368.0, 269.0], [367.0, 298.0], [159.0, 294.0]], [[44.0, 270.0], [144.0, 268.0], [145.0, 294.0], [44.0, 297.0]], [[546.0, 271.0], [561.0, 271.0], [561.0, 285.0], [546.0, 285.0]], [[633.0, 250.0], [714.0, 250.0], [714.0, 276.0], [633.0, 276.0]], [[562.0, 243.0], [631.0, 243.0], [631.0, 269.0], [562.0, 269.0]], [[439.0, 239.0], [564.0, 230.0], [566.0, 261.0], [441.0, 270.0]], [[165.0, 233.0], [258.0, 233.0], [258.0, 258.0], [165.0, 258.0]], [[45.0, 232.0], [132.0, 232.0], [132.0, 262.0], [45.0, 262.0]], [[329.0, 232.0], [400.0, 232.0], [400.0, 260.0], [329.0, 260.0]], [[450.0, 234.0], [469.0, 234.0], [469.0, 252.0], [450.0, 252.0]], [[643.0, 235.0], [714.0, 227.0], [717.0, 250.0], [646.0, 258.0]], [[560.0, 220.0], [656.0, 220.0], [656.0, 250.0], [560.0, 250.0]], [[652.0, 227.0], [669.0, 220.0], [675.0, 235.0], [658.0, 242.0]], [[333.0, 206.0], [400.0, 206.0], [400.0, 225.0], [333.0, 225.0]], [[166.0, 203.0], [257.0, 203.0], [257.0, 226.0], [166.0, 226.0]], [[46.0, 199.0], [131.0, 199.0], [131.0, 229.0], [46.0, 229.0]], [[434.0, 196.0], [532.0, 191.0], [534.0, 231.0], [437.0, 236.0]], [[213.0, 182.0], [312.0, 184.0], [311.0, 208.0], [212.0, 205.0]], [[46.0, 165.0], [136.0, 165.0], [136.0, 195.0], [46.0, 195.0]], [[160.0, 165.0], [308.0, 160.0], [309.0, 192.0], [161.0, 197.0]], [[213.0, 147.0], [280.0, 147.0], [280.0, 170.0], [213.0, 170.0]], [[336.0, 137.0], [370.0, 137.0], [370.0, 154.0], [336.0, 154.0]], [[436.0, 131.0], [529.0, 131.0], [529.0, 162.0], [436.0, 162.0]], [[48.0, 131.0], [152.0, 134.0], [152.0, 160.0], [47.0, 158.0]], [[159.0, 133.0], [278.0, 122.0], [281.0, 152.0], [162.0, 163.0]], [[211.0, 107.0], [280.0, 109.0], [279.0, 133.0], [210.0, 130.0]], [[48.0, 100.0], [156.0, 100.0], [156.0, 125.0], [48.0, 125.0]], [[164.0, 100.0], [213.0, 100.0], [213.0, 123.0], [164.0, 123.0]], [[336.0, 100.0], [373.0, 100.0], [373.0, 121.0], [336.0, 121.0]], [[208.0, 91.0], [279.0, 91.0], [279.0, 113.0], [208.0, 113.0]], [[47.0, 76.0], [152.0, 74.0], [152.0, 102.0], [48.0, 104.0]], [[166.0, 64.0], [191.0, 67.0], [190.0, 80.0], [165.0, 77.0]], [[274.0, 49.0], [428.0, 46.0], [429.0, 79.0], [275.0, 82.0]], [[46.0, 47.0], [235.0, 41.0], [236.0, 73.0], [47.0, 79.0]], [[462.0, 29.0], [536.0, 29.0], [536.0, 52.0], [462.0, 52.0]], [[275.0, 28.0], [352.0, 25.0], [353.0, 53.0], [276.0, 55.0]], [[48.0, 24.0], [105.0, 27.0], [104.0, 55.0], [47.0, 53.0]]]
4221_794x1044_bing_online.jpg	[[[70.0, 960.0], [182.0, 960.0], [182.0, 975.0], [70.0, 975.0]], [[68.0, 928.0], [204.0, 926.0], [204.0, 945.0], [68.0, 946.0]], [[108.0, 898.0], [122.0, 898.0], [122.0, 916.0], [108.0, 916.0]], [[151.0, 879.0], [180.0, 896.0], [167.0, 918.0], [138.0, 900.0]], [[195.0, 881.0], [219.0, 881.0], [219.0, 906.0], [195.0, 906.0]], [[107.0, 842.0], [127.0, 849.0], [122.0, 868.0], [101.0, 862.0]], [[140.0, 848.0], [158.0, 837.0], [176.0, 865.0], [158.0, 877.0]], [[164.0, 810.0], [182.0, 819.0], [174.0, 835.0], [157.0, 826.0]], [[111.0, 803.0], [134.0, 803.0], [134.0, 834.0], [111.0, 834.0]], [[134.0, 780.0], [154.0, 780.0], [154.0, 800.0], [134.0, 800.0]], [[71.0, 753.0], [571.0, 753.0], [571.0, 768.0], [71.0, 768.0]], [[70.0, 721.0], [137.0, 721.0], [137.0, 739.0], [70.0, 739.0]], [[484.0, 718.0], [568.0, 720.0], [567.0, 740.0], [483.0, 737.0]], [[346.0, 718.0], [423.0, 720.0], [422.0, 740.0], [345.0, 737.0]], [[206.0, 718.0], [288.0, 720.0], [288.0, 740.0], [206.0, 737.0]], [[115.0, 688.0], [155.0, 688.0], [155.0, 709.0], [115.0, 709.0]], [[113.0, 674.0], [141.0, 674.0], [141.0, 692.0], [113.0, 692.0]], [[242.0, 667.0], [286.0, 667.0], [286.0, 706.0], [242.0, 706.0]], [[100.0, 655.0], [119.0, 655.0], [119.0, 668.0], [100.0, 668.0]], [[211.0, 646.0], [327.0, 646.0], [327.0, 672.0], [211.0, 672.0]], [[105.0, 636.0], [121.0, 636.0], [121.0, 651.0], [105.0, 651.0]], [[105.0, 617.0], [121.0, 617.0], [121.0, 633.0], [105.0, 633.0]], [[72.0, 585.0], [423.0, 585.0], [423.0, 600.0], [72.0, 600.0]], [[71.0, 555.0], [715.0, 555.0], [715.0, 569.0], [71.0, 569.0]], [[484.0, 523.0], [530.0, 523.0], [530.0, 539.0], [484.0, 539.0]], [[207.0, 523.0], [245.0, 523.0], [245.0, 539.0], [207.0, 539.0]], [[70.0, 523.0], [117.0, 523.0], [117.0, 539.0], [70.0, 539.0]], [[344.0, 522.0], [393.0, 519.0], [394.0, 539.0], [345.0, 542.0]], [[168.0, 495.0], [180.0, 495.0], [180.0, 505.0], [168.0, 505.0]], [[133.0, 494.0], [147.0, 494.0], [147.0, 508.0], [133.0, 508.0]], [[200.0, 489.0], [259.0, 493.0], [258.0, 513.0], [199.0, 509.0]], [[91.0, 494.0], [105.0, 489.0], [109.0, 504.0], [95.0, 508.0]], [[70.0, 460.0], [106.0, 460.0], [106.0, 479.0], [70.0, 479.0]], [[69.0, 432.0], [107.0, 432.0], [107.0, 452.0], [69.0, 452.0]], [[70.0, 409.0], [106.0, 409.0], [106.0, 430.0], [70.0, 430.0]], [[95.0, 393.0], [137.0, 390.0], [139.0, 410.0], [96.0, 413.0]], [[71.0, 368.0], [343.0, 368.0], [343.0, 383.0], [71.0, 383.0]], [[71.0, 335.0], [722.0, 337.0], [722.0, 352.0], [71.0, 350.0]], [[71.0, 306.0], [274.0, 306.0], [274.0, 320.0], [71.0, 320.0]], [[71.0, 273.0], [254.0, 273.0], [254.0, 288.0], [71.0, 288.0]], [[70.0, 243.0], [238.0, 243.0], [238.0, 258.0], [70.0, 258.0]], [[70.0, 211.0], [186.0, 211.0], [186.0, 226.0], [70.0, 226.0]], [[210.0, 163.0], [233.0, 163.0], [233.0, 186.0], [210.0, 186.0]], [[160.0, 161.0], [174.0, 161.0], [174.0, 181.0], [160.0, 181.0]], [[104.0, 138.0], [124.0, 138.0], [124.0, 177.0], [104.0, 177.0]], [[115.0, 111.0], [134.0, 111.0], [134.0, 134.0], [115.0, 134.0]], [[213.0, 111.0], [228.0, 111.0], [228.0, 128.0], [213.0, 128.0]], [[177.0, 111.0], [191.0, 105.0], [197.0, 119.0], [183.0, 125.0]], [[249.0, 109.0], [259.0, 109.0], [259.0, 123.0], [249.0, 123.0]], [[110.0, 86.0], [138.0, 86.0], [138.0, 117.0], [110.0, 117.0]], [[206.0, 74.0], [220.0, 74.0], [220.0, 89.0], [206.0, 89.0]]]
4320_2344x2780_bing_online.jpg	[[[844.0, 2534.0], [1348.0, 2534.0], [1348.0, 2667.0], [844.0, 2667.0]], [[458.0, 2463.0], [848.0, 2474.0], [843.0, 2636.0], [453.0, 2625.0]], [[925.0, 2430.0], [1283.0, 2417.0], [1288.0, 2533.0], [929.0, 2547.0]], [[86.0, 2302.0], [1275.0, 2311.0], [1274.0, 2430.0], [85.0, 2421.0]], [[1080.0, 2185.0], [1406.0, 2174.0], [1411.0, 2301.0], [1084.0, 2312.0]], [[1693.0, 2167.0], [2031.0, 2159.0], [2034.0, 2307.0], [1696.0, 2315.0]], [[46.0, 2097.0], [928.0, 2087.0], [929.0, 2238.0], [48.0, 2248.0]], [[1007.0, 2066.0], [1497.0, 2052.0], [1501.0, 2185.0], [1011.0, 2199.0]], [[1461.0, 2054.0], [2036.0, 2037.0], [2041.0, 2179.0], [1465.0, 2196.0]], [[337.0, 1969.0], [504.0, 1969.0], [504.0, 2071.0], [337.0, 2071.0]], [[338.0, 1815.0], [1398.0, 1825.0], [1397.0, 1952.0], [337.0, 1943.0]], [[152.0, 1628.0], [1156.0, 1618.0], [1158.0, 1769.0], [153.0, 1778.0]], [[47.0, 1491.0], [1380.0, 1491.0], [1380.0, 1607.0], [47.0, 1607.0]], [[648.0, 1291.0], [1357.0, 1347.0], [1344.0, 1507.0], [635.0, 1450.0]], [[987.0, 1245.0], [1298.0, 1245.0], [1298.0, 1349.0], [987.0, 1349.0]], [[44.0, 1147.0], [2282.0, 1144.0], [2283.0, 1263.0], [44.0, 1266.0]], [[58.0, 1025.0], [2294.0, 1019.0], [2294.0, 1138.0], [59.0, 1144.0]], [[76.0, 796.0], [1612.0, 796.0], [1612.0, 915.0], [76.0, 915.0]], [[381.0, 711.0], [532.0, 719.0], [527.0, 800.0], [377.0, 792.0]], [[79.0, 608.0], [721.0, 608.0], [721.0, 727.0], [79.0, 727.0]], [[650.0, 590.0], [1220.0, 603.0], [1216.0, 745.0], [646.0, 732.0]], [[92.0, 446.0], [701.0, 452.0], [699.0, 585.0], [90.0, 579.0]], [[797.0, 379.0], [917.0, 379.0], [917.0, 478.0], [797.0, 478.0]], [[1078.0, 333.0], [1398.0, 333.0], [1398.0, 472.0], [1078.0, 472.0]], [[90.0, 248.0], [1082.0, 264.0], [1079.0, 412.0], [87.0, 396.0]], [[2008.0, 97.0], [2284.0, 109.0], [2279.0, 224.0], [2003.0, 213.0]], [[1705.0, 112.0], [1856.0, 120.0], [1852.0, 186.0], [1701.0, 179.0]], [[37.0, 88.0], [740.0, 78.0], [742.0, 231.0], [40.0, 241.0]], [[1705.0, 29.0], [1811.0, 29.0], [1811.0, 98.0], [1705.0, 98.0]]]
4327_1319x604_bing_online.png	[[[1200.0, 571.0], [1307.0, 575.0], [1306.0, 599.0], [1199.0, 596.0]], [[153.0, 543.0], [282.0, 546.0], [281.0, 585.0], [152.0, 582.0]], [[67.0, 425.0], [1260.0, 416.0], [1260.0, 495.0], [68.0, 503.0]], [[101.0, 321.0], [884.0, 328.0], [883.0, 401.0], [100.0, 393.0]], [[81.0, 229.0], [1236.0, 224.0], [1237.0, 302.0], [81.0, 308.0]], [[137.0, 142.0], [719.0, 142.0], [719.0, 229.0], [137.0, 229.0]], [[673.0, 121.0], [714.0, 126.0], [712.0, 142.0], [671.0, 137.0]], [[67.0, 92.0], [1264.0, 89.0], [1264.0, 125.0], [67.0, 128.0]], [[12.0, 54.0], [826.0, 54.0], [826.0, 85.0], [12.0, 85.0]], [[162.0, 8.0], [1105.0, 8.0], [1105.0, 39.0], [162.0, 39.0]], [[71.0, 8.0], [179.0, 8.0], [179.0, 42.0], [71.0, 42.0]]]
4355_728x960_bing_online.jpg	[[[559.0, 913.0], [714.0, 913.0], [714.0, 941.0], [559.0, 941.0]], [[90.0, 868.0], [252.0, 868.0], [252.0, 896.0], [90.0, 896.0]], [[39.0, 832.0], [682.0, 830.0], [683.0, 858.0], [39.0, 860.0]], [[40.0, 796.0], [238.0, 800.0], [237.0, 828.0], [39.0, 824.0]], [[41.0, 760.0], [708.0, 760.0], [708.0, 790.0], [41.0, 790.0]], [[91.0, 726.0], [706.0, 723.0], [706.0, 754.0], [91.0, 757.0]], [[38.0, 690.0], [84.0, 690.0], [84.0, 723.0], [38.0, 723.0]], [[40.0, 657.0], [706.0, 657.0], [706.0, 684.0], [40.0, 684.0]], [[92.0, 620.0], [686.0, 620.0], [686.0, 650.0], [92.0, 650.0]], [[89.0, 587.0], [249.0, 587.0], [249.0, 614.0], [89.0, 614.0]], [[41.0, 551.0], [480.0, 551.0], [480.0, 578.0], [41.0, 578.0]], [[88.0, 513.0], [708.0, 514.0], [708.0, 544.0], [88.0, 543.0]], [[40.0, 482.0], [155.0, 482.0], [155.0, 510.0], [40.0, 510.0]], [[40.0, 444.0], [708.0, 444.0], [708.0, 474.0], [40.0, 474.0]], [[94.0, 411.0], [693.0, 411.0], [693.0, 438.0], [94.0, 438.0]], [[39.0, 374.0], [615.0, 373.0], [615.0, 404.0], [39.0, 405.0]], [[38.0, 339.0], [711.0, 338.0], [711.0, 368.0], [38.0, 369.0]], [[40.0, 304.0], [705.0, 303.0], [705.0, 333.0], [40.0, 334.0]], [[91.0, 266.0], [695.0, 268.0], [695.0, 299.0], [91.0, 297.0]], [[38.0, 233.0], [82.0, 233.0], [82.0, 265.0], [38.0, 265.0]], [[38.0, 200.0], [711.0, 201.0], [711.0, 228.0], [38.0, 227.0]], [[40.0, 165.0], [681.0, 163.0], [682.0, 190.0], [40.0, 192.0]], [[39.0, 131.0], [692.0, 131.0], [692.0, 155.0], [39.0, 155.0]], [[40.0, 95.0], [698.0, 95.0], [698.0, 122.0], [40.0, 122.0]], [[88.0, 55.0], [708.0, 57.0], [708.0, 88.0], [88.0, 86.0]], [[46.0, 24.0], [306.0, 24.0], [306.0, 51.0], [46.0, 51.0]]]
4365_1490x1288_bing_online.png	[[[310.0, 1135.0], [337.0, 1135.0], [337.0, 1163.0], [310.0, 1163.0]], [[894.0, 1118.0], [922.0, 1118.0], [922.0, 1149.0], [894.0, 1149.0]], [[225.0, 1090.0], [892.0, 1090.0], [892.0, 1142.0], [225.0, 1142.0]], [[926.0, 1083.0], [1233.0, 1089.0], [1232.0, 1147.0], [925.0, 1142.0]], [[894.0, 1079.0], [933.0, 1088.0], [927.0, 1114.0], [888.0, 1106.0]], [[573.0, 1022.0], [599.0, 1022.0], [599.0, 1050.0], [573.0, 1050.0]], [[411.0, 980.0], [1038.0, 980.0], [1038.0, 1028.0], [411.0, 1028.0]], [[0.0, 875.0], [1041.0, 875.0], [1041.0, 926.0], [0.0, 926.0]], [[0.0, 726.0], [300.0, 729.0], [299.0, 773.0], [0.0, 769.0]], [[8.0, 599.0], [1194.0, 602.0], [1193.0, 644.0], [8.0, 641.0]], [[255.0, 536.0], [300.0, 536.0], [300.0, 576.0], [255.0, 576.0]], [[404.0, 534.0], [447.0, 534.0], [447.0, 576.0], [404.0, 576.0]], [[116.0, 515.0], [178.0, 542.0], [159.0, 588.0], [96.0, 562.0]], [[292.0, 505.0], [380.0, 505.0], [380.0, 557.0], [292.0, 557.0]], [[379.0, 511.0], [400.0, 511.0], [400.0, 533.0], [379.0, 533.0]], [[432.0, 499.0], [765.0, 484.0], [768.0, 547.0], [435.0, 563.0]], [[401.0, 496.0], [440.0, 493.0], [445.0, 544.0], [406.0, 548.0]], [[252.0, 497.0], [291.0, 492.0], [296.0, 539.0], [257.0, 543.0]], [[410.0, 480.0], [441.0, 480.0], [441.0, 505.0], [410.0, 505.0]], [[46.0, 467.0], [229.0, 473.0], [227.0, 527.0], [44.0, 521.0]], [[262.0, 478.0], [293.0, 478.0], [293.0, 505.0], [262.0, 505.0]], [[6.0, 382.0], [1001.0, 381.0], [1001.0, 429.0], [6.0, 430.0]], [[5.0, 316.0], [147.0, 316.0], [147.0, 353.0], [5.0, 353.0]], [[8.0, 249.0], [1288.0, 249.0], [1288.0, 276.0], [8.0, 276.0]], [[3.0, 163.0], [896.0, 161.0], [896.0, 203.0], [3.0, 204.0]], [[9.0, 80.0], [526.0, 80.0], [526.0, 122.0], [9.0, 122.0]], [[0.0, 6.0], [142.0, 3.0], [143.0, 42.0], [1.0, 45.0]]]
4478_1536x1960_bing_online.jpg	[[[104.0, 1858.0], [844.0, 1858.0], [844.0, 1921.0], [104.0, 1921.0]], [[109.0, 1741.0], [996.0, 1758.0], [995.0, 1822.0], [108.0, 1804.0]], [[98.0, 1678.0], [1370.0, 1689.0], [1370.0, 1758.0], [98.0, 1747.0]], [[232.0, 1568.0], [962.0, 1572.0], [962.0, 1629.0], [232.0, 1625.0]], [[228.0, 1507.0], [1366.0, 1507.0], [1366.0, 1568.0], [228.0, 1568.0]], [[228.0, 1450.0], [608.0, 1450.0], [608.0, 1505.0], [228.0, 1505.0]], [[224.0, 1393.0], [1224.0, 1384.0], [1224.0, 1439.0], [224.0, 1448.0]], [[73.0, 1336.0], [995.0, 1310.0], [997.0, 1374.0], [75.0, 1399.0]], [[68.0, 1260.0], [976.0, 1253.0], [976.0, 1317.0], [68.0, 1323.0]], [[56.0, 1141.0], [810.0, 1145.0], [810.0, 1215.0], [56.0, 1211.0]], [[58.0, 1027.0], [682.0, 1027.0], [682.0, 1090.0], [58.0, 1090.0]], [[72.0, 911.0], [700.0, 911.0], [700.0, 972.0], [72.0, 972.0]], [[70.0, 845.0], [762.0, 841.0], [762.0, 904.0], [70.0, 909.0]], [[71.0, 722.0], [514.0, 731.0], [513.0, 793.0], [70.0, 784.0]], [[86.0, 615.0], [1316.0, 612.0], [1316.0, 676.0], [86.0, 678.0]], [[84.0, 549.0], [1072.0, 545.0], [1072.0, 608.0], [84.0, 613.0]], [[58.0, 431.0], [1068.0, 429.0], [1068.0, 498.0], [58.0, 500.0]], [[66.0, 365.0], [1474.0, 372.0], [1474.0, 435.0], [66.0, 429.0]], [[74.0, 249.0], [1082.0, 251.0], [1082.0, 308.0], [74.0, 306.0]], [[60.0, 137.0], [594.0, 137.0], [594.0, 198.0], [60.0, 198.0]], [[58.0, 69.0], [1310.0, 69.0], [1310.0, 137.0], [58.0, 137.0]]]
4492_3125x2336_bing_online.jpg	[[[3001.0, 2303.0], [3099.0, 2303.0], [3099.0, 2326.0], [3001.0, 2326.0]], [[2257.0, 2103.0], [3100.0, 2118.0], [3097.0, 2254.0], [2255.0, 2239.0]], [[2296.0, 1888.0], [3086.0, 1895.0], [3085.0, 2031.0], [2295.0, 2024.0]], [[530.0, 1892.0], [2171.0, 1885.0], [2171.0, 2021.0], [531.0, 2028.0]], [[140.0, 1662.0], [1979.0, 1662.0], [1979.0, 1808.0], [140.0, 1808.0]], [[469.0, 1473.0], [1676.0, 1466.0], [1677.0, 1593.0], [469.0, 1600.0]], [[473.0, 1280.0], [1592.0, 1291.0], [1591.0, 1417.0], [472.0, 1407.0]], [[138.0, 1051.0], [2009.0, 1079.0], [2007.0, 1205.0], [136.0, 1177.0]], [[441.0, 878.0], [1925.0, 910.0], [1922.0, 1043.0], [439.0, 1011.0]], [[92.0, 696.0], [1885.0, 717.0], [1884.0, 863.0], [91.0, 842.0]], [[105.0, 537.0], [1585.0, 544.0], [1585.0, 660.0], [104.0, 654.0]], [[97.0, 327.0], [1600.0, 373.0], [1595.0, 519.0], [93.0, 473.0]], [[167.0, 171.0], [838.0, 131.0], [845.0, 247.0], [174.0, 287.0]], [[163.0, 30.0], [1117.0, 30.0], [1117.0, 143.0], [163.0, 143.0]]]
4576_1211x1536_bing_online.jpg	[[[596.0, 1325.0], [710.0, 1325.0], [710.0, 1366.0], [596.0, 1366.0]], [[825.0, 1326.0], [883.0, 1326.0], [883.0, 1357.0], [825.0, 1357.0]], [[760.0, 1238.0], [822.0, 1238.0], [822.0, 1256.0], [760.0, 1256.0]], [[670.0, 1229.0], [714.0, 1229.0], [714.0, 1246.0], [670.0, 1246.0]], [[670.0, 1200.0], [719.0, 1200.0], [719.0, 1230.0], [670.0, 1230.0]], [[766.0, 1198.0], [820.0, 1198.0], [820.0, 1230.0], [766.0, 1230.0]], [[454.0, 1198.0], [501.0, 1198.0], [501.0, 1221.0], [454.0, 1221.0]], [[501.0, 1158.0], [544.0, 1158.0], [544.0, 1182.0], [501.0, 1182.0]], [[620.0, 1141.0], [740.0, 1141.0], [740.0, 1187.0], [620.0, 1187.0]], [[825.0, 1117.0], [883.0, 1117.0], [883.0, 1146.0], [825.0, 1146.0]], [[550.0, 1104.0], [606.0, 1104.0], [606.0, 1133.0], [550.0, 1133.0]], [[891.0, 1037.0], [1038.0, 1037.0], [1038.0, 1082.0], [891.0, 1082.0]], [[123.0, 1011.0], [553.0, 1011.0], [553.0, 1054.0], [123.0, 1054.0]], [[774.0, 991.0], [920.0, 987.0], [921.0, 1032.0], [775.0, 1036.0]], [[125.0, 965.0], [493.0, 963.0], [494.0, 995.0], [125.0, 997.0]], [[401.0, 915.0], [743.0, 915.0], [743.0, 942.0], [401.0, 942.0]], [[114.0, 912.0], [393.0, 912.0], [393.0, 944.0], [114.0, 944.0]], [[115.0, 862.0], [378.0, 862.0], [378.0, 894.0], [115.0, 894.0]], [[607.0, 826.0], [823.0, 826.0], [823.0, 858.0], [607.0, 858.0]], [[399.0, 826.0], [599.0, 826.0], [599.0, 853.0], [399.0, 853.0]], [[831.0, 822.0], [1030.0, 822.0], [1030.0, 856.0], [831.0, 856.0]], [[110.0, 824.0], [382.0, 824.0], [382.0, 856.0], [110.0, 856.0]], [[1044.0, 824.0], [1082.0, 824.0], [1082.0, 858.0], [1044.0, 858.0]], [[109.0, 766.0], [148.0, 766.0], [148.0, 813.0], [109.0, 813.0]], [[763.0, 739.0], [1082.0, 739.0], [1082.0, 766.0], [763.0, 766.0]], [[110.0, 738.0], [774.0, 738.0], [774.0, 770.0], [110.0, 770.0]], [[145.0, 688.0], [653.0, 688.0], [653.0, 715.0], [145.0, 715.0]], [[126.0, 638.0], [419.0, 638.0], [419.0, 661.0], [126.0, 661.0]], [[142.0, 530.0], [602.0, 530.0], [602.0, 562.0], [142.0, 562.0]], [[180.0, 496.0], [498.0, 494.0], [498.0, 522.0], [180.0, 523.0]], [[143.0, 459.0], [1047.0, 459.0], [1047.0, 486.0], [143.0, 486.0]], [[143.0, 422.0], [886.0, 422.0], [886.0, 450.0], [143.0, 450.0]], [[142.0, 386.0], [695.0, 382.0], [695.0, 410.0], [142.0, 413.0]], [[125.0, 336.0], [419.0, 336.0], [419.0, 358.0], [125.0, 358.0]], [[309.0, 282.0], [446.0, 282.0], [446.0, 310.0], [309.0, 310.0]], [[311.0, 245.0], [446.0, 245.0], [446.0, 274.0], [311.0, 274.0]], [[147.0, 211.0], [547.0, 211.0], [547.0, 234.0], [147.0, 234.0]], [[143.0, 174.0], [520.0, 174.0], [520.0, 197.0], [143.0, 197.0]], [[123.0, 120.0], [416.0, 120.0], [416.0, 147.0], [123.0, 147.0]], [[115.0, 67.0], [325.0, 67.0], [325.0, 94.0], [115.0, 94.0]]]
4641_1269x1776_bing_online.jpg	[[[325.0, 1720.0], [455.0, 1720.0], [455.0, 1774.0], [325.0, 1774.0]], [[1033.0, 1702.0], [1243.0, 1702.0], [1243.0, 1746.0], [1033.0, 1746.0]], [[23.0, 1685.0], [304.0, 1685.0], [304.0, 1745.0], [23.0, 1745.0]], [[506.0, 1674.0], [822.0, 1682.0], [820.0, 1754.0], [504.0, 1746.0]], [[306.0, 1669.0], [463.0, 1669.0], [463.0, 1722.0], [306.0, 1722.0]], [[238.0, 1627.0], [310.0, 1632.0], [308.0, 1669.0], [235.0, 1664.0]], [[16.0, 1600.0], [229.0, 1606.0], [227.0, 1660.0], [15.0, 1653.0]], [[215.0, 1593.0], [334.0, 1593.0], [334.0, 1634.0], [215.0, 1634.0]], [[590.0, 1508.0], [842.0, 1528.0], [837.0, 1585.0], [586.0, 1566.0]], [[445.0, 1516.0], [513.0, 1524.0], [509.0, 1561.0], [440.0, 1553.0]], [[977.0, 1516.0], [1121.0, 1505.0], [1125.0, 1551.0], [981.0, 1562.0]], [[353.0, 1502.0], [408.0, 1502.0], [408.0, 1537.0], [353.0, 1537.0]], [[742.0, 1493.0], [782.0, 1493.0], [782.0, 1528.0], [742.0, 1528.0]], [[970.0, 1472.0], [1235.0, 1479.0], [1234.0, 1538.0], [968.0, 1531.0]], [[516.0, 1467.0], [548.0, 1467.0], [548.0, 1491.0], [516.0, 1491.0]], [[918.0, 1463.0], [954.0, 1463.0], [954.0, 1495.0], [918.0, 1495.0]], [[346.0, 1434.0], [355.0, 1434.0], [355.0, 1443.0], [346.0, 1443.0]], [[784.0, 1417.0], [908.0, 1417.0], [908.0, 1471.0], [784.0, 1471.0]], [[933.0, 1419.0], [950.0, 1419.0], [950.0, 1437.0], [933.0, 1437.0]], [[606.0, 1394.0], [735.0, 1389.0], [737.0, 1435.0], [607.0, 1440.0]], [[736.0, 1365.0], [914.0, 1365.0], [914.0, 1419.0], [736.0, 1419.0]], [[2.0, 1358.0], [415.0, 1354.0], [416.0, 1411.0], [2.0, 1415.0]], [[428.0, 1309.0], [481.0, 1324.0], [469.0, 1363.0], [416.0, 1347.0]], [[480.0, 1313.0], [529.0, 1313.0], [529.0, 1352.0], [480.0, 1352.0]], [[752.0, 1284.0], [882.0, 1284.0], [882.0, 1338.0], [752.0, 1338.0]], [[438.0, 1288.0], [534.0, 1288.0], [534.0, 1321.0], [438.0, 1321.0]], [[67.0, 1248.0], [350.0, 1255.0], [348.0, 1319.0], [66.0, 1313.0]], [[706.0, 1244.0], [757.0, 1250.0], [752.0, 1289.0], [701.0, 1283.0]], [[285.0, 1245.0], [334.0, 1245.0], [334.0, 1284.0], [285.0, 1284.0]], [[402.0, 1236.0], [567.0, 1236.0], [567.0, 1295.0], [402.0, 1295.0]], [[751.0, 1233.0], [858.0, 1228.0], [860.0, 1276.0], [753.0, 1281.0]], [[723.0, 1204.0], [761.0, 1204.0], [761.0, 1236.0], [723.0, 1236.0]], [[2.0, 1179.0], [481.0, 1175.0], [482.0, 1232.0], [2.0, 1236.0]], [[147.0, 1114.0], [315.0, 1107.0], [318.0, 1167.0], [149.0, 1174.0]], [[345.0, 1088.0], [703.0, 1082.0], [705.0, 1152.0], [346.0, 1158.0]], [[59.0, 1084.0], [157.0, 1084.0], [157.0, 1140.0], [59.0, 1140.0]], [[163.0, 1063.0], [268.0, 1057.0], [271.0, 1113.0], [166.0, 1118.0]], [[358.0, 1020.0], [474.0, 1013.0], [477.0, 1059.0], [361.0, 1066.0]], [[33.0, 989.0], [351.0, 970.0], [354.0, 1020.0], [36.0, 1039.0]], [[359.0, 968.0], [472.0, 968.0], [472.0, 1008.0], [359.0, 1008.0]], [[374.0, 945.0], [395.0, 945.0], [395.0, 964.0], [374.0, 964.0]], [[0.0, 920.0], [235.0, 913.0], [237.0, 974.0], [0.0, 981.0]], [[11.0, 823.0], [1183.0, 853.0], [1181.0, 914.0], [9.0, 884.0]], [[1.0, 762.0], [1260.0, 787.0], [1259.0, 848.0], [0.0, 823.0]], [[43.0, 621.0], [493.0, 631.0], [491.0, 717.0], [41.0, 706.0]], [[1032.0, 609.0], [1259.0, 602.0], [1262.0, 689.0], [1035.0, 696.0]], [[939.0, 614.0], [1041.0, 614.0], [1041.0, 664.0], [939.0, 664.0]], [[589.0, 598.0], [687.0, 598.0], [687.0, 666.0], [589.0, 666.0]], [[705.0, 582.0], [832.0, 575.0], [836.0, 630.0], [709.0, 637.0]], [[58.0, 542.0], [499.0, 552.0], [498.0, 615.0], [56.0, 605.0]], [[863.0, 527.0], [895.0, 527.0], [895.0, 549.0], [863.0, 549.0]], [[891.0, 512.0], [1008.0, 512.0], [1008.0, 570.0], [891.0, 570.0]], [[1045.0, 485.0], [1230.0, 497.0], [1227.0, 556.0], [1041.0, 545.0]], [[780.0, 490.0], [840.0, 490.0], [840.0, 538.0], [780.0, 538.0]], [[587.0, 474.0], [793.0, 474.0], [793.0, 561.0], [587.0, 561.0]], [[852.0, 479.0], [899.0, 479.0], [899.0, 520.0], [852.0, 520.0]], [[896.0, 472.0], [995.0, 467.0], [998.0, 517.0], [899.0, 522.0]], [[56.0, 449.0], [354.0, 457.0], [352.0, 511.0], [54.0, 503.0]], [[596.0, 385.0], [861.0, 405.0], [855.0, 477.0], [591.0, 457.0]], [[868.0, 381.0], [1219.0, 389.0], [1217.0, 461.0], [866.0, 453.0]], [[0.0, 381.0], [445.0, 375.0], [446.0, 438.0], [1.0, 444.0]], [[757.0, 374.0], [848.0, 374.0], [848.0, 422.0], [757.0, 422.0]], [[325.0, 276.0], [427.0, 276.0], [427.0, 366.0], [325.0, 366.0]], [[472.0, 287.0], [489.0, 287.0], [489.0, 303.0], [472.0, 303.0]], [[31.0, 244.0], [253.0, 269.0], [246.0, 335.0], [23.0, 310.0]], [[338.0, 233.0], [400.0, 233.0], [400.0, 281.0], [338.0, 281.0]], [[179.0, 231.0], [242.0, 231.0], [242.0, 278.0], [179.0, 278.0]], [[395.0, 198.0], [449.0, 198.0], [449.0, 228.0], [395.0, 228.0]], [[38.0, 163.0], [408.0, 163.0], [408.0, 220.0], [38.0, 220.0]], [[391.0, 162.0], [447.0, 156.0], [451.0, 193.0], [395.0, 199.0]], [[421.0, 120.0], [455.0, 120.0], [455.0, 159.0], [421.0, 159.0]], [[592.0, 84.0], [882.0, 73.0], [885.0, 136.0], [595.0, 147.0]], [[18.0, 84.0], [512.0, 62.0], [514.0, 118.0], [21.0, 140.0]], [[1018.0, 68.0], [1073.0, 68.0], [1073.0, 105.0], [1018.0, 105.0]], [[897.0, 65.0], [952.0, 65.0], [952.0, 104.0], [897.0, 104.0]], [[16.0, 12.0], [424.0, 0.0], [425.0, 51.0], [18.0, 63.0]]]
4649_1824x2560_bing_online.jpg	[[[273.0, 2444.0], [692.0, 2420.0], [696.0, 2495.0], [277.0, 2519.0]], [[244.0, 2375.0], [698.0, 2331.0], [706.0, 2409.0], [252.0, 2453.0]], [[224.0, 2300.0], [501.0, 2279.0], [507.0, 2357.0], [230.0, 2378.0]], [[1151.0, 2272.0], [1219.0, 2272.0], [1219.0, 2333.0], [1151.0, 2333.0]], [[167.0, 2217.0], [688.0, 2188.0], [694.0, 2279.0], [172.0, 2308.0]], [[1147.0, 2147.0], [1423.0, 2190.0], [1400.0, 2331.0], [1124.0, 2288.0]], [[1732.0, 2155.0], [1808.0, 2155.0], [1808.0, 2232.0], [1732.0, 2232.0]], [[1267.0, 2134.0], [1346.0, 2114.0], [1360.0, 2170.0], [1282.0, 2190.0]], [[72.0, 2087.0], [240.0, 2097.0], [235.0, 2180.0], [66.0, 2169.0]], [[1374.0, 2093.0], [1497.0, 2084.0], [1503.0, 2156.0], [1380.0, 2165.0]], [[1069.0, 2069.0], [1254.0, 2069.0], [1254.0, 2157.0], [1069.0, 2157.0]], [[1311.0, 2072.0], [1338.0, 2072.0], [1338.0, 2093.0], [1311.0, 2093.0]], [[346.0, 2044.0], [711.0, 2034.0], [715.0, 2167.0], [350.0, 2177.0]], [[256.0, 1975.0], [857.0, 1934.0], [862.0, 2009.0], [261.0, 2050.0]], [[1064.0, 1919.0], [1470.0, 1934.0], [1466.0, 2028.0], [1060.0, 2012.0]], [[275.0, 1844.0], [871.0, 1809.0], [876.0, 1889.0], [280.0, 1924.0]], [[1045.0, 1762.0], [1570.0, 1782.0], [1566.0, 1873.0], [1041.0, 1852.0]], [[285.0, 1734.0], [466.0, 1712.0], [478.0, 1805.0], [296.0, 1827.0]], [[1009.0, 1655.0], [1515.0, 1670.0], [1513.0, 1745.0], [1006.0, 1730.0]], [[280.0, 1675.0], [449.0, 1654.0], [459.0, 1731.0], [290.0, 1752.0]], [[274.0, 1624.0], [341.0, 1608.0], [357.0, 1668.0], [289.0, 1685.0]], [[115.0, 1546.0], [525.0, 1515.0], [531.0, 1598.0], [121.0, 1629.0]], [[1127.0, 1528.0], [1390.0, 1499.0], [1399.0, 1574.0], [1135.0, 1603.0]], [[1615.0, 1480.0], [1696.0, 1480.0], [1696.0, 1549.0], [1615.0, 1549.0]], [[1147.0, 1455.0], [1280.0, 1445.0], [1285.0, 1520.0], [1152.0, 1529.0]], [[129.0, 1433.0], [503.0, 1418.0], [506.0, 1485.0], [132.0, 1499.0]], [[1109.0, 1380.0], [1337.0, 1360.0], [1343.0, 1419.0], [1114.0, 1439.0]], [[84.0, 1296.0], [555.0, 1290.0], [557.0, 1402.0], [85.0, 1408.0]], [[1029.0, 1317.0], [1133.0, 1301.0], [1143.0, 1363.0], [1039.0, 1379.0]], [[1281.0, 1280.0], [1330.0, 1280.0], [1330.0, 1333.0], [1281.0, 1333.0]], [[1477.0, 1261.0], [1512.0, 1261.0], [1512.0, 1309.0], [1477.0, 1309.0]], [[1003.0, 1231.0], [1685.0, 1182.0], [1690.0, 1255.0], [1008.0, 1303.0]], [[120.0, 1228.0], [745.0, 1182.0], [751.0, 1254.0], [126.0, 1300.0]], [[203.0, 1129.0], [785.0, 1103.0], [788.0, 1178.0], [206.0, 1204.0]], [[964.0, 1133.0], [1309.0, 1084.0], [1324.0, 1188.0], [979.0, 1237.0]], [[0.0, 1112.0], [35.0, 1112.0], [35.0, 1157.0], [0.0, 1157.0]], [[954.0, 1078.0], [1086.0, 1071.0], [1089.0, 1133.0], [958.0, 1140.0]], [[83.0, 1033.0], [598.0, 1015.0], [601.0, 1090.0], [86.0, 1107.0]], [[949.0, 975.0], [1194.0, 964.0], [1198.0, 1071.0], [953.0, 1081.0]], [[56.0, 913.0], [289.0, 906.0], [291.0, 994.0], [59.0, 1001.0]], [[892.0, 910.0], [1380.0, 893.0], [1382.0, 957.0], [895.0, 974.0]], [[365.0, 820.0], [544.0, 831.0], [539.0, 913.0], [360.0, 903.0]], [[1078.0, 797.0], [1154.0, 797.0], [1154.0, 853.0], [1078.0, 853.0]], [[1216.0, 782.0], [1287.0, 765.0], [1301.0, 818.0], [1229.0, 835.0]], [[165.0, 745.0], [546.0, 730.0], [549.0, 815.0], [168.0, 830.0]], [[871.0, 757.0], [1233.0, 726.0], [1240.0, 808.0], [879.0, 839.0]], [[1228.0, 698.0], [1378.0, 724.0], [1362.0, 807.0], [1213.0, 781.0]], [[860.0, 689.0], [1084.0, 682.0], [1086.0, 749.0], [862.0, 755.0]], [[241.0, 678.0], [423.0, 674.0], [424.0, 741.0], [242.0, 744.0]], [[89.0, 619.0], [620.0, 607.0], [622.0, 680.0], [91.0, 691.0]], [[897.0, 604.0], [1262.0, 586.0], [1266.0, 660.0], [901.0, 678.0]], [[80.0, 537.0], [667.0, 497.0], [672.0, 569.0], [85.0, 610.0]], [[71.0, 475.0], [187.0, 475.0], [187.0, 539.0], [71.0, 539.0]], [[829.0, 473.0], [1384.0, 439.0], [1388.0, 511.0], [834.0, 545.0]], [[171.0, 367.0], [373.0, 377.0], [369.0, 454.0], [167.0, 444.0]], [[823.0, 386.0], [1260.0, 353.0], [1267.0, 438.0], [830.0, 471.0]], [[271.0, 320.0], [396.0, 320.0], [396.0, 381.0], [271.0, 381.0]], [[762.0, 294.0], [1235.0, 271.0], [1239.0, 335.0], [765.0, 358.0]], [[167.0, 260.0], [405.0, 250.0], [408.0, 324.0], [171.0, 334.0]], [[832.0, 180.0], [1235.0, 153.0], [1239.0, 217.0], [836.0, 244.0]], [[99.0, 147.0], [355.0, 171.0], [346.0, 269.0], [90.0, 245.0]], [[437.0, 120.0], [548.0, 120.0], [548.0, 181.0], [437.0, 181.0]], [[188.0, 85.0], [359.0, 51.0], [377.0, 139.0], [206.0, 173.0]], [[456.0, 69.0], [554.0, 69.0], [554.0, 133.0], [456.0, 133.0]], [[806.0, 72.0], [1459.0, 58.0], [1461.0, 128.0], [807.0, 142.0]], [[52.0, 64.0], [176.0, 64.0], [176.0, 136.0], [52.0, 136.0]]]
4816_1401x1374_bing_online.jpg	[[[55.0, 1263.0], [371.0, 1263.0], [371.0, 1319.0], [55.0, 1319.0]], [[585.0, 1253.0], [826.0, 1246.0], [828.0, 1319.0], [587.0, 1326.0]], [[1037.0, 1217.0], [1315.0, 1228.0], [1311.0, 1323.0], [1034.0, 1312.0]], [[90.0, 1213.0], [326.0, 1209.0], [327.0, 1266.0], [91.0, 1269.0]], [[1281.0, 1187.0], [1359.0, 1191.0], [1356.0, 1252.0], [1278.0, 1248.0]], [[677.0, 1167.0], [750.0, 1167.0], [750.0, 1213.0], [677.0, 1213.0]], [[458.0, 1159.0], [671.0, 1159.0], [671.0, 1216.0], [458.0, 1216.0]], [[41.0, 1148.0], [485.0, 1141.0], [486.0, 1212.0], [42.0, 1219.0]], [[960.0, 1121.0], [1353.0, 1111.0], [1355.0, 1194.0], [962.0, 1204.0]], [[671.0, 1089.0], [913.0, 1096.0], [911.0, 1166.0], [669.0, 1159.0]], [[471.0, 1077.0], [666.0, 1081.0], [664.0, 1155.0], [470.0, 1152.0]], [[83.0, 1075.0], [343.0, 1075.0], [343.0, 1143.0], [83.0, 1143.0]], [[1033.0, 1025.0], [1236.0, 1011.0], [1242.0, 1106.0], [1039.0, 1120.0]], [[422.0, 1016.0], [539.0, 1016.0], [539.0, 1091.0], [422.0, 1091.0]], [[645.0, 993.0], [895.0, 1002.0], [893.0, 1070.0], [643.0, 1061.0]], [[1038.0, 941.0], [1255.0, 928.0], [1261.0, 1022.0], [1043.0, 1035.0]], [[637.0, 933.0], [878.0, 928.0], [879.0, 995.0], [639.0, 1000.0]], [[32.0, 879.0], [629.0, 863.0], [631.0, 928.0], [33.0, 944.0]], [[648.0, 828.0], [1227.0, 820.0], [1228.0, 891.0], [649.0, 899.0]], [[550.0, 807.0], [611.0, 791.0], [625.0, 844.0], [564.0, 860.0]], [[29.0, 773.0], [325.0, 770.0], [326.0, 847.0], [30.0, 850.0]], [[634.0, 772.0], [1111.0, 747.0], [1115.0, 814.0], [637.0, 839.0]], [[117.0, 674.0], [254.0, 674.0], [254.0, 734.0], [117.0, 734.0]], [[795.0, 640.0], [950.0, 640.0], [950.0, 725.0], [795.0, 725.0]], [[381.0, 623.0], [811.0, 611.0], [814.0, 719.0], [384.0, 731.0]], [[43.0, 622.0], [260.0, 615.0], [262.0, 679.0], [45.0, 686.0]], [[1019.0, 580.0], [1353.0, 590.0], [1351.0, 662.0], [1017.0, 652.0]], [[937.0, 454.0], [1372.0, 463.0], [1370.0, 575.0], [935.0, 566.0]], [[690.0, 459.0], [979.0, 456.0], [980.0, 534.0], [691.0, 538.0]], [[67.0, 447.0], [345.0, 430.0], [349.0, 492.0], [71.0, 509.0]], [[693.0, 367.0], [1138.0, 367.0], [1138.0, 449.0], [693.0, 449.0]], [[1163.0, 355.0], [1309.0, 347.0], [1313.0, 418.0], [1167.0, 426.0]], [[68.0, 344.0], [520.0, 333.0], [522.0, 402.0], [70.0, 414.0]], [[902.0, 324.0], [1029.0, 324.0], [1029.0, 400.0], [902.0, 400.0]], [[806.0, 53.0], [1019.0, 53.0], [1019.0, 117.0], [806.0, 117.0]], [[110.0, 43.0], [559.0, 51.0], [558.0, 117.0], [109.0, 109.0]], [[1074.0, 4.0], [1307.0, 9.0], [1305.0, 76.0], [1072.0, 71.0]]]
4817_1640x1520_bing_online.png	[[[1483.0, 1488.0], [1628.0, 1488.0], [1628.0, 1512.0], [1483.0, 1512.0]], [[815.0, 1391.0], [1398.0, 1384.0], [1399.0, 1455.0], [816.0, 1463.0]], [[745.0, 1347.0], [888.0, 1347.0], [888.0, 1396.0], [745.0, 1396.0]], [[753.0, 1293.0], [1189.0, 1293.0], [1189.0, 1367.0], [753.0, 1367.0]], [[753.0, 1225.0], [892.0, 1225.0], [892.0, 1274.0], [753.0, 1274.0]], [[782.0, 1171.0], [1307.0, 1171.0], [1307.0, 1235.0], [782.0, 1235.0]], [[746.0, 1103.0], [887.0, 1099.0], [889.0, 1155.0], [748.0, 1159.0]], [[758.0, 1046.0], [1314.0, 1057.0], [1313.0, 1132.0], [756.0, 1121.0]], [[486.0, 1029.0], [613.0, 1036.0], [609.0, 1111.0], [482.0, 1103.0]], [[595.0, 1011.0], [646.0, 1011.0], [646.0, 1055.0], [595.0, 1055.0]], [[777.0, 970.0], [1194.0, 970.0], [1194.0, 1033.0], [777.0, 1033.0]], [[211.0, 971.0], [372.0, 944.0], [387.0, 1034.0], [226.0, 1061.0]], [[779.0, 896.0], [1230.0, 896.0], [1230.0, 958.0], [779.0, 958.0]], [[763.0, 809.0], [1244.0, 818.0], [1243.0, 889.0], [761.0, 880.0]], [[86.0, 689.0], [454.0, 678.0], [457.0, 754.0], [89.0, 766.0]], [[619.0, 564.0], [941.0, 549.0], [944.0, 618.0], [623.0, 634.0]], [[630.0, 480.0], [1252.0, 473.0], [1252.0, 543.0], [631.0, 550.0]], [[613.0, 414.0], [755.0, 414.0], [755.0, 470.0], [613.0, 470.0]], [[839.0, 411.0], [965.0, 411.0], [965.0, 467.0], [839.0, 467.0]], [[627.0, 351.0], [1411.0, 344.0], [1411.0, 431.0], [628.0, 438.0]], [[614.0, 277.0], [754.0, 286.0], [751.0, 340.0], [611.0, 332.0]], [[811.0, 276.0], [966.0, 280.0], [964.0, 335.0], [809.0, 330.0]], [[141.0, 255.0], [358.0, 201.0], [394.0, 344.0], [177.0, 398.0]], [[489.0, 232.0], [530.0, 232.0], [530.0, 292.0], [489.0, 292.0]], [[633.0, 226.0], [1545.0, 212.0], [1546.0, 291.0], [635.0, 306.0]], [[623.0, 159.0], [742.0, 163.0], [740.0, 219.0], [621.0, 215.0]], [[644.0, 95.0], [1140.0, 99.0], [1139.0, 173.0], [644.0, 169.0]], [[97.0, 28.0], [381.0, 20.0], [383.0, 98.0], [99.0, 106.0]]]
4869_2479x3508_bing_online.jpg	[[[1946.0, 3368.0], [2421.0, 3381.0], [2418.0, 3469.0], [1943.0, 3456.0]], [[1295.0, 3303.0], [1391.0, 3303.0], [1391.0, 3417.0], [1295.0, 3417.0]], [[179.0, 3124.0], [2196.0, 3165.0], [2193.0, 3290.0], [176.0, 3248.0]], [[103.0, 3004.0], [2087.0, 2985.0], [2088.0, 3095.0], [104.0, 3114.0]], [[375.0, 2798.0], [1008.0, 2815.0], [1005.0, 2928.0], [372.0, 2911.0]], [[293.0, 2667.0], [2358.0, 2701.0], [2356.0, 2814.0], [291.0, 2780.0]], [[381.0, 2506.0], [1867.0, 2525.0], [1866.0, 2624.0], [380.0, 2605.0]], [[299.0, 2390.0], [2398.0, 2405.0], [2397.0, 2503.0], [299.0, 2488.0]], [[771.0, 2233.0], [1442.0, 2233.0], [1442.0, 2331.0], [771.0, 2331.0]], [[114.0, 2101.0], [2047.0, 2079.0], [2048.0, 2192.0], [115.0, 2215.0]], [[1777.0, 1931.0], [1948.0, 1921.0], [1953.0, 2001.0], [1781.0, 2011.0]], [[412.0, 1920.0], [960.0, 1895.0], [964.0, 1994.0], [416.0, 2018.0]], [[443.0, 1820.0], [690.0, 1820.0], [690.0, 1900.0], [443.0, 1900.0]], [[1369.0, 1772.0], [1562.0, 1839.0], [1512.0, 1978.0], [1319.0, 1910.0]], [[1756.0, 1787.0], [2172.0, 1750.0], [2187.0, 1911.0], [1770.0, 1948.0]], [[1778.0, 1732.0], [1929.0, 1732.0], [1929.0, 1820.0], [1778.0, 1820.0]], [[664.0, 1716.0], [783.0, 1726.0], [779.0, 1784.0], [659.0, 1775.0]], [[419.0, 1713.0], [613.0, 1722.0], [610.0, 1791.0], [416.0, 1782.0]], [[1221.0, 1709.0], [1291.0, 1736.0], [1273.0, 1784.0], [1202.0, 1757.0]], [[1334.0, 1681.0], [1461.0, 1721.0], [1432.0, 1809.0], [1306.0, 1769.0]], [[1704.0, 1593.0], [2021.0, 1625.0], [2009.0, 1743.0], [1692.0, 1711.0]], [[524.0, 1630.0], [601.0, 1630.0], [601.0, 1674.0], [524.0, 1674.0]], [[457.0, 1571.0], [491.0, 1571.0], [491.0, 1608.0], [457.0, 1608.0]], [[280.0, 1524.0], [402.0, 1524.0], [402.0, 1579.0], [280.0, 1579.0]], [[1632.0, 1457.0], [2188.0, 1466.0], [2186.0, 1583.0], [1630.0, 1574.0]], [[341.0, 1381.0], [812.0, 1393.0], [810.0, 1481.0], [339.0, 1468.0]], [[1209.0, 1296.0], [1569.0, 1313.0], [1565.0, 1404.0], [1205.0, 1387.0]], [[1036.0, 1265.0], [1209.0, 1281.0], [1199.0, 1384.0], [1027.0, 1368.0]], [[834.0, 1239.0], [1014.0, 1239.0], [1014.0, 1352.0], [834.0, 1352.0]], [[435.0, 1235.0], [612.0, 1235.0], [612.0, 1319.0], [435.0, 1319.0]], [[1006.0, 1153.0], [1273.0, 1142.0], [1278.0, 1277.0], [1011.0, 1288.0]], [[188.0, 1151.0], [771.0, 1151.0], [771.0, 1250.0], [188.0, 1250.0]], [[1319.0, 1108.0], [1655.0, 1135.0], [1647.0, 1238.0], [1311.0, 1211.0]], [[157.0, 975.0], [1982.0, 1017.0], [1979.0, 1130.0], [154.0, 1088.0]], [[1099.0, 881.0], [1192.0, 881.0], [1192.0, 961.0], [1099.0, 961.0]], [[1203.0, 833.0], [1509.0, 833.0], [1509.0, 968.0], [1203.0, 968.0]], [[928.0, 828.0], [1175.0, 763.0], [1208.0, 886.0], [961.0, 951.0]], [[149.0, 664.0], [1565.0, 691.0], [1563.0, 801.0], [147.0, 774.0]], [[939.0, 547.0], [1454.0, 560.0], [1452.0, 662.0], [936.0, 650.0]], [[151.0, 435.0], [1476.0, 435.0], [1476.0, 523.0], [151.0, 523.0]], [[772.0, 279.0], [1068.0, 298.0], [1061.0, 408.0], [765.0, 389.0]], [[981.0, 230.0], [1136.0, 230.0], [1136.0, 300.0], [981.0, 300.0]], [[1501.0, 153.0], [2062.0, 153.0], [2062.0, 252.0], [1501.0, 252.0]], [[799.0, 169.0], [1102.0, 130.0], [1119.0, 262.0], [816.0, 301.0]], [[144.0, 40.0], [1361.0, 40.0], [1361.0, 139.0], [144.0, 139.0]], [[1335.0, 48.0], [2161.0, 32.0], [2162.0, 120.0], [1337.0, 136.0]]]
4883_768x1002_bing_online.jpg	[[[539.0, 956.0], [726.0, 963.0], [724.0, 995.0], [538.0, 988.0]], [[532.0, 932.0], [658.0, 932.0], [658.0, 965.0], [532.0, 965.0]], [[665.0, 920.0], [735.0, 920.0], [735.0, 955.0], [665.0, 955.0]], [[497.0, 889.0], [716.0, 891.0], [716.0, 924.0], [497.0, 922.0]], [[182.0, 874.0], [494.0, 868.0], [495.0, 896.0], [183.0, 902.0]], [[189.0, 847.0], [395.0, 851.0], [394.0, 876.0], [189.0, 872.0]], [[183.0, 822.0], [631.0, 826.0], [631.0, 855.0], [183.0, 852.0]], [[49.0, 812.0], [120.0, 807.0], [123.0, 847.0], [52.0, 851.0]], [[655.0, 782.0], [752.0, 782.0], [752.0, 819.0], [655.0, 819.0]], [[4.0, 782.0], [104.0, 778.0], [105.0, 808.0], [5.0, 811.0]], [[182.0, 771.0], [475.0, 774.0], [475.0, 813.0], [181.0, 811.0]], [[97.0, 764.0], [161.0, 764.0], [161.0, 801.0], [97.0, 801.0]], [[8.0, 760.0], [100.0, 760.0], [100.0, 785.0], [8.0, 785.0]], [[655.0, 756.0], [752.0, 756.0], [752.0, 789.0], [655.0, 789.0]], [[189.0, 751.0], [240.0, 754.0], [238.0, 787.0], [187.0, 784.0]], [[0.0, 727.0], [166.0, 732.0], [165.0, 769.0], [0.0, 764.0]], [[426.0, 716.0], [521.0, 716.0], [521.0, 741.0], [426.0, 741.0]], [[358.0, 713.0], [419.0, 707.0], [423.0, 744.0], [362.0, 750.0]], [[367.0, 689.0], [413.0, 694.0], [410.0, 721.0], [364.0, 716.0]], [[47.0, 689.0], [143.0, 687.0], [144.0, 721.0], [48.0, 724.0]], [[425.0, 680.0], [617.0, 686.0], [616.0, 729.0], [423.0, 723.0]], [[428.0, 668.0], [519.0, 668.0], [519.0, 694.0], [428.0, 694.0]], [[41.0, 658.0], [418.0, 662.0], [417.0, 705.0], [41.0, 701.0]], [[416.0, 623.0], [626.0, 620.0], [626.0, 649.0], [417.0, 652.0]], [[425.0, 579.0], [757.0, 582.0], [756.0, 614.0], [425.0, 611.0]], [[252.0, 577.0], [340.0, 581.0], [338.0, 610.0], [251.0, 606.0]], [[131.0, 562.0], [174.0, 562.0], [174.0, 605.0], [131.0, 605.0]], [[220.0, 549.0], [747.0, 546.0], [747.0, 580.0], [220.0, 584.0]], [[22.0, 509.0], [143.0, 509.0], [143.0, 539.0], [22.0, 539.0]], [[215.0, 501.0], [720.0, 501.0], [720.0, 536.0], [215.0, 536.0]], [[21.0, 486.0], [145.0, 486.0], [145.0, 512.0], [21.0, 512.0]], [[21.0, 461.0], [199.0, 465.0], [199.0, 490.0], [21.0, 486.0]], [[497.0, 453.0], [588.0, 451.0], [589.0, 493.0], [499.0, 496.0]], [[414.0, 451.0], [501.0, 451.0], [501.0, 488.0], [414.0, 488.0]], [[22.0, 435.0], [191.0, 439.0], [191.0, 467.0], [22.0, 463.0]], [[501.0, 431.0], [556.0, 434.0], [554.0, 461.0], [499.0, 458.0]], [[368.0, 436.0], [477.0, 431.0], [478.0, 460.0], [369.0, 465.0]], [[290.0, 412.0], [468.0, 410.0], [469.0, 438.0], [290.0, 441.0]], [[542.0, 404.0], [562.0, 404.0], [562.0, 431.0], [542.0, 431.0]], [[289.0, 387.0], [406.0, 389.0], [405.0, 420.0], [289.0, 417.0]], [[378.0, 373.0], [440.0, 369.0], [442.0, 397.0], [380.0, 401.0]], [[378.0, 355.0], [426.0, 351.0], [429.0, 376.0], [380.0, 381.0]], [[594.0, 347.0], [750.0, 347.0], [750.0, 379.0], [594.0, 379.0]], [[251.0, 346.0], [320.0, 350.0], [318.0, 381.0], [249.0, 377.0]], [[536.0, 331.0], [549.0, 331.0], [549.0, 345.0], [536.0, 345.0]], [[417.0, 331.0], [431.0, 331.0], [431.0, 344.0], [417.0, 344.0]], [[229.0, 324.0], [370.0, 324.0], [370.0, 353.0], [229.0, 353.0]], [[227.0, 264.0], [351.0, 286.0], [343.0, 331.0], [219.0, 309.0]], [[582.0, 259.0], [737.0, 259.0], [737.0, 284.0], [582.0, 284.0]], [[232.0, 249.0], [400.0, 256.0], [399.0, 288.0], [230.0, 281.0]], [[228.0, 226.0], [691.0, 231.0], [691.0, 263.0], [227.0, 259.0]], [[680.0, 204.0], [735.0, 204.0], [735.0, 242.0], [680.0, 242.0]], [[228.0, 182.0], [758.0, 181.0], [758.0, 217.0], [229.0, 218.0]], [[742.0, 182.0], [763.0, 182.0], [763.0, 198.0], [742.0, 198.0]], [[679.0, 160.0], [764.0, 160.0], [764.0, 193.0], [679.0, 193.0]], [[577.0, 135.0], [695.0, 135.0], [695.0, 171.0], [577.0, 171.0]], [[80.0, 115.0], [175.0, 119.0], [173.0, 154.0], [79.0, 150.0]], [[451.0, 118.0], [544.0, 118.0], [544.0, 148.0], [451.0, 148.0]], [[545.0, 94.0], [736.0, 94.0], [736.0, 126.0], [545.0, 126.0]], [[451.0, 90.0], [542.0, 94.0], [541.0, 123.0], [449.0, 120.0]], [[69.0, 89.0], [449.0, 92.0], [449.0, 124.0], [69.0, 121.0]], [[461.0, 67.0], [543.0, 67.0], [543.0, 97.0], [461.0, 97.0]], [[375.0, 65.0], [433.0, 65.0], [433.0, 92.0], [375.0, 92.0]], [[229.0, 39.0], [447.0, 39.0], [447.0, 71.0], [229.0, 71.0]], [[86.0, 29.0], [161.0, 29.0], [161.0, 59.0], [86.0, 59.0]], [[415.0, 24.0], [655.0, 26.0], [655.0, 54.0], [415.0, 52.0]], [[70.0, 3.0], [469.0, 0.0], [470.0, 29.0], [70.0, 32.0]]]
4884_881x756_bing_online.png	[[[715.0, 729.0], [868.0, 725.0], [868.0, 745.0], [715.0, 748.0]], [[141.0, 673.0], [838.0, 685.0], [837.0, 745.0], [140.0, 733.0]], [[145.0, 620.0], [649.0, 627.0], [648.0, 680.0], [144.0, 673.0]], [[148.0, 567.0], [273.0, 570.0], [271.0, 625.0], [146.0, 621.0]], [[12.0, 520.0], [482.0, 507.0], [483.0, 554.0], [14.0, 567.0]], [[17.0, 458.0], [441.0, 449.0], [442.0, 496.0], [18.0, 505.0]], [[91.0, 417.0], [345.0, 405.0], [347.0, 448.0], [93.0, 460.0]], [[5.0, 371.0], [241.0, 374.0], [240.0, 419.0], [5.0, 415.0]], [[5.0, 327.0], [354.0, 325.0], [354.0, 365.0], [5.0, 367.0]], [[7.0, 281.0], [149.0, 279.0], [150.0, 319.0], [7.0, 320.0]], [[12.0, 231.0], [505.0, 235.0], [504.0, 272.0], [12.0, 268.0]], [[91.0, 198.0], [234.0, 198.0], [234.0, 228.0], [91.0, 228.0]], [[53.0, 128.0], [312.0, 143.0], [308.0, 208.0], [49.0, 193.0]], [[54.0, 77.0], [499.0, 72.0], [500.0, 104.0], [54.0, 109.0]], [[57.0, 48.0], [493.0, 48.0], [493.0, 72.0], [57.0, 72.0]], [[53.0, 6.0], [185.0, 8.0], [184.0, 40.0], [53.0, 37.0]]]
4905_600x736_bing_online.jpg	[[[385.0, 699.0], [585.0, 700.0], [585.0, 721.0], [385.0, 720.0]], [[57.0, 680.0], [319.0, 666.0], [320.0, 690.0], [58.0, 704.0]], [[40.0, 648.0], [567.0, 626.0], [568.0, 657.0], [41.0, 679.0]], [[17.0, 603.0], [352.0, 585.0], [354.0, 612.0], [19.0, 630.0]], [[57.0, 571.0], [516.0, 549.0], [518.0, 577.0], [58.0, 599.0]], [[14.0, 545.0], [125.0, 538.0], [127.0, 568.0], [16.0, 575.0]], [[446.0, 481.0], [487.0, 477.0], [489.0, 498.0], [447.0, 501.0]], [[45.0, 492.0], [443.0, 468.0], [445.0, 494.0], [46.0, 518.0]], [[449.0, 464.0], [487.0, 464.0], [487.0, 483.0], [449.0, 483.0]], [[56.0, 461.0], [442.0, 439.0], [444.0, 463.0], [57.0, 485.0]], [[83.0, 374.0], [410.0, 358.0], [411.0, 383.0], [84.0, 399.0]], [[85.0, 345.0], [368.0, 332.0], [369.0, 356.0], [87.0, 369.0]], [[21.0, 315.0], [300.0, 306.0], [301.0, 332.0], [22.0, 341.0]], [[74.0, 285.0], [417.0, 274.0], [418.0, 298.0], [75.0, 309.0]], [[4.0, 256.0], [148.0, 251.0], [149.0, 279.0], [5.0, 284.0]], [[8.0, 195.0], [460.0, 187.0], [460.0, 215.0], [8.0, 223.0]], [[102.0, 164.0], [559.0, 155.0], [560.0, 179.0], [103.0, 188.0]], [[1.0, 136.0], [161.0, 126.0], [162.0, 155.0], [3.0, 165.0]], [[13.0, 70.0], [211.0, 66.0], [211.0, 94.0], [13.0, 98.0]], [[539.0, 39.0], [551.0, 39.0], [551.0, 47.0], [539.0, 47.0]]]
4908_1516x2048_bing_online.jpg	[[[1012.0, 1952.0], [1482.0, 1952.0], [1482.0, 2010.0], [1012.0, 2010.0]], [[157.0, 1903.0], [873.0, 1834.0], [881.0, 1913.0], [165.0, 1982.0]], [[59.0, 1834.0], [1357.0, 1735.0], [1363.0, 1805.0], [64.0, 1905.0]], [[21.0, 1766.0], [431.0, 1726.0], [438.0, 1792.0], [28.0, 1832.0]], [[135.0, 1651.0], [607.0, 1617.0], [613.0, 1701.0], [141.0, 1734.0]], [[414.0, 1625.0], [482.0, 1615.0], [488.0, 1658.0], [420.0, 1668.0]], [[528.0, 1579.0], [556.0, 1579.0], [556.0, 1611.0], [528.0, 1611.0]], [[329.0, 1549.0], [385.0, 1549.0], [385.0, 1598.0], [329.0, 1598.0]], [[759.0, 1517.0], [850.0, 1501.0], [862.0, 1567.0], [771.0, 1583.0]], [[401.0, 1498.0], [463.0, 1498.0], [463.0, 1540.0], [401.0, 1540.0]], [[762.0, 1472.0], [838.0, 1472.0], [838.0, 1525.0], [762.0, 1525.0]], [[23.0, 1489.0], [371.0, 1455.0], [377.0, 1521.0], [30.0, 1555.0]], [[887.0, 1436.0], [1021.0, 1436.0], [1021.0, 1562.0], [887.0, 1562.0]], [[500.0, 1455.0], [534.0, 1455.0], [534.0, 1502.0], [500.0, 1502.0]], [[612.0, 1428.0], [778.0, 1417.0], [783.0, 1488.0], [617.0, 1499.0]], [[454.0, 1406.0], [469.0, 1406.0], [469.0, 1417.0], [454.0, 1417.0]], [[248.0, 1378.0], [293.0, 1378.0], [293.0, 1423.0], [248.0, 1423.0]], [[338.0, 1344.0], [394.0, 1344.0], [394.0, 1408.0], [338.0, 1408.0]], [[57.0, 1328.0], [247.0, 1317.0], [251.0, 1394.0], [61.0, 1405.0]], [[512.0, 1319.0], [756.0, 1307.0], [759.0, 1367.0], [515.0, 1379.0]], [[37.0, 1267.0], [714.0, 1214.0], [719.0, 1279.0], [42.0, 1331.0]], [[151.0, 1188.0], [875.0, 1122.0], [881.0, 1187.0], [157.0, 1252.0]], [[115.0, 1132.0], [308.0, 1121.0], [311.0, 1181.0], [119.0, 1191.0]], [[304.0, 1081.0], [611.0, 1061.0], [615.0, 1127.0], [309.0, 1147.0]], [[44.0, 1023.0], [739.0, 989.0], [742.0, 1047.0], [47.0, 1080.0]], [[81.0, 939.0], [530.0, 923.0], [533.0, 989.0], [84.0, 1006.0]], [[38.0, 871.0], [484.0, 850.0], [488.0, 931.0], [42.0, 953.0]], [[159.0, 753.0], [228.0, 753.0], [228.0, 809.0], [159.0, 809.0]], [[342.0, 745.0], [396.0, 745.0], [396.0, 791.0], [342.0, 791.0]], [[201.0, 756.0], [253.0, 730.0], [280.0, 782.0], [227.0, 808.0]], [[527.0, 715.0], [624.0, 725.0], [617.0, 793.0], [520.0, 783.0]], [[9.0, 659.0], [179.0, 659.0], [179.0, 749.0], [9.0, 749.0]], [[277.0, 654.0], [506.0, 643.0], [509.0, 720.0], [280.0, 731.0]], [[367.0, 492.0], [444.0, 521.0], [424.0, 572.0], [347.0, 543.0]], [[450.0, 499.0], [528.0, 499.0], [528.0, 548.0], [450.0, 548.0]], [[630.0, 485.0], [853.0, 477.0], [856.0, 552.0], [633.0, 560.0]], [[362.0, 474.0], [392.0, 474.0], [392.0, 501.0], [362.0, 501.0]], [[224.0, 422.0], [263.0, 422.0], [263.0, 459.0], [224.0, 459.0]], [[60.0, 407.0], [101.0, 407.0], [101.0, 450.0], [60.0, 450.0]], [[220.0, 384.0], [252.0, 384.0], [252.0, 405.0], [220.0, 405.0]], [[364.0, 348.0], [424.0, 348.0], [424.0, 390.0], [364.0, 390.0]], [[581.0, 312.0], [847.0, 304.0], [849.0, 379.0], [583.0, 387.0]], [[366.0, 294.0], [426.0, 294.0], [426.0, 350.0], [366.0, 350.0]], [[41.0, 216.0], [654.0, 207.0], [655.0, 264.0], [41.0, 273.0]], [[7.0, 134.0], [1491.0, 69.0], [1496.0, 172.0], [12.0, 236.0]], [[20.0, 29.0], [420.0, 12.0], [423.0, 93.0], [24.0, 110.0]]]
4932_794x1044_bing_online.jpg	[[[70.0, 945.0], [368.0, 945.0], [368.0, 960.0], [70.0, 960.0]], [[69.0, 914.0], [330.0, 914.0], [330.0, 928.0], [69.0, 928.0]], [[69.0, 882.0], [400.0, 882.0], [400.0, 897.0], [69.0, 897.0]], [[140.0, 856.0], [165.0, 856.0], [165.0, 874.0], [140.0, 874.0]], [[77.0, 823.0], [220.0, 823.0], [220.0, 842.0], [77.0, 842.0]], [[73.0, 802.0], [122.0, 807.0], [121.0, 824.0], [72.0, 818.0]], [[204.0, 800.0], [219.0, 800.0], [219.0, 816.0], [204.0, 816.0]], [[102.0, 785.0], [203.0, 785.0], [203.0, 799.0], [102.0, 799.0]], [[80.0, 786.0], [102.0, 786.0], [102.0, 798.0], [80.0, 798.0]], [[201.0, 785.0], [218.0, 785.0], [218.0, 798.0], [201.0, 798.0]], [[136.0, 754.0], [160.0, 740.0], [171.0, 759.0], [146.0, 773.0]], [[71.0, 726.0], [636.0, 726.0], [636.0, 741.0], [71.0, 741.0]], [[68.0, 689.0], [716.0, 691.0], [716.0, 706.0], [68.0, 705.0]], [[395.0, 652.0], [529.0, 652.0], [529.0, 668.0], [395.0, 668.0]], [[69.0, 652.0], [218.0, 652.0], [218.0, 668.0], [69.0, 668.0]], [[394.0, 621.0], [530.0, 621.0], [530.0, 636.0], [394.0, 636.0]], [[69.0, 622.0], [204.0, 622.0], [204.0, 637.0], [69.0, 637.0]], [[206.0, 580.0], [232.0, 593.0], [222.0, 612.0], [197.0, 599.0]], [[96.0, 583.0], [128.0, 583.0], [128.0, 599.0], [96.0, 599.0]], [[154.0, 583.0], [169.0, 583.0], [169.0, 600.0], [154.0, 600.0]], [[146.0, 571.0], [158.0, 571.0], [158.0, 582.0], [146.0, 582.0]], [[120.0, 518.0], [106.0, 533.0], [134.0, 532.0], [106.0, 533.0]], [[118.0, 497.0], [134.0, 497.0], [134.0, 512.0], [118.0, 512.0]], [[200.0, 474.0], [225.0, 474.0], [225.0, 498.0], [200.0, 498.0]], [[71.0, 445.0], [557.0, 445.0], [557.0, 460.0], [71.0, 460.0]], [[71.0, 409.0], [717.0, 409.0], [717.0, 424.0], [71.0, 424.0]], [[69.0, 372.0], [700.0, 373.0], [700.0, 388.0], [69.0, 387.0]], [[70.0, 341.0], [712.0, 341.0], [712.0, 356.0], [70.0, 356.0]], [[313.0, 309.0], [329.0, 309.0], [329.0, 324.0], [313.0, 324.0]], [[66.0, 292.0], [308.0, 289.0], [309.0, 311.0], [66.0, 313.0]], [[302.0, 278.0], [339.0, 281.0], [337.0, 307.0], [299.0, 304.0]], [[255.0, 253.0], [269.0, 253.0], [269.0, 269.0], [255.0, 269.0]], [[68.0, 239.0], [247.0, 243.0], [247.0, 261.0], [68.0, 258.0]], [[248.0, 230.0], [277.0, 233.0], [275.0, 251.0], [247.0, 247.0]], [[69.0, 207.0], [273.0, 207.0], [273.0, 221.0], [69.0, 221.0]], [[69.0, 175.0], [169.0, 175.0], [169.0, 190.0], [69.0, 190.0]], [[140.0, 139.0], [167.0, 139.0], [167.0, 156.0], [140.0, 156.0]], [[68.0, 77.0], [96.0, 72.0], [99.0, 90.0], [71.0, 94.0]]]
5006_1668x2154_bing_online.png	[[[1489.0, 2120.0], [1654.0, 2120.0], [1654.0, 2143.0], [1489.0, 2143.0]], [[84.0, 1947.0], [685.0, 1905.0], [692.0, 2006.0], [91.0, 2048.0]], [[630.0, 1923.0], [1115.0, 1877.0], [1125.0, 1978.0], [639.0, 2024.0]], [[16.0, 1844.0], [844.0, 1802.0], [849.0, 1910.0], [22.0, 1951.0]], [[923.0, 1736.0], [1556.0, 1704.0], [1561.0, 1796.0], [928.0, 1828.0]], [[39.0, 1728.0], [79.0, 1728.0], [79.0, 1768.0], [39.0, 1768.0]], [[430.0, 1695.0], [847.0, 1684.0], [851.0, 1814.0], [433.0, 1825.0]], [[87.0, 1700.0], [422.0, 1684.0], [428.0, 1790.0], [92.0, 1805.0]], [[577.0, 1650.0], [1055.0, 1637.0], [1057.0, 1716.0], [579.0, 1728.0]], [[385.0, 1604.0], [603.0, 1604.0], [603.0, 1694.0], [385.0, 1694.0]], [[563.0, 1568.0], [1664.0, 1575.0], [1663.0, 1683.0], [562.0, 1676.0]], [[387.0, 1523.0], [597.0, 1529.0], [594.0, 1612.0], [385.0, 1606.0]], [[952.0, 1465.0], [1488.0, 1458.0], [1489.0, 1530.0], [953.0, 1537.0]], [[379.0, 1446.0], [484.0, 1437.0], [489.0, 1497.0], [384.0, 1507.0]], [[370.0, 1364.0], [1639.0, 1369.0], [1638.0, 1459.0], [369.0, 1454.0]], [[145.0, 1172.0], [1212.0, 1160.0], [1213.0, 1252.0], [146.0, 1264.0]], [[412.0, 1053.0], [1647.0, 1039.0], [1648.0, 1124.0], [413.0, 1138.0]], [[412.0, 965.0], [1612.0, 940.0], [1614.0, 1023.0], [414.0, 1048.0]], [[415.0, 866.0], [1056.0, 866.0], [1056.0, 951.0], [415.0, 951.0]], [[36.0, 868.0], [79.0, 868.0], [79.0, 906.0], [36.0, 906.0]], [[106.0, 836.0], [377.0, 842.0], [374.0, 959.0], [104.0, 953.0]], [[897.0, 790.0], [1038.0, 790.0], [1038.0, 846.0], [897.0, 846.0]], [[1505.0, 752.0], [1636.0, 752.0], [1636.0, 853.0], [1505.0, 853.0]], [[393.0, 737.0], [1091.0, 705.0], [1096.0, 820.0], [398.0, 852.0]], [[21.0, 726.0], [371.0, 708.0], [376.0, 798.0], [26.0, 816.0]], [[1517.0, 706.0], [1608.0, 698.0], [1615.0, 779.0], [1524.0, 787.0]], [[399.0, 701.0], [508.0, 694.0], [514.0, 779.0], [405.0, 787.0]], [[1163.0, 682.0], [1321.0, 682.0], [1321.0, 841.0], [1163.0, 841.0]], [[1333.0, 643.0], [1460.0, 646.0], [1454.0, 912.0], [1327.0, 909.0]], [[25.0, 626.0], [347.0, 626.0], [347.0, 714.0], [25.0, 714.0]], [[394.0, 608.0], [1142.0, 608.0], [1142.0, 722.0], [394.0, 722.0]], [[20.0, 483.0], [872.0, 475.0], [873.0, 590.0], [21.0, 597.0]], [[16.0, 415.0], [117.0, 426.0], [109.0, 498.0], [8.0, 487.0]], [[61.0, 312.0], [1235.0, 307.0], [1235.0, 428.0], [62.0, 433.0]], [[642.0, 233.0], [1140.0, 238.0], [1139.0, 332.0], [641.0, 327.0]], [[69.0, 218.0], [660.0, 203.0], [663.0, 311.0], [72.0, 326.0]], [[57.0, 96.0], [1351.0, 113.0], [1350.0, 205.0], [56.0, 188.0]], [[13.0, 9.0], [536.0, 2.0], [538.0, 94.0], [15.0, 101.0]]]
5073_992x1403_bing_online.jpg	[[[72.0, 1251.0], [139.0, 1251.0], [139.0, 1279.0], [72.0, 1279.0]], [[714.0, 1229.0], [737.0, 1217.0], [747.0, 1238.0], [724.0, 1249.0]], [[664.0, 1223.0], [686.0, 1223.0], [686.0, 1244.0], [664.0, 1244.0]], [[295.0, 1218.0], [345.0, 1222.0], [343.0, 1244.0], [293.0, 1240.0]], [[751.0, 1213.0], [934.0, 1213.0], [934.0, 1233.0], [751.0, 1233.0]], [[337.0, 1204.0], [663.0, 1210.0], [662.0, 1240.0], [336.0, 1233.0]], [[117.0, 1205.0], [298.0, 1210.0], [298.0, 1235.0], [116.0, 1230.0]], [[310.0, 1200.0], [334.0, 1200.0], [334.0, 1220.0], [310.0, 1220.0]], [[657.0, 1194.0], [756.0, 1194.0], [756.0, 1225.0], [657.0, 1225.0]], [[291.0, 1168.0], [313.0, 1168.0], [313.0, 1190.0], [291.0, 1190.0]], [[180.0, 1162.0], [214.0, 1169.0], [208.0, 1194.0], [175.0, 1187.0]], [[344.0, 1152.0], [898.0, 1155.0], [897.0, 1179.0], [344.0, 1176.0]], [[113.0, 1152.0], [159.0, 1148.0], [162.0, 1176.0], [116.0, 1180.0]], [[151.0, 1138.0], [356.0, 1142.0], [355.0, 1171.0], [150.0, 1168.0]], [[465.0, 1105.0], [506.0, 1114.0], [500.0, 1143.0], [459.0, 1134.0]], [[565.0, 1109.0], [590.0, 1109.0], [590.0, 1136.0], [565.0, 1136.0]], [[610.0, 1098.0], [753.0, 1098.0], [753.0, 1122.0], [610.0, 1122.0]], [[399.0, 1098.0], [434.0, 1098.0], [434.0, 1119.0], [399.0, 1119.0]], [[260.0, 1096.0], [395.0, 1095.0], [396.0, 1121.0], [260.0, 1123.0]], [[533.0, 1086.0], [620.0, 1084.0], [620.0, 1111.0], [533.0, 1112.0]], [[439.0, 1081.0], [545.0, 1085.0], [544.0, 1115.0], [438.0, 1112.0]], [[707.0, 1057.0], [729.0, 1057.0], [729.0, 1079.0], [707.0, 1079.0]], [[635.0, 1057.0], [657.0, 1057.0], [657.0, 1079.0], [635.0, 1079.0]], [[397.0, 1055.0], [428.0, 1055.0], [428.0, 1080.0], [397.0, 1080.0]], [[301.0, 1055.0], [335.0, 1055.0], [335.0, 1080.0], [301.0, 1080.0]], [[546.0, 1055.0], [565.0, 1055.0], [565.0, 1079.0], [546.0, 1079.0]], [[462.0, 1054.0], [510.0, 1045.0], [515.0, 1074.0], [468.0, 1083.0]], [[701.0, 1026.0], [737.0, 1035.0], [731.0, 1060.0], [695.0, 1051.0]], [[369.0, 1030.0], [469.0, 1030.0], [469.0, 1055.0], [369.0, 1055.0]], [[462.0, 1030.0], [500.0, 1030.0], [500.0, 1054.0], [462.0, 1054.0]], [[277.0, 1026.0], [374.0, 1029.0], [373.0, 1055.0], [276.0, 1052.0]], [[106.0, 1026.0], [143.0, 1026.0], [143.0, 1071.0], [106.0, 1071.0]], [[256.0, 948.0], [275.0, 939.0], [286.0, 960.0], [267.0, 970.0]], [[291.0, 934.0], [526.0, 934.0], [526.0, 954.0], [291.0, 954.0]], [[700.0, 910.0], [862.0, 910.0], [862.0, 935.0], [700.0, 935.0]], [[286.0, 837.0], [295.0, 837.0], [295.0, 851.0], [286.0, 851.0]], [[818.0, 824.0], [883.0, 824.0], [883.0, 875.0], [818.0, 875.0]], [[689.0, 805.0], [709.0, 805.0], [709.0, 824.0], [689.0, 824.0]], [[647.0, 782.0], [682.0, 791.0], [676.0, 814.0], [641.0, 805.0]], [[785.0, 783.0], [816.0, 783.0], [816.0, 814.0], [785.0, 814.0]], [[892.0, 770.0], [921.0, 770.0], [921.0, 808.0], [892.0, 808.0]], [[707.0, 769.0], [735.0, 769.0], [735.0, 798.0], [707.0, 798.0]], [[99.0, 767.0], [216.0, 767.0], [216.0, 794.0], [99.0, 794.0]], [[790.0, 752.0], [830.0, 768.0], [818.0, 798.0], [778.0, 782.0]], [[692.0, 758.0], [712.0, 758.0], [712.0, 777.0], [692.0, 777.0]], [[77.0, 756.0], [99.0, 756.0], [99.0, 802.0], [77.0, 802.0]], [[644.0, 732.0], [681.0, 739.0], [677.0, 763.0], [640.0, 756.0]], [[785.0, 731.0], [816.0, 731.0], [816.0, 766.0], [785.0, 766.0]], [[710.0, 720.0], [734.0, 720.0], [734.0, 739.0], [710.0, 739.0]], [[117.0, 712.0], [378.0, 713.0], [378.0, 738.0], [117.0, 737.0]], [[788.0, 707.0], [825.0, 716.0], [819.0, 741.0], [782.0, 733.0]], [[221.0, 570.0], [382.0, 570.0], [382.0, 590.0], [221.0, 590.0]], [[412.0, 535.0], [425.0, 535.0], [425.0, 552.0], [412.0, 552.0]], [[177.0, 535.0], [190.0, 535.0], [190.0, 552.0], [177.0, 552.0]], [[515.0, 512.0], [543.0, 512.0], [543.0, 529.0], [515.0, 529.0]], [[329.0, 493.0], [365.0, 493.0], [365.0, 516.0], [329.0, 516.0]], [[252.0, 493.0], [289.0, 493.0], [289.0, 516.0], [252.0, 516.0]], [[813.0, 485.0], [838.0, 485.0], [838.0, 501.0], [813.0, 501.0]], [[404.0, 462.0], [433.0, 462.0], [433.0, 487.0], [404.0, 487.0]], [[173.0, 463.0], [193.0, 463.0], [193.0, 484.0], [173.0, 484.0]], [[323.0, 434.0], [390.0, 437.0], [389.0, 465.0], [321.0, 461.0]], [[249.0, 434.0], [318.0, 437.0], [316.0, 464.0], [248.0, 460.0]], [[520.0, 436.0], [546.0, 436.0], [546.0, 455.0], [520.0, 455.0]], [[235.0, 408.0], [257.0, 408.0], [257.0, 427.0], [235.0, 427.0]], [[177.0, 408.0], [190.0, 408.0], [190.0, 421.0], [177.0, 421.0]], [[177.0, 395.0], [190.0, 395.0], [190.0, 409.0], [177.0, 409.0]], [[502.0, 393.0], [549.0, 384.0], [554.0, 412.0], [507.0, 421.0]], [[410.0, 392.0], [428.0, 392.0], [428.0, 424.0], [410.0, 424.0]], [[515.0, 339.0], [543.0, 339.0], [543.0, 358.0], [515.0, 358.0]], [[810.0, 304.0], [841.0, 304.0], [841.0, 341.0], [810.0, 341.0]], [[521.0, 278.0], [543.0, 278.0], [543.0, 298.0], [521.0, 298.0]], [[509.0, 224.0], [552.0, 224.0], [552.0, 251.0], [509.0, 251.0]], [[77.0, 181.0], [217.0, 181.0], [217.0, 202.0], [77.0, 202.0]], [[75.0, 148.0], [936.0, 146.0], [936.0, 171.0], [75.0, 172.0]], [[369.0, 95.0], [641.0, 95.0], [641.0, 115.0], [369.0, 115.0]], [[86.0, 96.0], [103.0, 96.0], [103.0, 118.0], [86.0, 118.0]]]
5121_718x500_bing_online.jpg	[[[122.0, 484.0], [203.0, 484.0], [203.0, 498.0], [122.0, 498.0]], [[101.0, 472.0], [228.0, 471.0], [228.0, 484.0], [101.0, 485.0]], [[10.0, 468.0], [95.0, 468.0], [95.0, 488.0], [10.0, 488.0]], [[89.0, 458.0], [280.0, 454.0], [281.0, 471.0], [89.0, 475.0]], [[20.0, 446.0], [291.0, 444.0], [291.0, 458.0], [20.0, 460.0]], [[651.0, 439.0], [664.0, 439.0], [664.0, 447.0], [651.0, 447.0]], [[0.0, 434.0], [306.0, 432.0], [306.0, 444.0], [0.0, 446.0]], [[2.0, 421.0], [70.0, 421.0], [70.0, 432.0], [2.0, 432.0]], [[0.0, 405.0], [320.0, 401.0], [320.0, 418.0], [0.0, 422.0]], [[690.0, 401.0], [707.0, 404.0], [704.0, 416.0], [688.0, 413.0]], [[1.0, 394.0], [317.0, 390.0], [317.0, 403.0], [1.0, 407.0]], [[369.0, 391.0], [387.0, 391.0], [387.0, 401.0], [369.0, 401.0]], [[401.0, 386.0], [437.0, 386.0], [437.0, 396.0], [401.0, 396.0]], [[549.0, 386.0], [560.0, 386.0], [560.0, 393.0], [549.0, 393.0]], [[370.0, 382.0], [386.0, 382.0], [386.0, 390.0], [370.0, 390.0]], [[320.0, 382.0], [335.0, 382.0], [335.0, 390.0], [320.0, 390.0]], [[1.0, 380.0], [318.0, 377.0], [318.0, 391.0], [1.0, 394.0]], [[364.0, 371.0], [392.0, 371.0], [392.0, 381.0], [364.0, 381.0]], [[341.0, 372.0], [360.0, 372.0], [360.0, 379.0], [341.0, 379.0]], [[2.0, 367.0], [37.0, 367.0], [37.0, 381.0], [2.0, 381.0]], [[2.0, 353.0], [315.0, 352.0], [315.0, 365.0], [2.0, 366.0]], [[418.0, 352.0], [456.0, 352.0], [456.0, 358.0], [418.0, 358.0]], [[365.0, 352.0], [389.0, 352.0], [389.0, 358.0], [365.0, 358.0]], [[402.0, 346.0], [416.0, 346.0], [416.0, 354.0], [402.0, 354.0]], [[416.0, 340.0], [510.0, 343.0], [510.0, 354.0], [416.0, 350.0]], [[2.0, 340.0], [307.0, 340.0], [307.0, 354.0], [2.0, 354.0]], [[80.0, 297.0], [222.0, 297.0], [222.0, 316.0], [80.0, 316.0]], [[498.0, 294.0], [568.0, 294.0], [568.0, 308.0], [498.0, 308.0]], [[412.0, 295.0], [478.0, 295.0], [478.0, 309.0], [412.0, 309.0]], [[649.0, 293.0], [704.0, 293.0], [704.0, 307.0], [649.0, 307.0]], [[654.0, 287.0], [704.0, 287.0], [704.0, 297.0], [654.0, 297.0]], [[495.0, 282.0], [626.0, 282.0], [626.0, 296.0], [495.0, 296.0]], [[394.0, 280.0], [490.0, 282.0], [489.0, 296.0], [394.0, 294.0]], [[457.0, 270.0], [635.0, 270.0], [635.0, 282.0], [457.0, 282.0]], [[453.0, 252.0], [634.0, 255.0], [634.0, 272.0], [453.0, 268.0]], [[451.0, 240.0], [628.0, 243.0], [628.0, 257.0], [451.0, 254.0]], [[444.0, 227.0], [655.0, 230.0], [655.0, 243.0], [444.0, 241.0]], [[11.0, 211.0], [184.0, 214.0], [183.0, 251.0], [10.0, 248.0]], [[435.0, 213.0], [656.0, 216.0], [656.0, 230.0], [434.0, 227.0]], [[423.0, 199.0], [655.0, 200.0], [655.0, 217.0], [423.0, 216.0]], [[660.0, 203.0], [665.0, 203.0], [665.0, 209.0], [660.0, 209.0]], [[660.0, 191.0], [665.0, 191.0], [665.0, 198.0], [660.0, 198.0]], [[409.0, 187.0], [657.0, 187.0], [657.0, 203.0], [409.0, 203.0]], [[206.0, 183.0], [229.0, 183.0], [229.0, 189.0], [206.0, 189.0]], [[13.0, 175.0], [138.0, 178.0], [137.0, 194.0], [12.0, 191.0]], [[395.0, 176.0], [501.0, 176.0], [501.0, 188.0], [395.0, 188.0]], [[400.0, 160.0], [656.0, 162.0], [656.0, 178.0], [400.0, 176.0]], [[12.0, 150.0], [180.0, 152.0], [179.0, 166.0], [12.0, 164.0]], [[445.0, 147.0], [651.0, 150.0], [651.0, 164.0], [445.0, 161.0]], [[187.0, 146.0], [202.0, 146.0], [202.0, 158.0], [187.0, 158.0]], [[12.0, 137.0], [183.0, 139.0], [182.0, 155.0], [12.0, 153.0]], [[453.0, 127.0], [601.0, 127.0], [601.0, 146.0], [453.0, 146.0]], [[12.0, 120.0], [209.0, 125.0], [209.0, 145.0], [11.0, 139.0]], [[200.0, 120.0], [234.0, 118.0], [235.0, 130.0], [201.0, 132.0]], [[14.0, 110.0], [176.0, 112.0], [175.0, 127.0], [14.0, 125.0]], [[13.0, 100.0], [173.0, 100.0], [173.0, 112.0], [13.0, 112.0]], [[14.0, 85.0], [43.0, 85.0], [43.0, 100.0], [14.0, 100.0]], [[14.0, 72.0], [175.0, 71.0], [175.0, 85.0], [14.0, 86.0]], [[14.0, 60.0], [174.0, 58.0], [174.0, 71.0], [14.0, 73.0]], [[188.0, 46.0], [269.0, 46.0], [269.0, 59.0], [188.0, 59.0]], [[14.0, 47.0], [171.0, 45.0], [171.0, 58.0], [14.0, 60.0]], [[71.0, 22.0], [202.0, 20.0], [202.0, 38.0], [71.0, 39.0]], [[278.0, 0.0], [714.0, 3.0], [714.0, 76.0], [277.0, 73.0]]]
5154_600x810_bing_online.jpg	[[[42.0, 747.0], [584.0, 749.0], [584.0, 773.0], [42.0, 770.0]], [[41.0, 726.0], [583.0, 727.0], [583.0, 747.0], [41.0, 746.0]], [[44.0, 705.0], [581.0, 705.0], [581.0, 722.0], [44.0, 722.0]], [[71.0, 682.0], [582.0, 683.0], [582.0, 702.0], [71.0, 701.0]], [[397.0, 656.0], [440.0, 656.0], [440.0, 674.0], [397.0, 674.0]], [[158.0, 655.0], [201.0, 655.0], [201.0, 673.0], [158.0, 673.0]], [[195.0, 620.0], [205.0, 620.0], [205.0, 630.0], [195.0, 630.0]], [[135.0, 619.0], [157.0, 616.0], [158.0, 628.0], [136.0, 631.0]], [[106.0, 614.0], [113.0, 614.0], [113.0, 624.0], [106.0, 624.0]], [[221.0, 596.0], [239.0, 596.0], [239.0, 614.0], [221.0, 614.0]], [[409.0, 592.0], [419.0, 592.0], [419.0, 600.0], [409.0, 600.0]], [[416.0, 569.0], [428.0, 569.0], [428.0, 578.0], [416.0, 578.0]], [[389.0, 557.0], [408.0, 557.0], [408.0, 564.0], [389.0, 564.0]], [[132.0, 520.0], [174.0, 520.0], [174.0, 536.0], [132.0, 536.0]], [[226.0, 503.0], [235.0, 503.0], [235.0, 511.0], [226.0, 511.0]], [[104.0, 502.0], [109.0, 497.0], [109.0, 507.0], [113.0, 502.0]], [[106.0, 484.0], [112.0, 484.0], [112.0, 491.0], [106.0, 491.0]], [[263.0, 478.0], [273.0, 478.0], [273.0, 487.0], [263.0, 487.0]], [[74.0, 403.0], [562.0, 403.0], [562.0, 420.0], [74.0, 420.0]], [[545.0, 374.0], [581.0, 374.0], [581.0, 389.0], [545.0, 389.0]], [[332.0, 371.0], [347.0, 373.0], [343.0, 399.0], [328.0, 396.0]], [[119.0, 335.0], [226.0, 337.0], [226.0, 356.0], [118.0, 353.0]], [[47.0, 334.0], [110.0, 337.0], [109.0, 355.0], [46.0, 351.0]], [[276.0, 310.0], [345.0, 310.0], [345.0, 327.0], [276.0, 327.0]], [[545.0, 310.0], [583.0, 310.0], [583.0, 325.0], [545.0, 325.0]], [[45.0, 286.0], [489.0, 287.0], [488.0, 305.0], [45.0, 304.0]], [[47.0, 265.0], [581.0, 266.0], [581.0, 284.0], [47.0, 282.0]], [[46.0, 244.0], [581.0, 246.0], [581.0, 263.0], [46.0, 261.0]], [[47.0, 223.0], [582.0, 225.0], [582.0, 242.0], [47.0, 240.0]], [[47.0, 202.0], [582.0, 204.0], [582.0, 221.0], [47.0, 220.0]], [[48.0, 181.0], [582.0, 182.0], [582.0, 199.0], [48.0, 198.0]], [[47.0, 159.0], [583.0, 160.0], [583.0, 180.0], [47.0, 179.0]], [[49.0, 140.0], [583.0, 140.0], [583.0, 157.0], [49.0, 157.0]], [[48.0, 118.0], [584.0, 118.0], [584.0, 136.0], [48.0, 136.0]], [[47.0, 95.0], [586.0, 96.0], [586.0, 116.0], [47.0, 115.0]], [[48.0, 75.0], [585.0, 75.0], [585.0, 92.0], [48.0, 92.0]], [[48.0, 53.0], [586.0, 55.0], [586.0, 72.0], [48.0, 70.0]], [[48.0, 30.0], [586.0, 32.0], [586.0, 51.0], [48.0, 49.0]], [[76.0, 7.0], [587.0, 11.0], [587.0, 31.0], [76.0, 27.0]]]
5186_1536x2048_bing_online.jpg	[[[1034.0, 1961.0], [1499.0, 1961.0], [1499.0, 2005.0], [1034.0, 2005.0]], [[713.0, 1956.0], [788.0, 1956.0], [788.0, 2022.0], [713.0, 2022.0]], [[751.0, 1762.0], [1228.0, 1762.0], [1228.0, 1822.0], [751.0, 1822.0]], [[342.0, 1762.0], [728.0, 1758.0], [729.0, 1817.0], [343.0, 1822.0]], [[1235.0, 1719.0], [1257.0, 1719.0], [1257.0, 1743.0], [1235.0, 1743.0]], [[247.0, 1705.0], [1180.0, 1705.0], [1180.0, 1754.0], [247.0, 1754.0]], [[205.0, 1641.0], [1420.0, 1643.0], [1420.0, 1694.0], [205.0, 1692.0]], [[247.0, 1551.0], [1137.0, 1553.0], [1137.0, 1611.0], [246.0, 1608.0]], [[1313.0, 1474.0], [1412.0, 1474.0], [1412.0, 1534.0], [1313.0, 1534.0]], [[175.0, 1472.0], [223.0, 1472.0], [223.0, 1498.0], [175.0, 1498.0]], [[114.0, 1404.0], [626.0, 1410.0], [626.0, 1462.0], [113.0, 1455.0]], [[292.0, 1223.0], [964.0, 1218.0], [965.0, 1276.0], [293.0, 1280.0]], [[209.0, 1161.0], [1091.0, 1161.0], [1091.0, 1218.0], [209.0, 1218.0]], [[340.0, 1045.0], [707.0, 1045.0], [707.0, 1105.0], [340.0, 1105.0]], [[894.0, 982.0], [1006.0, 976.0], [1009.0, 1030.0], [897.0, 1035.0]], [[770.0, 981.0], [833.0, 981.0], [833.0, 1037.0], [770.0, 1037.0]], [[668.0, 969.0], [716.0, 969.0], [716.0, 1018.0], [668.0, 1018.0]], [[1015.0, 942.0], [1238.0, 929.0], [1244.0, 1014.0], [1020.0, 1028.0]], [[325.0, 919.0], [679.0, 919.0], [679.0, 992.0], [325.0, 992.0]], [[899.0, 915.0], [995.0, 915.0], [995.0, 975.0], [899.0, 975.0]], [[768.0, 905.0], [836.0, 905.0], [836.0, 962.0], [768.0, 962.0]], [[280.0, 787.0], [1264.0, 807.0], [1262.0, 888.0], [279.0, 868.0]], [[323.0, 740.0], [1303.0, 745.0], [1302.0, 811.0], [323.0, 806.0]], [[327.0, 649.0], [980.0, 649.0], [980.0, 721.0], [327.0, 721.0]], [[547.0, 565.0], [1202.0, 561.0], [1202.0, 625.0], [548.0, 629.0]], [[268.0, 552.0], [579.0, 562.0], [576.0, 636.0], [265.0, 626.0]], [[513.0, 546.0], [550.0, 546.0], [550.0, 587.0], [513.0, 587.0]], [[271.0, 448.0], [1287.0, 446.0], [1287.0, 506.0], [271.0, 508.0]], [[332.0, 397.0], [650.0, 397.0], [650.0, 442.0], [332.0, 442.0]], [[460.0, 326.0], [539.0, 326.0], [539.0, 388.0], [460.0, 388.0]], [[586.0, 319.0], [778.0, 308.0], [782.0, 376.0], [590.0, 387.0]], [[820.0, 279.0], [1137.0, 279.0], [1137.0, 348.0], [820.0, 348.0]], [[329.0, 267.0], [425.0, 285.0], [409.0, 368.0], [313.0, 350.0]], [[443.0, 256.0], [550.0, 256.0], [550.0, 326.0], [443.0, 326.0]], [[606.0, 246.0], [698.0, 253.0], [692.0, 324.0], [600.0, 317.0]], [[508.0, 215.0], [537.0, 215.0], [537.0, 247.0], [508.0, 247.0]], [[190.0, 147.0], [1272.0, 149.0], [1272.0, 216.0], [190.0, 213.0]]]
5221_726x968_bing_online.png	[[[60.0, 870.0], [638.0, 887.0], [637.0, 920.0], [59.0, 903.0]], [[488.0, 786.0], [578.0, 789.0], [577.0, 830.0], [486.0, 827.0]], [[317.0, 775.0], [369.0, 775.0], [369.0, 820.0], [317.0, 820.0]], [[184.0, 778.0], [208.0, 778.0], [208.0, 812.0], [184.0, 812.0]], [[194.0, 736.0], [234.0, 736.0], [234.0, 770.0], [194.0, 770.0]], [[509.0, 704.0], [542.0, 704.0], [542.0, 750.0], [509.0, 750.0]], [[155.0, 701.0], [178.0, 701.0], [178.0, 740.0], [155.0, 740.0]], [[319.0, 693.0], [384.0, 701.0], [379.0, 741.0], [314.0, 734.0]], [[484.0, 630.0], [563.0, 630.0], [563.0, 664.0], [484.0, 664.0]], [[117.0, 621.0], [204.0, 625.0], [202.0, 661.0], [115.0, 657.0]], [[322.0, 621.0], [369.0, 621.0], [369.0, 659.0], [322.0, 659.0]], [[50.0, 569.0], [340.0, 567.0], [340.0, 594.0], [51.0, 596.0]], [[80.0, 495.0], [225.0, 493.0], [225.0, 517.0], [81.0, 519.0]], [[78.0, 467.0], [218.0, 467.0], [218.0, 494.0], [78.0, 494.0]], [[93.0, 444.0], [194.0, 444.0], [194.0, 469.0], [93.0, 469.0]], [[89.0, 416.0], [194.0, 416.0], [194.0, 445.0], [89.0, 445.0]], [[35.0, 391.0], [192.0, 391.0], [192.0, 418.0], [35.0, 418.0]], [[246.0, 319.0], [308.0, 319.0], [308.0, 344.0], [246.0, 344.0]], [[231.0, 319.0], [245.0, 319.0], [245.0, 333.0], [231.0, 333.0]], [[337.0, 305.0], [368.0, 284.0], [395.0, 322.0], [364.0, 343.0]], [[183.0, 294.0], [208.0, 294.0], [208.0, 326.0], [183.0, 326.0]], [[240.0, 283.0], [297.0, 283.0], [297.0, 306.0], [240.0, 306.0]], [[39.0, 242.0], [289.0, 242.0], [289.0, 266.0], [39.0, 266.0]], [[660.0, 154.0], [719.0, 162.0], [716.0, 183.0], [657.0, 176.0]], [[29.0, 84.0], [120.0, 81.0], [121.0, 116.0], [30.0, 118.0]], [[27.0, 47.0], [134.0, 47.0], [134.0, 87.0], [27.0, 87.0]], [[29.0, 21.0], [56.0, 21.0], [56.0, 37.0], [29.0, 37.0]], [[127.0, 7.0], [140.0, 7.0], [140.0, 20.0], [127.0, 20.0]]]
5314_1401x2048_bing_online.jpg	[[[6.0, 1970.0], [220.0, 1964.0], [222.0, 2033.0], [8.0, 2038.0]], [[1027.0, 1975.0], [1068.0, 1975.0], [1068.0, 2001.0], [1027.0, 2001.0]], [[1090.0, 1958.0], [1373.0, 1958.0], [1373.0, 2016.0], [1090.0, 2016.0]], [[433.0, 1943.0], [508.0, 1943.0], [508.0, 1999.0], [433.0, 1999.0]], [[223.0, 1931.0], [357.0, 1931.0], [357.0, 2003.0], [223.0, 2003.0]], [[54.0, 1863.0], [354.0, 1858.0], [355.0, 1924.0], [56.0, 1929.0]], [[411.0, 1858.0], [1394.0, 1847.0], [1395.0, 1918.0], [412.0, 1929.0]], [[773.0, 1826.0], [825.0, 1826.0], [825.0, 1867.0], [773.0, 1867.0]], [[426.0, 1789.0], [727.0, 1797.0], [726.0, 1856.0], [424.0, 1849.0]], [[58.0, 1790.0], [320.0, 1794.0], [319.0, 1854.0], [57.0, 1849.0]], [[748.0, 1768.0], [874.0, 1774.0], [872.0, 1827.0], [746.0, 1821.0]], [[129.0, 1715.0], [1340.0, 1715.0], [1340.0, 1773.0], [129.0, 1773.0]], [[696.0, 1688.0], [848.0, 1683.0], [850.0, 1728.0], [697.0, 1733.0]], [[70.0, 1628.0], [1292.0, 1632.0], [1291.0, 1705.0], [70.0, 1700.0]], [[138.0, 1553.0], [1065.0, 1542.0], [1066.0, 1615.0], [139.0, 1626.0]], [[140.0, 1485.0], [821.0, 1480.0], [821.0, 1538.0], [140.0, 1543.0]], [[955.0, 1476.0], [1320.0, 1481.0], [1319.0, 1538.0], [954.0, 1534.0]], [[133.0, 1408.0], [615.0, 1404.0], [615.0, 1461.0], [134.0, 1466.0]], [[933.0, 1399.0], [1307.0, 1399.0], [1307.0, 1459.0], [933.0, 1459.0]], [[124.0, 1327.0], [656.0, 1320.0], [657.0, 1386.0], [125.0, 1393.0]], [[558.0, 1216.0], [615.0, 1216.0], [615.0, 1259.0], [558.0, 1259.0]], [[301.0, 1220.0], [511.0, 1204.0], [516.0, 1264.0], [305.0, 1279.0]], [[304.0, 1140.0], [511.0, 1134.0], [513.0, 1222.0], [306.0, 1227.0]], [[157.0, 1140.0], [188.0, 1109.0], [219.0, 1139.0], [187.0, 1170.0]], [[936.0, 1094.0], [1351.0, 1106.0], [1349.0, 1170.0], [934.0, 1158.0]], [[55.0, 1101.0], [140.0, 1101.0], [140.0, 1156.0], [55.0, 1156.0]], [[862.0, 1088.0], [889.0, 1088.0], [889.0, 1131.0], [862.0, 1131.0]], [[681.0, 983.0], [744.0, 983.0], [744.0, 1026.0], [681.0, 1026.0]], [[841.0, 977.0], [904.0, 977.0], [904.0, 1030.0], [841.0, 1030.0]], [[299.0, 967.0], [539.0, 959.0], [541.0, 1028.0], [302.0, 1035.0]], [[162.0, 973.0], [210.0, 973.0], [210.0, 1024.0], [162.0, 1024.0]], [[530.0, 971.0], [587.0, 971.0], [587.0, 1015.0], [530.0, 1015.0]], [[933.0, 951.0], [1243.0, 951.0], [1243.0, 1018.0], [933.0, 1018.0]], [[396.0, 932.0], [444.0, 932.0], [444.0, 971.0], [396.0, 971.0]], [[175.0, 879.0], [206.0, 879.0], [206.0, 909.0], [175.0, 909.0]], [[955.0, 862.0], [1392.0, 866.0], [1392.0, 924.0], [954.0, 919.0]], [[311.0, 862.0], [541.0, 862.0], [541.0, 922.0], [311.0, 922.0]], [[530.0, 832.0], [554.0, 832.0], [554.0, 851.0], [530.0, 851.0]], [[943.0, 785.0], [1276.0, 785.0], [1276.0, 845.0], [943.0, 845.0]], [[911.0, 762.0], [963.0, 762.0], [963.0, 802.0], [911.0, 802.0]], [[49.0, 732.0], [138.0, 784.0], [103.0, 843.0], [13.0, 791.0]], [[313.0, 717.0], [530.0, 717.0], [530.0, 787.0], [313.0, 787.0]], [[166.0, 717.0], [219.0, 717.0], [219.0, 762.0], [166.0, 762.0]], [[895.0, 704.0], [922.0, 704.0], [922.0, 736.0], [895.0, 736.0]], [[196.0, 603.0], [1360.0, 632.0], [1358.0, 711.0], [194.0, 682.0]], [[677.0, 542.0], [1084.0, 546.0], [1083.0, 613.0], [676.0, 608.0]], [[120.0, 540.0], [543.0, 537.0], [543.0, 606.0], [121.0, 608.0]], [[182.0, 399.0], [576.0, 403.0], [575.0, 476.0], [181.0, 471.0]], [[177.0, 327.0], [555.0, 322.0], [556.0, 388.0], [178.0, 393.0]], [[263.0, 256.0], [512.0, 256.0], [512.0, 309.0], [263.0, 309.0]], [[280.0, 193.0], [548.0, 203.0], [545.0, 272.0], [277.0, 262.0]], [[661.0, 119.0], [975.0, 131.0], [972.0, 204.0], [658.0, 191.0]], [[188.0, 117.0], [497.0, 117.0], [497.0, 183.0], [188.0, 183.0]], [[117.0, 29.0], [725.0, 41.0], [724.0, 105.0], [116.0, 93.0]]]
5337_876x1011_bing_online.png	[[[108.0, 992.0], [125.0, 992.0], [125.0, 1007.0], [108.0, 1007.0]], [[626.0, 972.0], [865.0, 974.0], [864.0, 1004.0], [625.0, 1001.0]], [[144.0, 964.0], [304.0, 964.0], [304.0, 985.0], [144.0, 985.0]], [[144.0, 937.0], [315.0, 937.0], [315.0, 958.0], [144.0, 958.0]], [[532.0, 919.0], [542.0, 919.0], [542.0, 930.0], [532.0, 930.0]], [[142.0, 912.0], [320.0, 911.0], [320.0, 932.0], [142.0, 933.0]], [[734.0, 912.0], [753.0, 912.0], [753.0, 932.0], [734.0, 932.0]], [[818.0, 909.0], [843.0, 909.0], [843.0, 931.0], [818.0, 931.0]], [[776.0, 906.0], [805.0, 906.0], [805.0, 935.0], [776.0, 935.0]], [[718.0, 897.0], [739.0, 897.0], [739.0, 915.0], [718.0, 915.0]], [[664.0, 898.0], [682.0, 898.0], [682.0, 913.0], [664.0, 913.0]], [[143.0, 888.0], [498.0, 886.0], [498.0, 904.0], [143.0, 906.0]], [[706.0, 893.0], [718.0, 882.0], [726.0, 890.0], [715.0, 901.0]], [[675.0, 880.0], [676.0, 901.0], [686.0, 891.0], [676.0, 901.0]], [[823.0, 878.0], [838.0, 878.0], [838.0, 895.0], [823.0, 895.0]], [[522.0, 868.0], [562.0, 865.0], [564.0, 884.0], [523.0, 887.0]], [[562.0, 866.0], [579.0, 866.0], [579.0, 880.0], [562.0, 880.0]], [[624.0, 857.0], [648.0, 871.0], [637.0, 889.0], [613.0, 874.0]], [[111.0, 859.0], [337.0, 862.0], [337.0, 880.0], [110.0, 878.0]], [[509.0, 849.0], [564.0, 849.0], [564.0, 867.0], [509.0, 867.0]], [[673.0, 850.0], [678.0, 850.0], [678.0, 857.0], [673.0, 857.0]], [[710.0, 841.0], [723.0, 841.0], [723.0, 857.0], [710.0, 857.0]], [[718.0, 834.0], [741.0, 834.0], [741.0, 851.0], [718.0, 851.0]], [[655.0, 835.0], [672.0, 835.0], [672.0, 848.0], [655.0, 848.0]], [[112.0, 820.0], [478.0, 820.0], [478.0, 838.0], [112.0, 838.0]], [[531.0, 815.0], [542.0, 815.0], [542.0, 826.0], [531.0, 826.0]], [[593.0, 806.0], [614.0, 806.0], [614.0, 826.0], [593.0, 826.0]], [[405.0, 740.0], [435.0, 740.0], [435.0, 769.0], [405.0, 769.0]], [[216.0, 735.0], [260.0, 740.0], [256.0, 772.0], [213.0, 767.0]], [[682.0, 737.0], [712.0, 737.0], [712.0, 760.0], [682.0, 760.0]], [[482.0, 731.0], [494.0, 731.0], [494.0, 739.0], [482.0, 739.0]], [[312.0, 729.0], [357.0, 729.0], [357.0, 745.0], [312.0, 745.0]], [[144.0, 728.0], [167.0, 728.0], [167.0, 745.0], [144.0, 745.0]], [[355.0, 707.0], [487.0, 703.0], [488.0, 740.0], [356.0, 744.0]], [[592.0, 691.0], [650.0, 688.0], [651.0, 717.0], [594.0, 720.0]], [[677.0, 668.0], [700.0, 668.0], [700.0, 686.0], [677.0, 686.0]], [[733.0, 659.0], [758.0, 669.0], [750.0, 692.0], [724.0, 683.0]], [[779.0, 662.0], [802.0, 662.0], [802.0, 687.0], [779.0, 687.0]], [[600.0, 656.0], [622.0, 656.0], [622.0, 678.0], [600.0, 678.0]], [[716.0, 642.0], [735.0, 642.0], [735.0, 665.0], [716.0, 665.0]], [[405.0, 635.0], [436.0, 635.0], [436.0, 666.0], [405.0, 666.0]], [[209.0, 632.0], [251.0, 635.0], [249.0, 666.0], [207.0, 663.0]], [[605.0, 636.0], [620.0, 636.0], [620.0, 652.0], [605.0, 652.0]], [[784.0, 633.0], [798.0, 633.0], [798.0, 648.0], [784.0, 648.0]], [[490.0, 625.0], [505.0, 625.0], [505.0, 638.0], [490.0, 638.0]], [[323.0, 623.0], [350.0, 623.0], [350.0, 641.0], [323.0, 641.0]], [[143.0, 623.0], [167.0, 623.0], [167.0, 640.0], [143.0, 640.0]], [[363.0, 614.0], [377.0, 614.0], [377.0, 631.0], [363.0, 631.0]], [[700.0, 613.0], [709.0, 613.0], [709.0, 625.0], [700.0, 625.0]], [[165.0, 606.0], [293.0, 601.0], [294.0, 634.0], [166.0, 639.0]], [[696.0, 594.0], [747.0, 591.0], [749.0, 621.0], [697.0, 624.0]], [[682.0, 574.0], [703.0, 574.0], [703.0, 593.0], [682.0, 593.0]], [[111.0, 549.0], [379.0, 549.0], [379.0, 570.0], [111.0, 570.0]], [[676.0, 522.0], [736.0, 532.0], [732.0, 556.0], [672.0, 546.0]], [[106.0, 521.0], [560.0, 522.0], [560.0, 543.0], [106.0, 542.0]], [[104.0, 493.0], [126.0, 493.0], [126.0, 518.0], [104.0, 518.0]], [[632.0, 478.0], [660.0, 478.0], [660.0, 500.0], [632.0, 500.0]], [[144.0, 454.0], [295.0, 454.0], [295.0, 479.0], [144.0, 479.0]], [[296.0, 451.0], [374.0, 451.0], [374.0, 477.0], [296.0, 477.0]], [[657.0, 436.0], [685.0, 429.0], [691.0, 453.0], [662.0, 459.0]], [[622.0, 409.0], [724.0, 409.0], [724.0, 431.0], [622.0, 431.0]], [[143.0, 402.0], [302.0, 400.0], [302.0, 425.0], [143.0, 428.0]], [[304.0, 399.0], [383.0, 399.0], [383.0, 428.0], [304.0, 428.0]], [[523.0, 362.0], [551.0, 362.0], [551.0, 393.0], [523.0, 393.0]], [[535.0, 349.0], [548.0, 357.0], [540.0, 370.0], [527.0, 363.0]], [[142.0, 351.0], [306.0, 347.0], [307.0, 373.0], [143.0, 376.0]], [[294.0, 348.0], [382.0, 348.0], [382.0, 374.0], [294.0, 374.0]], [[512.0, 337.0], [519.0, 337.0], [519.0, 344.0], [512.0, 344.0]], [[671.0, 327.0], [688.0, 337.0], [674.0, 361.0], [658.0, 351.0]], [[765.0, 320.0], [803.0, 320.0], [803.0, 335.0], [765.0, 335.0]], [[613.0, 301.0], [734.0, 301.0], [734.0, 323.0], [613.0, 323.0]], [[142.0, 297.0], [383.0, 293.0], [383.0, 321.0], [142.0, 326.0]], [[757.0, 289.0], [792.0, 289.0], [792.0, 321.0], [757.0, 321.0]], [[571.0, 288.0], [602.0, 288.0], [602.0, 322.0], [571.0, 322.0]], [[478.0, 285.0], [536.0, 285.0], [536.0, 317.0], [478.0, 317.0]], [[110.0, 261.0], [377.0, 262.0], [377.0, 283.0], [109.0, 282.0]], [[107.0, 236.0], [782.0, 235.0], [782.0, 256.0], [107.0, 257.0]], [[108.0, 213.0], [124.0, 213.0], [124.0, 227.0], [108.0, 227.0]], [[144.0, 185.0], [562.0, 185.0], [562.0, 203.0], [144.0, 203.0]], [[142.0, 158.0], [535.0, 157.0], [535.0, 178.0], [142.0, 179.0]], [[110.0, 133.0], [250.0, 133.0], [250.0, 154.0], [110.0, 154.0]], [[110.0, 107.0], [794.0, 107.0], [794.0, 125.0], [110.0, 125.0]], [[107.0, 82.0], [124.0, 82.0], [124.0, 97.0], [107.0, 97.0]], [[365.0, 55.0], [579.0, 55.0], [579.0, 73.0], [365.0, 73.0]], [[143.0, 55.0], [298.0, 54.0], [298.0, 73.0], [143.0, 74.0]], [[371.0, 30.0], [560.0, 28.0], [560.0, 46.0], [371.0, 47.0]], [[144.0, 29.0], [302.0, 29.0], [302.0, 47.0], [144.0, 47.0]], [[110.0, 3.0], [791.0, 3.0], [791.0, 21.0], [110.0, 21.0]]]
5431_1440x1920_bing_online.jpg	[[[141.0, 1718.0], [1253.0, 1710.0], [1254.0, 1786.0], [142.0, 1794.0]], [[432.0, 1642.0], [509.0, 1642.0], [509.0, 1716.0], [432.0, 1716.0]], [[659.0, 1618.0], [1088.0, 1624.0], [1088.0, 1686.0], [658.0, 1680.0]], [[137.0, 1598.0], [516.0, 1552.0], [530.0, 1664.0], [151.0, 1710.0]], [[487.0, 1568.0], [583.0, 1568.0], [583.0, 1660.0], [487.0, 1660.0]], [[209.0, 1502.0], [646.0, 1502.0], [646.0, 1558.0], [209.0, 1558.0]], [[149.0, 1430.0], [1053.0, 1426.0], [1054.0, 1494.0], [150.0, 1498.0]], [[417.0, 1344.0], [509.0, 1344.0], [509.0, 1422.0], [417.0, 1422.0]], [[177.0, 1302.0], [537.0, 1293.0], [539.0, 1364.0], [179.0, 1373.0]], [[438.0, 1292.0], [460.0, 1292.0], [460.0, 1310.0], [438.0, 1310.0]], [[452.0, 1284.0], [552.0, 1284.0], [552.0, 1322.0], [452.0, 1322.0]], [[184.0, 1232.0], [568.0, 1226.0], [569.0, 1288.0], [185.0, 1294.0]], [[183.0, 1162.0], [753.0, 1174.0], [752.0, 1230.0], [182.0, 1218.0]], [[426.0, 1102.0], [806.0, 1110.0], [805.0, 1166.0], [425.0, 1158.0]], [[369.0, 998.0], [921.0, 1006.0], [920.0, 1060.0], [368.0, 1052.0]], [[783.0, 922.0], [1198.0, 916.0], [1199.0, 980.0], [784.0, 986.0]], [[216.0, 910.0], [812.0, 920.0], [811.0, 988.0], [214.0, 978.0]], [[218.0, 832.0], [733.0, 844.0], [731.0, 906.0], [216.0, 894.0]], [[158.0, 752.0], [1007.0, 768.0], [1005.0, 836.0], [157.0, 820.0]], [[505.0, 728.0], [560.0, 728.0], [560.0, 760.0], [505.0, 760.0]], [[204.0, 686.0], [486.0, 682.0], [487.0, 746.0], [205.0, 750.0]], [[194.0, 598.0], [1074.0, 594.0], [1074.0, 690.0], [195.0, 694.0]], [[1137.0, 560.0], [1248.0, 560.0], [1248.0, 622.0], [1137.0, 622.0]], [[197.0, 528.0], [1029.0, 536.0], [1028.0, 606.0], [196.0, 598.0]], [[1149.0, 515.0], [1287.0, 509.0], [1289.0, 559.0], [1151.0, 565.0]], [[1143.0, 471.0], [1279.0, 465.0], [1281.0, 517.0], [1145.0, 523.0]], [[169.0, 448.0], [1019.0, 464.0], [1018.0, 526.0], [167.0, 510.0]], [[152.0, 366.0], [1193.0, 382.0], [1192.0, 456.0], [151.0, 440.0]], [[216.0, 296.0], [698.0, 304.0], [696.0, 380.0], [214.0, 372.0]], [[151.0, 150.0], [1176.0, 150.0], [1176.0, 218.0], [151.0, 218.0]], [[200.0, 82.0], [863.0, 82.0], [863.0, 144.0], [200.0, 144.0]]]
5508_1024x1448_bing_online.jpg	[[[6.0, 1409.0], [175.0, 1406.0], [175.0, 1439.0], [7.0, 1442.0]], [[670.0, 1373.0], [883.0, 1384.0], [881.0, 1426.0], [668.0, 1416.0]], [[171.0, 1380.0], [425.0, 1380.0], [425.0, 1416.0], [171.0, 1416.0]], [[119.0, 1323.0], [974.0, 1323.0], [974.0, 1385.0], [119.0, 1385.0]], [[439.0, 1273.0], [761.0, 1276.0], [760.0, 1318.0], [439.0, 1315.0]], [[110.0, 1220.0], [899.0, 1228.0], [899.0, 1285.0], [110.0, 1277.0]], [[143.0, 1175.0], [626.0, 1172.0], [626.0, 1208.0], [143.0, 1211.0]], [[829.0, 1164.0], [969.0, 1164.0], [969.0, 1213.0], [829.0, 1213.0]], [[128.0, 1119.0], [954.0, 1119.0], [954.0, 1175.0], [128.0, 1175.0]], [[542.0, 1078.0], [713.0, 1082.0], [713.0, 1124.0], [541.0, 1120.0]], [[128.0, 1056.0], [503.0, 1056.0], [503.0, 1107.0], [128.0, 1107.0]], [[306.0, 1025.0], [417.0, 1021.0], [418.0, 1058.0], [307.0, 1062.0]], [[72.0, 1015.0], [166.0, 1015.0], [166.0, 1060.0], [72.0, 1060.0]], [[146.0, 943.0], [905.0, 943.0], [905.0, 1003.0], [146.0, 1003.0]], [[709.0, 879.0], [887.0, 879.0], [887.0, 940.0], [709.0, 940.0]], [[145.0, 876.0], [732.0, 881.0], [731.0, 937.0], [145.0, 932.0]], [[96.0, 887.0], [120.0, 887.0], [120.0, 919.0], [96.0, 919.0]], [[312.0, 795.0], [528.0, 792.0], [529.0, 828.0], [313.0, 831.0]], [[676.0, 775.0], [924.0, 780.0], [923.0, 831.0], [675.0, 826.0]], [[178.0, 759.0], [274.0, 759.0], [274.0, 802.0], [178.0, 802.0]], [[306.0, 760.0], [572.0, 755.0], [573.0, 792.0], [307.0, 797.0]], [[465.0, 736.0], [485.0, 736.0], [485.0, 757.0], [465.0, 757.0]], [[591.0, 719.0], [887.0, 719.0], [887.0, 760.0], [591.0, 760.0]], [[305.0, 688.0], [427.0, 688.0], [427.0, 732.0], [305.0, 732.0]], [[413.0, 686.0], [558.0, 686.0], [558.0, 730.0], [413.0, 730.0]], [[422.0, 653.0], [558.0, 653.0], [558.0, 691.0], [422.0, 691.0]], [[303.0, 652.0], [410.0, 652.0], [410.0, 695.0], [303.0, 695.0]], [[588.0, 649.0], [887.0, 649.0], [887.0, 691.0], [588.0, 691.0]], [[301.0, 623.0], [395.0, 619.0], [397.0, 659.0], [303.0, 663.0]], [[422.0, 620.0], [546.0, 620.0], [546.0, 658.0], [422.0, 658.0]], [[698.0, 582.0], [891.0, 582.0], [891.0, 624.0], [698.0, 624.0]], [[174.0, 576.0], [288.0, 576.0], [288.0, 627.0], [174.0, 627.0]], [[422.0, 575.0], [565.0, 575.0], [565.0, 624.0], [422.0, 624.0]], [[584.0, 570.0], [695.0, 570.0], [695.0, 626.0], [584.0, 626.0]], [[300.0, 569.0], [402.0, 569.0], [402.0, 627.0], [300.0, 627.0]], [[843.0, 476.0], [973.0, 485.0], [970.0, 521.0], [840.0, 512.0]], [[184.0, 474.0], [462.0, 467.0], [464.0, 526.0], [185.0, 533.0]], [[446.0, 472.0], [846.0, 472.0], [846.0, 519.0], [446.0, 519.0]], [[901.0, 440.0], [962.0, 440.0], [962.0, 469.0], [901.0, 469.0]], [[504.0, 430.0], [795.0, 430.0], [795.0, 471.0], [504.0, 471.0]], [[156.0, 421.0], [258.0, 409.0], [264.0, 456.0], [161.0, 468.0]], [[134.0, 392.0], [200.0, 392.0], [200.0, 436.0], [134.0, 436.0]], [[460.0, 371.0], [962.0, 374.0], [961.0, 421.0], [460.0, 418.0]], [[278.0, 367.0], [418.0, 363.0], [420.0, 417.0], [280.0, 421.0]], [[458.0, 296.0], [658.0, 292.0], [659.0, 347.0], [459.0, 350.0]], [[181.0, 297.0], [283.0, 297.0], [283.0, 350.0], [181.0, 350.0]], [[288.0, 295.0], [399.0, 289.0], [402.0, 348.0], [292.0, 354.0]], [[706.0, 273.0], [939.0, 273.0], [939.0, 314.0], [706.0, 314.0]], [[706.0, 232.0], [930.0, 232.0], [930.0, 273.0], [706.0, 273.0]], [[73.0, 229.0], [194.0, 229.0], [194.0, 285.0], [73.0, 285.0]], [[171.0, 225.0], [622.0, 225.0], [622.0, 282.0], [171.0, 282.0]], [[152.0, 177.0], [319.0, 172.0], [320.0, 214.0], [153.0, 219.0]], [[84.0, 113.0], [201.0, 113.0], [201.0, 139.0], [84.0, 139.0]], [[214.0, 70.0], [947.0, 85.0], [945.0, 150.0], [213.0, 135.0]], [[87.0, 65.0], [163.0, 42.0], [175.0, 83.0], [100.0, 106.0]], [[743.0, 44.0], [861.0, 39.0], [863.0, 78.0], [745.0, 83.0]], [[905.0, 33.0], [952.0, 33.0], [952.0, 63.0], [905.0, 63.0]], [[237.0, 23.0], [630.0, 16.0], [631.0, 68.0], [238.0, 74.0]], [[714.0, 10.0], [818.0, 4.0], [821.0, 48.0], [716.0, 53.0]]]
5600_1668x2157_bing_online.jpg	[[[922.0, 1997.0], [1029.0, 1997.0], [1029.0, 2103.0], [922.0, 2103.0]], [[614.0, 1982.0], [721.0, 1982.0], [721.0, 2090.0], [614.0, 2090.0]], [[422.0, 1968.0], [533.0, 1968.0], [533.0, 2087.0], [422.0, 2087.0]], [[426.0, 1919.0], [544.0, 1919.0], [544.0, 1979.0], [426.0, 1979.0]], [[939.0, 1909.0], [1044.0, 1918.0], [1039.0, 1970.0], [935.0, 1960.0]], [[627.0, 1911.0], [740.0, 1917.0], [737.0, 1967.0], [625.0, 1961.0]], [[803.0, 1884.0], [855.0, 1877.0], [860.0, 1913.0], [808.0, 1920.0]], [[589.0, 1856.0], [743.0, 1856.0], [743.0, 1921.0], [589.0, 1921.0]], [[405.0, 1859.0], [551.0, 1853.0], [554.0, 1920.0], [408.0, 1926.0]], [[901.0, 1859.0], [1065.0, 1850.0], [1068.0, 1916.0], [904.0, 1924.0]], [[418.0, 1757.0], [1059.0, 1764.0], [1058.0, 1849.0], [417.0, 1842.0]], [[586.0, 1699.0], [646.0, 1669.0], [681.0, 1739.0], [621.0, 1768.0]], [[759.0, 1616.0], [904.0, 1616.0], [904.0, 1674.0], [759.0, 1674.0]], [[898.0, 1605.0], [1010.0, 1612.0], [1005.0, 1682.0], [894.0, 1675.0]], [[252.0, 1600.0], [687.0, 1600.0], [687.0, 1685.0], [252.0, 1685.0]], [[186.0, 1503.0], [678.0, 1503.0], [678.0, 1589.0], [186.0, 1589.0]], [[222.0, 1407.0], [437.0, 1407.0], [437.0, 1514.0], [222.0, 1514.0]], [[479.0, 1325.0], [859.0, 1330.0], [858.0, 1416.0], [478.0, 1411.0]], [[308.0, 1240.0], [1568.0, 1240.0], [1568.0, 1323.0], [308.0, 1323.0]], [[57.0, 1130.0], [204.0, 1153.0], [181.0, 1297.0], [33.0, 1273.0]], [[632.0, 1144.0], [890.0, 1121.0], [900.0, 1229.0], [642.0, 1252.0]], [[295.0, 1160.0], [736.0, 1121.0], [745.0, 1224.0], [304.0, 1263.0]], [[997.0, 1061.0], [1385.0, 1061.0], [1385.0, 1148.0], [997.0, 1148.0]], [[72.0, 1052.0], [759.0, 1045.0], [759.0, 1130.0], [73.0, 1137.0]], [[310.0, 916.0], [490.0, 922.0], [487.0, 1007.0], [307.0, 1001.0]], [[145.0, 849.0], [458.0, 812.0], [473.0, 935.0], [160.0, 972.0]], [[641.0, 771.0], [866.0, 771.0], [866.0, 872.0], [641.0, 872.0]], [[610.0, 791.0], [639.0, 791.0], [639.0, 825.0], [610.0, 825.0]], [[139.0, 672.0], [464.0, 696.0], [457.0, 793.0], [132.0, 769.0]], [[406.0, 708.0], [417.0, 708.0], [417.0, 719.0], [406.0, 719.0]], [[158.0, 596.0], [603.0, 583.0], [606.0, 678.0], [161.0, 691.0]], [[566.0, 589.0], [1079.0, 577.0], [1082.0, 673.0], [568.0, 686.0]], [[90.0, 508.0], [570.0, 498.0], [572.0, 581.0], [92.0, 591.0]], [[109.0, 413.0], [392.0, 413.0], [392.0, 501.0], [109.0, 501.0]], [[102.0, 328.0], [365.0, 328.0], [365.0, 407.0], [102.0, 407.0]], [[60.0, 237.0], [345.0, 226.0], [348.0, 307.0], [63.0, 318.0]], [[83.0, 140.0], [752.0, 130.0], [753.0, 206.0], [85.0, 216.0]]]
5694_1646x2198_bing_online.jpg	[[[1050.0, 2095.0], [1606.0, 2088.0], [1607.0, 2152.0], [1050.0, 2159.0]], [[1099.0, 2079.0], [1129.0, 2079.0], [1129.0, 2097.0], [1099.0, 2097.0]], [[1190.0, 2072.0], [1220.0, 2072.0], [1220.0, 2102.0], [1190.0, 2102.0]], [[983.0, 2055.0], [1030.0, 2076.0], [1018.0, 2101.0], [971.0, 2080.0]], [[816.0, 2067.0], [832.0, 2067.0], [832.0, 2079.0], [816.0, 2079.0]], [[1270.0, 2045.0], [1314.0, 2045.0], [1314.0, 2074.0], [1270.0, 2074.0]], [[984.0, 1906.0], [1033.0, 1934.0], [1014.0, 1967.0], [965.0, 1939.0]], [[1106.0, 1914.0], [1143.0, 1914.0], [1143.0, 1944.0], [1106.0, 1944.0]], [[1202.0, 1852.0], [1305.0, 1852.0], [1305.0, 1893.0], [1202.0, 1893.0]], [[226.0, 1829.0], [693.0, 1844.0], [691.0, 1899.0], [224.0, 1884.0]], [[231.0, 1781.0], [1443.0, 1781.0], [1443.0, 1820.0], [231.0, 1820.0]], [[236.0, 1722.0], [608.0, 1719.0], [608.0, 1761.0], [236.0, 1763.0]], [[1068.0, 1699.0], [1101.0, 1699.0], [1101.0, 1731.0], [1068.0, 1731.0]], [[255.0, 1697.0], [295.0, 1697.0], [295.0, 1724.0], [255.0, 1724.0]], [[231.0, 1660.0], [683.0, 1660.0], [683.0, 1706.0], [231.0, 1706.0]], [[1108.0, 1612.0], [1129.0, 1612.0], [1129.0, 1635.0], [1108.0, 1635.0]], [[229.0, 1593.0], [751.0, 1596.0], [750.0, 1635.0], [229.0, 1632.0]], [[902.0, 1596.0], [940.0, 1596.0], [940.0, 1642.0], [902.0, 1642.0]], [[1232.0, 1581.0], [1309.0, 1590.0], [1302.0, 1639.0], [1225.0, 1629.0]], [[910.0, 1552.0], [928.0, 1552.0], [928.0, 1575.0], [910.0, 1575.0]], [[229.0, 1539.0], [863.0, 1539.0], [863.0, 1584.0], [229.0, 1584.0]], [[1351.0, 1539.0], [1459.0, 1539.0], [1459.0, 1580.0], [1351.0, 1580.0]], [[1001.0, 1520.0], [1033.0, 1520.0], [1033.0, 1552.0], [1001.0, 1552.0]], [[902.0, 1500.0], [931.0, 1500.0], [931.0, 1543.0], [902.0, 1543.0]], [[1071.0, 1497.0], [1104.0, 1497.0], [1104.0, 1529.0], [1071.0, 1529.0]], [[234.0, 1491.0], [860.0, 1491.0], [860.0, 1520.0], [234.0, 1520.0]], [[1351.0, 1484.0], [1452.0, 1484.0], [1452.0, 1525.0], [1351.0, 1525.0]], [[229.0, 1417.0], [860.0, 1413.0], [861.0, 1458.0], [229.0, 1463.0]], [[407.0, 1381.0], [444.0, 1381.0], [444.0, 1399.0], [407.0, 1399.0]], [[802.0, 1241.0], [832.0, 1241.0], [832.0, 1273.0], [802.0, 1273.0]], [[1260.0, 1143.0], [1295.0, 1143.0], [1295.0, 1172.0], [1260.0, 1172.0]], [[853.0, 1129.0], [865.0, 1129.0], [865.0, 1140.0], [853.0, 1140.0]], [[288.0, 1120.0], [383.0, 1120.0], [383.0, 1163.0], [288.0, 1163.0]], [[376.0, 1117.0], [711.0, 1117.0], [711.0, 1156.0], [376.0, 1156.0]], [[231.0, 1051.0], [489.0, 1051.0], [489.0, 1097.0], [231.0, 1097.0]], [[811.0, 1039.0], [835.0, 1039.0], [835.0, 1062.0], [811.0, 1062.0]], [[893.0, 1017.0], [949.0, 1017.0], [949.0, 1051.0], [893.0, 1051.0]], [[231.0, 1001.0], [753.0, 1001.0], [753.0, 1039.0], [231.0, 1039.0]], [[227.0, 868.0], [851.0, 872.0], [851.0, 925.0], [227.0, 920.0]], [[231.0, 811.0], [526.0, 811.0], [526.0, 849.0], [231.0, 849.0]], [[236.0, 753.0], [748.0, 753.0], [748.0, 785.0], [236.0, 785.0]], [[234.0, 691.0], [1450.0, 691.0], [1450.0, 721.0], [234.0, 721.0]], [[234.0, 627.0], [1443.0, 627.0], [1443.0, 659.0], [234.0, 659.0]], [[231.0, 561.0], [1015.0, 561.0], [1015.0, 600.0], [231.0, 600.0]], [[229.0, 499.0], [1445.0, 499.0], [1445.0, 538.0], [229.0, 538.0]], [[229.0, 437.0], [428.0, 437.0], [428.0, 476.0], [229.0, 476.0]], [[234.0, 378.0], [1450.0, 378.0], [1450.0, 410.0], [234.0, 410.0]], [[234.0, 316.0], [1450.0, 316.0], [1450.0, 348.0], [234.0, 348.0]], [[231.0, 252.0], [863.0, 252.0], [863.0, 284.0], [231.0, 284.0]], [[229.0, 190.0], [748.0, 190.0], [748.0, 222.0], [229.0, 222.0]], [[231.0, 124.0], [1461.0, 124.0], [1461.0, 163.0], [231.0, 163.0]]]
569_600x846_bing_online.jpg	[[[469.0, 807.0], [589.0, 807.0], [589.0, 836.0], [469.0, 836.0]], [[43.0, 712.0], [71.0, 712.0], [71.0, 738.0], [43.0, 738.0]], [[250.0, 672.0], [445.0, 667.0], [446.0, 698.0], [251.0, 704.0]], [[92.0, 629.0], [552.0, 622.0], [553.0, 664.0], [92.0, 670.0]], [[147.0, 590.0], [226.0, 585.0], [228.0, 615.0], [149.0, 620.0]], [[48.0, 547.0], [299.0, 547.0], [299.0, 570.0], [48.0, 570.0]], [[129.0, 506.0], [356.0, 504.0], [356.0, 535.0], [129.0, 537.0]], [[91.0, 485.0], [123.0, 485.0], [123.0, 516.0], [91.0, 516.0]], [[121.0, 474.0], [413.0, 461.0], [415.0, 496.0], [122.0, 509.0]], [[105.0, 425.0], [349.0, 421.0], [350.0, 455.0], [106.0, 460.0]], [[201.0, 377.0], [444.0, 367.0], [445.0, 399.0], [202.0, 409.0]], [[254.0, 361.0], [269.0, 361.0], [269.0, 373.0], [254.0, 373.0]], [[230.0, 332.0], [305.0, 320.0], [311.0, 357.0], [236.0, 370.0]], [[424.0, 332.0], [497.0, 321.0], [502.0, 356.0], [429.0, 366.0]], [[93.0, 321.0], [166.0, 310.0], [171.0, 344.0], [98.0, 355.0]], [[440.0, 309.0], [457.0, 309.0], [457.0, 328.0], [440.0, 328.0]], [[357.0, 284.0], [517.0, 282.0], [517.0, 311.0], [358.0, 313.0]], [[411.0, 258.0], [424.0, 258.0], [424.0, 274.0], [411.0, 274.0]], [[117.0, 229.0], [531.0, 220.0], [531.0, 251.0], [118.0, 259.0]], [[46.0, 186.0], [293.0, 183.0], [293.0, 214.0], [47.0, 218.0]], [[313.0, 140.0], [466.0, 138.0], [466.0, 163.0], [313.0, 165.0]], [[75.0, 113.0], [553.0, 108.0], [554.0, 141.0], [75.0, 147.0]], [[49.0, 61.0], [499.0, 62.0], [499.0, 90.0], [49.0, 88.0]], [[47.0, 41.0], [119.0, 41.0], [119.0, 62.0], [47.0, 62.0]], [[36.0, 2.0], [286.0, 14.0], [284.0, 42.0], [35.0, 30.0]]]
5701_1536x2048_bing_online.jpg	[[[102.0, 1982.0], [183.0, 2003.0], [166.0, 2047.0], [85.0, 2044.0]], [[148.0, 1992.0], [243.0, 1949.0], [273.0, 2012.0], [178.0, 2047.0]], [[1158.0, 1952.0], [1498.0, 1947.0], [1499.0, 2007.0], [1159.0, 2012.0]], [[29.0, 1917.0], [156.0, 1908.0], [161.0, 1974.0], [34.0, 1983.0]], [[473.0, 1901.0], [1436.0, 1901.0], [1436.0, 1965.0], [473.0, 1965.0]], [[168.0, 1899.0], [248.0, 1883.0], [259.0, 1936.0], [179.0, 1953.0]], [[250.0, 1848.0], [355.0, 1842.0], [359.0, 1902.0], [254.0, 1908.0]], [[94.0, 1835.0], [159.0, 1835.0], [159.0, 1892.0], [94.0, 1892.0]], [[419.0, 1815.0], [823.0, 1820.0], [822.0, 1886.0], [419.0, 1881.0]], [[199.0, 1815.0], [251.0, 1815.0], [251.0, 1860.0], [199.0, 1860.0]], [[412.0, 1722.0], [997.0, 1719.0], [997.0, 1786.0], [413.0, 1788.0]], [[84.0, 1699.0], [266.0, 1730.0], [252.0, 1809.0], [70.0, 1778.0]], [[1132.0, 1673.0], [1239.0, 1673.0], [1239.0, 1766.0], [1132.0, 1766.0]], [[201.0, 1664.0], [275.0, 1664.0], [275.0, 1717.0], [201.0, 1717.0]], [[1137.0, 1659.0], [1173.0, 1654.0], [1180.0, 1699.0], [1145.0, 1704.0]], [[988.0, 1569.0], [1384.0, 1582.0], [1381.0, 1663.0], [985.0, 1650.0]], [[1087.0, 1536.0], [1132.0, 1536.0], [1132.0, 1577.0], [1087.0, 1577.0]], [[512.0, 1522.0], [663.0, 1516.0], [667.0, 1605.0], [516.0, 1612.0]], [[548.0, 1463.0], [617.0, 1463.0], [617.0, 1532.0], [548.0, 1532.0]], [[1045.0, 1455.0], [1139.0, 1455.0], [1139.0, 1545.0], [1045.0, 1545.0]], [[155.0, 1384.0], [1444.0, 1387.0], [1444.0, 1459.0], [155.0, 1457.0]], [[218.0, 1291.0], [765.0, 1284.0], [766.0, 1350.0], [219.0, 1357.0]], [[1217.0, 1220.0], [1239.0, 1220.0], [1239.0, 1237.0], [1217.0, 1237.0]], [[308.0, 1182.0], [707.0, 1182.0], [707.0, 1248.0], [308.0, 1248.0]], [[1186.0, 1082.0], [1317.0, 1088.0], [1310.0, 1239.0], [1179.0, 1233.0]], [[1124.0, 1099.0], [1148.0, 1099.0], [1148.0, 1120.0], [1124.0, 1120.0]], [[210.0, 1075.0], [834.0, 1082.0], [833.0, 1150.0], [209.0, 1143.0]], [[749.0, 985.0], [993.0, 990.0], [992.0, 1050.0], [748.0, 1045.0]], [[105.0, 983.0], [738.0, 990.0], [737.0, 1048.0], [105.0, 1041.0]], [[1160.0, 976.0], [1302.0, 970.0], [1306.0, 1055.0], [1163.0, 1061.0]], [[1198.0, 896.0], [1361.0, 896.0], [1361.0, 977.0], [1198.0, 977.0]], [[87.0, 698.0], [148.0, 698.0], [148.0, 762.0], [87.0, 762.0]], [[469.0, 634.0], [1276.0, 623.0], [1277.0, 695.0], [470.0, 706.0]], [[83.0, 574.0], [192.0, 574.0], [192.0, 636.0], [83.0, 636.0]], [[340.0, 559.0], [419.0, 579.0], [399.0, 652.0], [320.0, 632.0]], [[522.0, 546.0], [1444.0, 550.0], [1444.0, 617.0], [521.0, 612.0]], [[359.0, 504.0], [486.0, 513.0], [481.0, 580.0], [354.0, 571.0]], [[194.0, 480.0], [227.0, 480.0], [227.0, 553.0], [194.0, 553.0]], [[515.0, 452.0], [1429.0, 452.0], [1429.0, 510.0], [515.0, 510.0]], [[519.0, 356.0], [1420.0, 354.0], [1420.0, 420.0], [519.0, 422.0]], [[89.0, 305.0], [733.0, 301.0], [733.0, 360.0], [90.0, 365.0]], [[977.0, 228.0], [997.0, 228.0], [997.0, 256.0], [977.0, 256.0]], [[871.0, 211.0], [925.0, 211.0], [925.0, 247.0], [871.0, 247.0]], [[661.0, 207.0], [716.0, 207.0], [716.0, 252.0], [661.0, 252.0]], [[33.0, 207.0], [87.0, 207.0], [87.0, 252.0], [33.0, 252.0]], [[437.0, 226.0], [485.0, 193.0], [523.0, 246.0], [476.0, 279.0]], [[236.0, 241.0], [281.0, 196.0], [308.0, 222.0], [262.0, 267.0]], [[344.0, 240.0], [392.0, 195.0], [411.0, 215.0], [363.0, 259.0]], [[127.0, 194.0], [142.0, 194.0], [142.0, 218.0], [127.0, 218.0]], [[716.0, 139.0], [818.0, 139.0], [818.0, 169.0], [716.0, 169.0]], [[525.0, 155.0], [540.0, 140.0], [555.0, 155.0], [540.0, 170.0]], [[196.0, 134.0], [312.0, 134.0], [312.0, 171.0], [196.0, 171.0]], [[11.0, 139.0], [39.0, 139.0], [39.0, 166.0], [11.0, 166.0]], [[1235.0, 130.0], [1322.0, 130.0], [1322.0, 171.0], [1235.0, 171.0]], [[373.0, 55.0], [375.0, 96.0], [395.0, 77.0], [353.0, 75.0]], [[711.0, 53.0], [847.0, 53.0], [847.0, 98.0], [711.0, 98.0]], [[96.0, 53.0], [155.0, 53.0], [155.0, 100.0], [96.0, 100.0]], [[1399.0, 0.0], [1488.0, 0.0], [1488.0, 32.0], [1399.0, 32.0]], [[15.0, 0.0], [253.0, 0.0], [253.0, 28.0], [15.0, 28.0]]]
5703_640x879_bing_online.jpg	[[[269.0, 831.0], [505.0, 814.0], [507.0, 841.0], [271.0, 857.0]], [[270.0, 802.0], [414.0, 791.0], [416.0, 815.0], [272.0, 827.0]], [[31.0, 778.0], [83.0, 778.0], [83.0, 809.0], [31.0, 809.0]], [[171.0, 777.0], [444.0, 760.0], [445.0, 784.0], [172.0, 801.0]], [[466.0, 757.0], [567.0, 751.0], [568.0, 776.0], [467.0, 782.0]], [[30.0, 748.0], [78.0, 748.0], [78.0, 779.0], [30.0, 779.0]], [[171.0, 744.0], [394.0, 731.0], [395.0, 755.0], [172.0, 769.0]], [[30.0, 714.0], [82.0, 714.0], [82.0, 747.0], [30.0, 747.0]], [[167.0, 711.0], [595.0, 688.0], [596.0, 716.0], [168.0, 738.0]], [[30.0, 685.0], [83.0, 685.0], [83.0, 715.0], [30.0, 715.0]], [[172.0, 680.0], [455.0, 665.0], [456.0, 690.0], [173.0, 705.0]], [[498.0, 662.0], [614.0, 658.0], [615.0, 683.0], [499.0, 687.0]], [[371.0, 661.0], [408.0, 661.0], [408.0, 676.0], [371.0, 676.0]], [[464.0, 658.0], [498.0, 658.0], [498.0, 678.0], [464.0, 678.0]], [[31.0, 653.0], [104.0, 653.0], [104.0, 683.0], [31.0, 683.0]], [[173.0, 651.0], [465.0, 633.0], [466.0, 658.0], [174.0, 675.0]], [[495.0, 631.0], [612.0, 627.0], [612.0, 652.0], [495.0, 655.0]], [[27.0, 621.0], [86.0, 617.0], [89.0, 648.0], [30.0, 652.0]], [[177.0, 618.0], [283.0, 612.0], [284.0, 636.0], [178.0, 642.0]], [[30.0, 588.0], [82.0, 588.0], [82.0, 619.0], [30.0, 619.0]], [[175.0, 588.0], [325.0, 582.0], [326.0, 603.0], [176.0, 610.0]], [[32.0, 560.0], [115.0, 560.0], [115.0, 585.0], [32.0, 585.0]], [[175.0, 558.0], [334.0, 550.0], [335.0, 571.0], [176.0, 579.0]], [[66.0, 527.0], [112.0, 525.0], [113.0, 553.0], [67.0, 556.0]], [[210.0, 521.0], [294.0, 519.0], [295.0, 547.0], [211.0, 550.0]], [[202.0, 493.0], [401.0, 486.0], [402.0, 510.0], [203.0, 517.0]], [[157.0, 464.0], [414.0, 457.0], [414.0, 478.0], [157.0, 485.0]], [[155.0, 436.0], [303.0, 431.0], [303.0, 452.0], [155.0, 456.0]], [[353.0, 428.0], [547.0, 425.0], [547.0, 446.0], [353.0, 449.0]], [[34.0, 406.0], [306.0, 395.0], [307.0, 421.0], [35.0, 432.0]], [[358.0, 399.0], [561.0, 395.0], [561.0, 415.0], [358.0, 419.0]], [[33.0, 372.0], [170.0, 368.0], [170.0, 393.0], [33.0, 396.0]], [[221.0, 368.0], [410.0, 369.0], [410.0, 391.0], [221.0, 390.0]], [[442.0, 366.0], [629.0, 362.0], [629.0, 385.0], [442.0, 390.0]], [[258.0, 340.0], [390.0, 340.0], [390.0, 360.0], [258.0, 360.0]], [[182.0, 309.0], [493.0, 309.0], [493.0, 333.0], [182.0, 333.0]], [[188.0, 280.0], [475.0, 278.0], [475.0, 299.0], [188.0, 301.0]], [[186.0, 250.0], [370.0, 250.0], [370.0, 271.0], [186.0, 271.0]], [[181.0, 219.0], [401.0, 222.0], [401.0, 242.0], [181.0, 239.0]], [[88.0, 183.0], [356.0, 186.0], [356.0, 214.0], [88.0, 210.0]], [[177.0, 154.0], [492.0, 155.0], [492.0, 182.0], [177.0, 181.0]], [[306.0, 134.0], [331.0, 134.0], [331.0, 143.0], [306.0, 143.0]], [[328.0, 124.0], [489.0, 132.0], [488.0, 159.0], [327.0, 151.0]], [[181.0, 122.0], [305.0, 124.0], [305.0, 150.0], [181.0, 147.0]], [[361.0, 123.0], [390.0, 123.0], [390.0, 134.0], [361.0, 134.0]], [[180.0, 91.0], [418.0, 100.0], [417.0, 123.0], [179.0, 115.0]], [[96.0, 84.0], [180.0, 81.0], [180.0, 103.0], [96.0, 105.0]], [[93.0, 59.0], [499.0, 71.0], [499.0, 96.0], [93.0, 83.0]], [[179.0, 29.0], [426.0, 42.0], [425.0, 67.0], [178.0, 54.0]], [[32.0, 5.0], [86.0, 0.0], [88.0, 27.0], [34.0, 31.0]], [[90.0, 0.0], [594.0, 13.0], [593.0, 41.0], [89.0, 26.0]]]
5742_2480x3508_bing_online.jpg	[[[1808.0, 3369.0], [2421.0, 3369.0], [2421.0, 3442.0], [1808.0, 3442.0]], [[1210.0, 3344.0], [1270.0, 3344.0], [1270.0, 3391.0], [1210.0, 3391.0]], [[166.0, 3084.0], [738.0, 3080.0], [738.0, 3153.0], [166.0, 3157.0]], [[1247.0, 2978.0], [1270.0, 2978.0], [1270.0, 2996.0], [1247.0, 2996.0]], [[2255.0, 2960.0], [2314.0, 2960.0], [2314.0, 3004.0], [2255.0, 3004.0]], [[891.0, 2909.0], [955.0, 2926.0], [943.0, 2971.0], [879.0, 2953.0]], [[284.0, 2898.0], [362.0, 2898.0], [362.0, 2949.0], [284.0, 2949.0]], [[2259.0, 2894.0], [2310.0, 2894.0], [2310.0, 2938.0], [2259.0, 2938.0]], [[948.0, 2872.0], [1022.0, 2872.0], [1022.0, 2931.0], [948.0, 2931.0]], [[384.0, 2828.0], [868.0, 2836.0], [867.0, 2898.0], [383.0, 2890.0]], [[2259.0, 2825.0], [2314.0, 2825.0], [2314.0, 2869.0], [2259.0, 2869.0]], [[1882.0, 2814.0], [1923.0, 2814.0], [1923.0, 2850.0], [1882.0, 2850.0]], [[859.0, 2794.0], [1105.0, 2815.0], [1100.0, 2870.0], [855.0, 2849.0]], [[2251.0, 2752.0], [2303.0, 2752.0], [2303.0, 2795.0], [2251.0, 2795.0]], [[1751.0, 2735.0], [1866.0, 2750.0], [1859.0, 2805.0], [1743.0, 2790.0]], [[2192.0, 2726.0], [2229.0, 2726.0], [2229.0, 2766.0], [2192.0, 2766.0]], [[1395.0, 2726.0], [1421.0, 2726.0], [1421.0, 2752.0], [1395.0, 2752.0]], [[2045.0, 2719.0], [2085.0, 2719.0], [2085.0, 2752.0], [2045.0, 2752.0]], [[1753.0, 2708.0], [1816.0, 2708.0], [1816.0, 2752.0], [1753.0, 2752.0]], [[1511.0, 2694.0], [1590.0, 2710.0], [1581.0, 2754.0], [1502.0, 2739.0]], [[1288.0, 2708.0], [1354.0, 2708.0], [1354.0, 2748.0], [1288.0, 2748.0]], [[278.0, 2674.0], [462.0, 2720.0], [445.0, 2789.0], [261.0, 2743.0]], [[2259.0, 2664.0], [2340.0, 2664.0], [2340.0, 2722.0], [2259.0, 2722.0]], [[2084.0, 2656.0], [2163.0, 2682.0], [2149.0, 2723.0], [2070.0, 2697.0]], [[376.0, 2660.0], [454.0, 2660.0], [454.0, 2722.0], [376.0, 2722.0]], [[2015.0, 2664.0], [2059.0, 2664.0], [2059.0, 2693.0], [2015.0, 2693.0]], [[2259.0, 2609.0], [2310.0, 2609.0], [2310.0, 2660.0], [2259.0, 2660.0]], [[271.0, 2557.0], [554.0, 2570.0], [552.0, 2624.0], [269.0, 2612.0]], [[2262.0, 2543.0], [2314.0, 2543.0], [2314.0, 2587.0], [2262.0, 2587.0]], [[1746.0, 2518.0], [1860.0, 2518.0], [1860.0, 2576.0], [1746.0, 2576.0]], [[1546.0, 2521.0], [1609.0, 2521.0], [1609.0, 2562.0], [1546.0, 2562.0]], [[2262.0, 2470.0], [2314.0, 2470.0], [2314.0, 2514.0], [2262.0, 2514.0]], [[164.0, 2448.0], [680.0, 2467.0], [677.0, 2533.0], [162.0, 2513.0]], [[1347.0, 2415.0], [1413.0, 2415.0], [1413.0, 2456.0], [1347.0, 2456.0]], [[2262.0, 2412.0], [2310.0, 2412.0], [2310.0, 2445.0], [2262.0, 2445.0]], [[2236.0, 2372.0], [2321.0, 2372.0], [2321.0, 2415.0], [2236.0, 2415.0]], [[1265.0, 2373.0], [1419.0, 2363.0], [1422.0, 2411.0], [1268.0, 2420.0]], [[266.0, 2364.0], [834.0, 2360.0], [835.0, 2437.0], [266.0, 2441.0]], [[170.0, 2269.0], [1266.0, 2273.0], [1266.0, 2324.0], [170.0, 2320.0]], [[616.0, 2178.0], [796.0, 2174.0], [798.0, 2229.0], [617.0, 2233.0]], [[830.0, 2149.0], [1273.0, 2149.0], [1273.0, 2196.0], [830.0, 2196.0]], [[258.0, 2138.0], [631.0, 2138.0], [631.0, 2214.0], [258.0, 2214.0]], [[612.0, 2127.0], [829.0, 2119.0], [831.0, 2177.0], [614.0, 2186.0]], [[258.0, 2036.0], [830.0, 2028.0], [831.0, 2090.0], [259.0, 2098.0]], [[340.0, 1904.0], [1089.0, 1911.0], [1088.0, 1973.0], [339.0, 1966.0]], [[263.0, 1882.0], [345.0, 1902.0], [333.0, 1947.0], [252.0, 1927.0]], [[340.0, 1838.0], [820.0, 1842.0], [819.0, 1904.0], [339.0, 1900.0]], [[163.0, 1717.0], [915.0, 1725.0], [915.0, 1787.0], [162.0, 1779.0]], [[170.0, 1626.0], [882.0, 1630.0], [882.0, 1681.0], [170.0, 1677.0]], [[170.0, 1538.0], [1100.0, 1542.0], [1100.0, 1604.0], [170.0, 1600.0]], [[816.0, 1480.0], [849.0, 1480.0], [849.0, 1509.0], [816.0, 1509.0]], [[517.0, 1480.0], [557.0, 1480.0], [557.0, 1509.0], [517.0, 1509.0]], [[1210.0, 1476.0], [1244.0, 1476.0], [1244.0, 1513.0], [1210.0, 1513.0]], [[354.0, 1473.0], [421.0, 1473.0], [421.0, 1513.0], [354.0, 1513.0]], [[889.0, 1451.0], [934.0, 1451.0], [934.0, 1480.0], [889.0, 1480.0]], [[1524.0, 1440.0], [1572.0, 1440.0], [1572.0, 1473.0], [1524.0, 1473.0]], [[188.0, 1411.0], [236.0, 1411.0], [236.0, 1443.0], [188.0, 1443.0]], [[893.0, 1374.0], [934.0, 1374.0], [934.0, 1407.0], [893.0, 1407.0]], [[1513.0, 1389.0], [1554.0, 1348.0], [1583.0, 1378.0], [1543.0, 1418.0]], [[192.0, 1363.0], [232.0, 1363.0], [232.0, 1400.0], [192.0, 1400.0]], [[196.0, 1319.0], [232.0, 1319.0], [232.0, 1348.0], [196.0, 1348.0]], [[889.0, 1301.0], [930.0, 1301.0], [930.0, 1334.0], [889.0, 1334.0]], [[1710.0, 1286.0], [1956.0, 1294.0], [1955.0, 1334.0], [1708.0, 1326.0]], [[1543.0, 1281.0], [1576.0, 1297.0], [1557.0, 1335.0], [1524.0, 1319.0]], [[196.0, 1268.0], [236.0, 1268.0], [236.0, 1305.0], [196.0, 1305.0]], [[1712.0, 1250.0], [2026.0, 1250.0], [2026.0, 1301.0], [1712.0, 1301.0]], [[1712.0, 1217.0], [2011.0, 1217.0], [2011.0, 1268.0], [1712.0, 1268.0]], [[886.0, 1220.0], [937.0, 1220.0], [937.0, 1264.0], [886.0, 1264.0]], [[1532.0, 1220.0], [1568.0, 1220.0], [1568.0, 1257.0], [1532.0, 1257.0]], [[701.0, 1213.0], [723.0, 1213.0], [723.0, 1231.0], [701.0, 1231.0]], [[1716.0, 1188.0], [2000.0, 1188.0], [2000.0, 1231.0], [1716.0, 1231.0]], [[199.0, 1162.0], [232.0, 1162.0], [232.0, 1191.0], [199.0, 1191.0]], [[1720.0, 1155.0], [1934.0, 1155.0], [1934.0, 1195.0], [1720.0, 1195.0]], [[882.0, 1147.0], [937.0, 1147.0], [937.0, 1191.0], [882.0, 1191.0]], [[1532.0, 1144.0], [1568.0, 1144.0], [1568.0, 1184.0], [1532.0, 1184.0]], [[1720.0, 1115.0], [2008.0, 1115.0], [2008.0, 1166.0], [1720.0, 1166.0]], [[199.0, 1093.0], [232.0, 1093.0], [232.0, 1125.0], [199.0, 1125.0]], [[886.0, 1074.0], [937.0, 1074.0], [937.0, 1118.0], [886.0, 1118.0]], [[1524.0, 1067.0], [1572.0, 1067.0], [1572.0, 1115.0], [1524.0, 1115.0]], [[1709.0, 1041.0], [1919.0, 1041.0], [1919.0, 1082.0], [1709.0, 1082.0]], [[1196.0, 1027.0], [1258.0, 1027.0], [1258.0, 1071.0], [1196.0, 1071.0]], [[904.0, 998.0], [1011.0, 1023.0], [997.0, 1082.0], [890.0, 1056.0]], [[698.0, 1005.0], [838.0, 1005.0], [838.0, 1045.0], [698.0, 1045.0]], [[871.0, 954.0], [1008.0, 954.0], [1008.0, 1023.0], [871.0, 1023.0]], [[232.0, 954.0], [365.0, 954.0], [365.0, 1005.0], [232.0, 1005.0]], [[1465.0, 939.0], [1605.0, 939.0], [1605.0, 1041.0], [1465.0, 1041.0]], [[166.0, 877.0], [1003.0, 869.0], [1004.0, 932.0], [166.0, 939.0]], [[303.0, 742.0], [985.0, 742.0], [985.0, 789.0], [303.0, 789.0]], [[1501.0, 688.0], [1656.0, 708.0], [1647.0, 777.0], [1492.0, 757.0]], [[1377.0, 672.0], [1439.0, 672.0], [1439.0, 716.0], [1377.0, 716.0]], [[310.0, 665.0], [1185.0, 665.0], [1185.0, 727.0], [310.0, 727.0]], [[166.0, 665.0], [328.0, 665.0], [328.0, 720.0], [166.0, 720.0]], [[299.0, 596.0], [734.0, 596.0], [734.0, 658.0], [299.0, 658.0]], [[1786.0, 585.0], [1938.0, 585.0], [1938.0, 669.0], [1786.0, 669.0]], [[1731.0, 566.0], [1766.0, 532.0], [1797.0, 563.0], [1762.0, 597.0]], [[229.0, 508.0], [967.0, 508.0], [967.0, 559.0], [229.0, 559.0]], [[417.0, 457.0], [576.0, 457.0], [576.0, 512.0], [417.0, 512.0]], [[589.0, 432.0], [750.0, 423.0], [754.0, 481.0], [593.0, 491.0]], [[244.0, 428.0], [417.0, 428.0], [417.0, 493.0], [244.0, 493.0]], [[1775.0, 409.0], [1827.0, 409.0], [1827.0, 457.0], [1775.0, 457.0]], [[413.0, 398.0], [579.0, 398.0], [579.0, 449.0], [413.0, 449.0]], [[1738.0, 365.0], [1786.0, 365.0], [1786.0, 413.0], [1738.0, 413.0]], [[1413.0, 344.0], [1581.0, 335.0], [1584.0, 390.0], [1415.0, 399.0]], [[218.0, 325.0], [1089.0, 325.0], [1089.0, 373.0], [218.0, 373.0]], [[218.0, 263.0], [2107.0, 263.0], [2107.0, 314.0], [218.0, 314.0]], [[169.0, 176.0], [516.0, 168.0], [517.0, 230.0], [171.0, 238.0]]]
660_900x1200_bing_online.jpg	[[[689.0, 1140.0], [873.0, 1140.0], [873.0, 1174.0], [689.0, 1174.0]], [[657.0, 1130.0], [698.0, 1150.0], [683.0, 1180.0], [642.0, 1160.0]], [[265.0, 1088.0], [855.0, 1082.0], [855.0, 1124.0], [265.0, 1129.0]], [[134.0, 1050.0], [751.0, 1044.0], [752.0, 1094.0], [135.0, 1100.0]], [[34.0, 1023.0], [172.0, 1028.0], [170.0, 1074.0], [33.0, 1070.0]], [[270.0, 1026.0], [401.0, 1024.0], [402.0, 1055.0], [270.0, 1058.0]], [[34.0, 985.0], [777.0, 980.0], [777.0, 1021.0], [35.0, 1026.0]], [[235.0, 923.0], [615.0, 923.0], [615.0, 970.0], [235.0, 970.0]], [[634.0, 886.0], [736.0, 891.0], [734.0, 932.0], [632.0, 927.0]], [[340.0, 880.0], [410.0, 880.0], [410.0, 925.0], [340.0, 925.0]], [[234.0, 851.0], [354.0, 861.0], [349.0, 921.0], [229.0, 911.0]], [[637.0, 860.0], [752.0, 860.0], [752.0, 896.0], [637.0, 896.0]], [[427.0, 854.0], [584.0, 851.0], [584.0, 891.0], [428.0, 894.0]], [[337.0, 851.0], [406.0, 846.0], [409.0, 886.0], [339.0, 891.0]], [[137.0, 838.0], [210.0, 838.0], [210.0, 889.0], [137.0, 889.0]], [[587.0, 831.0], [777.0, 831.0], [777.0, 865.0], [587.0, 865.0]], [[455.0, 830.0], [510.0, 830.0], [510.0, 866.0], [455.0, 866.0]], [[230.0, 823.0], [364.0, 813.0], [368.0, 859.0], [233.0, 870.0]], [[59.0, 806.0], [112.0, 806.0], [112.0, 851.0], [59.0, 851.0]], [[617.0, 792.0], [851.0, 792.0], [851.0, 835.0], [617.0, 835.0]], [[430.0, 789.0], [614.0, 789.0], [614.0, 838.0], [430.0, 838.0]], [[240.0, 785.0], [311.0, 785.0], [311.0, 831.0], [240.0, 831.0]], [[837.0, 775.0], [893.0, 770.0], [899.0, 936.0], [854.0, 942.0]], [[621.0, 770.0], [756.0, 770.0], [756.0, 801.0], [621.0, 801.0]], [[143.0, 761.0], [213.0, 764.0], [210.0, 817.0], [140.0, 813.0]], [[456.0, 763.0], [501.0, 763.0], [501.0, 801.0], [456.0, 801.0]], [[608.0, 737.0], [848.0, 741.0], [847.0, 775.0], [607.0, 771.0]], [[224.0, 749.0], [377.0, 715.0], [390.0, 774.0], [238.0, 807.0]], [[390.0, 705.0], [873.0, 710.0], [873.0, 744.0], [390.0, 739.0]], [[282.0, 674.0], [887.0, 680.0], [887.0, 715.0], [281.0, 709.0]], [[381.0, 649.0], [733.0, 653.0], [732.0, 683.0], [381.0, 679.0]], [[380.0, 617.0], [712.0, 620.0], [712.0, 654.0], [380.0, 651.0]], [[379.0, 589.0], [643.0, 593.0], [643.0, 624.0], [378.0, 620.0]], [[284.0, 560.0], [707.0, 566.0], [707.0, 596.0], [284.0, 590.0]], [[58.0, 554.0], [151.0, 554.0], [151.0, 601.0], [58.0, 601.0]], [[63.0, 522.0], [884.0, 534.0], [883.0, 571.0], [62.0, 560.0]], [[327.0, 502.0], [473.0, 506.0], [472.0, 534.0], [326.0, 530.0]], [[324.0, 471.0], [793.0, 481.0], [792.0, 516.0], [323.0, 506.0]], [[321.0, 444.0], [616.0, 449.0], [616.0, 483.0], [321.0, 477.0]], [[324.0, 415.0], [496.0, 422.0], [495.0, 452.0], [323.0, 445.0]], [[179.0, 409.0], [303.0, 409.0], [303.0, 445.0], [179.0, 445.0]], [[586.0, 408.0], [600.0, 408.0], [600.0, 417.0], [586.0, 417.0]], [[309.0, 383.0], [543.0, 394.0], [541.0, 428.0], [308.0, 417.0]], [[309.0, 356.0], [875.0, 374.0], [874.0, 409.0], [308.0, 391.0]], [[173.0, 322.0], [810.0, 344.0], [808.0, 378.0], [172.0, 356.0]], [[596.0, 311.0], [771.0, 315.0], [770.0, 350.0], [595.0, 346.0]], [[395.0, 301.0], [446.0, 301.0], [446.0, 338.0], [395.0, 338.0]], [[235.0, 296.0], [338.0, 299.0], [337.0, 334.0], [234.0, 331.0]], [[596.0, 284.0], [770.0, 294.0], [768.0, 329.0], [594.0, 319.0]], [[440.0, 280.0], [589.0, 292.0], [584.0, 341.0], [436.0, 329.0]], [[320.0, 280.0], [448.0, 272.0], [451.0, 323.0], [323.0, 331.0]], [[163.0, 276.0], [339.0, 265.0], [342.0, 315.0], [166.0, 326.0]], [[175.0, 238.0], [305.0, 242.0], [304.0, 280.0], [174.0, 277.0]], [[0.0, 228.0], [69.0, 248.0], [55.0, 293.0], [0.0, 273.0]], [[91.0, 227.0], [162.0, 222.0], [165.0, 260.0], [94.0, 266.0]], [[275.0, 216.0], [407.0, 222.0], [405.0, 257.0], [273.0, 251.0]], [[627.0, 101.0], [689.0, 107.0], [685.0, 149.0], [623.0, 143.0]], [[134.0, 93.0], [618.0, 107.0], [617.0, 154.0], [133.0, 141.0]], [[685.0, 86.0], [869.0, 86.0], [869.0, 125.0], [685.0, 125.0]], [[101.0, 37.0], [578.0, 40.0], [578.0, 93.0], [101.0, 90.0]]]
674_1080x1440_bing_online.png	[[[796.0, 1408.0], [1071.0, 1408.0], [1071.0, 1429.0], [796.0, 1429.0]], [[106.0, 681.0], [937.0, 673.0], [938.0, 730.0], [106.0, 738.0]], [[608.0, 552.0], [732.0, 552.0], [732.0, 615.0], [608.0, 615.0]], [[167.0, 554.0], [554.0, 546.0], [556.0, 613.0], [168.0, 621.0]], [[308.0, 487.0], [328.0, 487.0], [328.0, 498.0], [308.0, 498.0]], [[359.0, 462.0], [731.0, 457.0], [732.0, 535.0], [360.0, 540.0]], [[166.0, 474.0], [390.0, 461.0], [394.0, 531.0], [170.0, 544.0]], [[159.0, 401.0], [897.0, 393.0], [898.0, 448.0], [160.0, 456.0]], [[96.0, 313.0], [819.0, 321.0], [819.0, 377.0], [95.0, 369.0]], [[208.0, 231.0], [548.0, 237.0], [547.0, 288.0], [207.0, 282.0]], [[91.0, 194.0], [185.0, 190.0], [188.0, 248.0], [94.0, 253.0]], [[201.0, 182.0], [701.0, 177.0], [701.0, 228.0], [201.0, 233.0]], [[90.0, 123.0], [1038.0, 120.0], [1039.0, 175.0], [91.0, 179.0]], [[90.0, 83.0], [986.0, 78.0], [987.0, 135.0], [91.0, 140.0]], [[176.0, 15.0], [282.0, 20.0], [278.0, 79.0], [172.0, 73.0]]]
740_1891x2048_bing_online.jpg	[[[1481.0, 1937.0], [1844.0, 1933.0], [1845.0, 1999.0], [1482.0, 2003.0]], [[0.0, 1929.0], [448.0, 1913.0], [450.0, 1994.0], [2.0, 2010.0]], [[0.0, 1813.0], [1826.0, 1833.0], [1825.0, 1940.0], [0.0, 1920.0]], [[222.0, 1717.0], [899.0, 1717.0], [899.0, 1813.0], [222.0, 1813.0]], [[9.0, 1604.0], [1429.0, 1624.0], [1428.0, 1718.0], [8.0, 1698.0]], [[2.0, 1515.0], [1028.0, 1510.0], [1028.0, 1598.0], [2.0, 1602.0]], [[0.0, 1395.0], [1630.0, 1419.0], [1628.0, 1528.0], [0.0, 1504.0]], [[4.0, 1306.0], [1292.0, 1310.0], [1291.0, 1397.0], [4.0, 1393.0]], [[3.0, 1196.0], [1885.0, 1229.0], [1883.0, 1330.0], [2.0, 1297.0]], [[11.0, 1107.0], [283.0, 1107.0], [283.0, 1184.0], [11.0, 1184.0]], [[7.0, 1009.0], [1767.0, 1037.0], [1766.0, 1123.0], [6.0, 1094.0]], [[155.0, 932.0], [1782.0, 952.0], [1781.0, 1033.0], [154.0, 1013.0]], [[578.0, 885.0], [635.0, 870.0], [644.0, 902.0], [587.0, 917.0]], [[1247.0, 766.0], [1287.0, 766.0], [1287.0, 781.0], [1247.0, 781.0]], [[4.0, 584.0], [1890.0, 624.0], [1890.0, 754.0], [1.0, 714.0]], [[27.0, 425.0], [1203.0, 420.0], [1203.0, 508.0], [28.0, 512.0]], [[1581.0, 254.0], [1608.0, 254.0], [1608.0, 294.0], [1581.0, 294.0]], [[36.0, 203.0], [798.0, 203.0], [798.0, 275.0], [36.0, 275.0]], [[1357.0, 171.0], [1469.0, 171.0], [1469.0, 329.0], [1357.0, 329.0]], [[1482.0, 124.0], [1540.0, 180.0], [1472.0, 251.0], [1415.0, 196.0]], [[1558.0, 121.0], [1724.0, 103.0], [1738.0, 242.0], [1573.0, 260.0]], [[1391.0, 111.0], [1467.0, 111.0], [1467.0, 194.0], [1391.0, 194.0]], [[27.0, 98.0], [1342.0, 83.0], [1343.0, 177.0], [28.0, 192.0]], [[447.0, 13.0], [1359.0, 4.0], [1359.0, 77.0], [448.0, 86.0]]]
754_600x793_bing_online.jpg	[[[488.0, 757.0], [586.0, 757.0], [586.0, 778.0], [488.0, 778.0]], [[205.0, 704.0], [581.0, 703.0], [581.0, 724.0], [205.0, 725.0]], [[227.0, 682.0], [561.0, 682.0], [561.0, 699.0], [227.0, 699.0]], [[243.0, 652.0], [486.0, 654.0], [485.0, 674.0], [243.0, 672.0]], [[353.0, 629.0], [536.0, 630.0], [536.0, 650.0], [353.0, 649.0]], [[241.0, 609.0], [592.0, 604.0], [592.0, 624.0], [241.0, 630.0]], [[242.0, 590.0], [424.0, 589.0], [424.0, 607.0], [242.0, 608.0]], [[230.0, 568.0], [486.0, 568.0], [486.0, 588.0], [230.0, 588.0]], [[203.0, 538.0], [504.0, 536.0], [504.0, 560.0], [203.0, 562.0]], [[185.0, 514.0], [317.0, 511.0], [317.0, 533.0], [186.0, 535.0]], [[167.0, 486.0], [295.0, 486.0], [295.0, 506.0], [167.0, 506.0]], [[168.0, 449.0], [551.0, 451.0], [551.0, 472.0], [168.0, 470.0]], [[61.0, 423.0], [493.0, 419.0], [493.0, 443.0], [61.0, 447.0]], [[75.0, 404.0], [139.0, 399.0], [141.0, 421.0], [76.0, 426.0]], [[167.0, 388.0], [485.0, 387.0], [486.0, 407.0], [167.0, 408.0]], [[342.0, 362.0], [475.0, 360.0], [476.0, 381.0], [343.0, 383.0]], [[271.0, 334.0], [406.0, 339.0], [405.0, 367.0], [270.0, 361.0]], [[161.0, 336.0], [279.0, 323.0], [283.0, 359.0], [165.0, 372.0]], [[42.0, 325.0], [157.0, 323.0], [158.0, 355.0], [43.0, 357.0]], [[432.0, 325.0], [535.0, 327.0], [535.0, 344.0], [432.0, 342.0]], [[51.0, 310.0], [120.0, 306.0], [122.0, 331.0], [52.0, 334.0]], [[282.0, 301.0], [422.0, 308.0], [421.0, 332.0], [281.0, 326.0]], [[162.0, 302.0], [290.0, 291.0], [293.0, 319.0], [164.0, 331.0]], [[437.0, 291.0], [532.0, 291.0], [532.0, 305.0], [437.0, 305.0]], [[168.0, 270.0], [498.0, 270.0], [498.0, 289.0], [168.0, 289.0]], [[165.0, 239.0], [440.0, 240.0], [440.0, 261.0], [165.0, 260.0]], [[168.0, 215.0], [572.0, 217.0], [572.0, 238.0], [168.0, 236.0]], [[223.0, 170.0], [495.0, 170.0], [495.0, 200.0], [223.0, 200.0]], [[368.0, 150.0], [419.0, 150.0], [419.0, 170.0], [368.0, 170.0]], [[221.0, 139.0], [374.0, 130.0], [376.0, 161.0], [222.0, 170.0]], [[365.0, 132.0], [420.0, 132.0], [420.0, 154.0], [365.0, 154.0]], [[168.0, 104.0], [576.0, 106.0], [576.0, 127.0], [168.0, 125.0]], [[152.0, 70.0], [335.0, 70.0], [335.0, 90.0], [152.0, 90.0]]]
765_1024x1024_bing_online.jpg	[[[243.0, 946.0], [746.0, 957.0], [745.0, 997.0], [242.0, 985.0]], [[235.0, 910.0], [750.0, 916.0], [750.0, 953.0], [235.0, 946.0]], [[211.0, 866.0], [350.0, 866.0], [350.0, 895.0], [211.0, 895.0]], [[249.0, 825.0], [715.0, 832.0], [714.0, 868.0], [248.0, 862.0]], [[159.0, 784.0], [691.0, 788.0], [691.0, 825.0], [159.0, 820.0]], [[214.0, 740.0], [502.0, 748.0], [501.0, 778.0], [213.0, 770.0]], [[688.0, 710.0], [811.0, 710.0], [811.0, 740.0], [688.0, 740.0]], [[261.0, 694.0], [391.0, 699.0], [389.0, 736.0], [260.0, 731.0]], [[440.0, 691.0], [658.0, 700.0], [656.0, 745.0], [438.0, 735.0]], [[390.0, 697.0], [423.0, 697.0], [423.0, 722.0], [390.0, 722.0]], [[693.0, 686.0], [842.0, 680.0], [843.0, 707.0], [694.0, 713.0]], [[157.0, 652.0], [224.0, 645.0], [227.0, 683.0], [160.0, 689.0]], [[225.0, 641.0], [644.0, 644.0], [644.0, 676.0], [225.0, 673.0]], [[227.0, 597.0], [330.0, 600.0], [329.0, 630.0], [226.0, 627.0]], [[448.0, 595.0], [766.0, 595.0], [766.0, 627.0], [448.0, 627.0]], [[162.0, 591.0], [227.0, 591.0], [227.0, 628.0], [162.0, 628.0]], [[227.0, 572.0], [350.0, 572.0], [350.0, 602.0], [227.0, 602.0]], [[444.0, 571.0], [613.0, 568.0], [613.0, 597.0], [444.0, 600.0]], [[360.0, 563.0], [404.0, 558.0], [406.0, 578.0], [362.0, 583.0]], [[479.0, 539.0], [589.0, 536.0], [590.0, 562.0], [479.0, 564.0]], [[340.0, 529.0], [443.0, 533.0], [442.0, 568.0], [339.0, 564.0]], [[404.0, 531.0], [445.0, 528.0], [446.0, 547.0], [405.0, 550.0]], [[282.0, 514.0], [332.0, 514.0], [332.0, 538.0], [282.0, 538.0]], [[336.0, 511.0], [574.0, 507.0], [574.0, 533.0], [336.0, 538.0]], [[235.0, 499.0], [262.0, 499.0], [262.0, 523.0], [235.0, 523.0]], [[277.0, 494.0], [297.0, 494.0], [297.0, 513.0], [277.0, 513.0]], [[397.0, 491.0], [417.0, 491.0], [417.0, 509.0], [397.0, 509.0]], [[334.0, 490.0], [361.0, 490.0], [361.0, 512.0], [334.0, 512.0]], [[449.0, 489.0], [474.0, 489.0], [474.0, 512.0], [449.0, 512.0]], [[500.0, 486.0], [532.0, 486.0], [532.0, 513.0], [500.0, 513.0]], [[350.0, 481.0], [435.0, 474.0], [437.0, 498.0], [352.0, 504.0]], [[220.0, 452.0], [503.0, 450.0], [504.0, 482.0], [220.0, 484.0]], [[175.0, 399.0], [268.0, 399.0], [268.0, 443.0], [175.0, 443.0]], [[557.0, 370.0], [629.0, 370.0], [629.0, 397.0], [557.0, 397.0]], [[239.0, 356.0], [450.0, 353.0], [450.0, 383.0], [239.0, 386.0]], [[463.0, 345.0], [746.0, 339.0], [747.0, 365.0], [463.0, 370.0]], [[244.0, 310.0], [611.0, 310.0], [611.0, 339.0], [244.0, 339.0]], [[214.0, 268.0], [697.0, 269.0], [696.0, 302.0], [214.0, 301.0]], [[618.0, 241.0], [767.0, 235.0], [768.0, 258.0], [619.0, 264.0]], [[206.0, 239.0], [237.0, 239.0], [237.0, 260.0], [206.0, 260.0]], [[381.0, 233.0], [500.0, 230.0], [500.0, 264.0], [381.0, 267.0]], [[273.0, 219.0], [356.0, 219.0], [356.0, 245.0], [273.0, 245.0]], [[184.0, 213.0], [280.0, 218.0], [278.0, 248.0], [182.0, 243.0]], [[594.0, 216.0], [757.0, 210.0], [758.0, 232.0], [595.0, 238.0]], [[629.0, 211.0], [641.0, 211.0], [641.0, 219.0], [629.0, 219.0]], [[382.0, 196.0], [576.0, 200.0], [576.0, 233.0], [382.0, 229.0]], [[285.0, 194.0], [359.0, 194.0], [359.0, 221.0], [285.0, 221.0]], [[220.0, 190.0], [286.0, 190.0], [286.0, 222.0], [220.0, 222.0]], [[640.0, 187.0], [696.0, 184.0], [697.0, 211.0], [641.0, 214.0]], [[692.0, 186.0], [777.0, 182.0], [778.0, 206.0], [693.0, 209.0]], [[294.0, 169.0], [359.0, 169.0], [359.0, 195.0], [294.0, 195.0]], [[202.0, 164.0], [276.0, 167.0], [274.0, 194.0], [201.0, 192.0]], [[385.0, 165.0], [695.0, 157.0], [696.0, 190.0], [386.0, 198.0]], [[255.0, 139.0], [337.0, 139.0], [337.0, 169.0], [255.0, 169.0]], [[510.0, 129.0], [671.0, 131.0], [671.0, 160.0], [510.0, 158.0]], [[384.0, 128.0], [525.0, 128.0], [525.0, 161.0], [384.0, 161.0]], [[233.0, 118.0], [382.0, 118.0], [382.0, 144.0], [233.0, 144.0]], [[513.0, 91.0], [675.0, 93.0], [675.0, 122.0], [513.0, 119.0]], [[225.0, 87.0], [485.0, 91.0], [485.0, 124.0], [225.0, 120.0]], [[191.0, 61.0], [366.0, 61.0], [366.0, 90.0], [191.0, 90.0]], [[182.0, 18.0], [310.0, 18.0], [310.0, 55.0], [182.0, 55.0]]]
7_1785x2500_bing_online.jpg	[[[1329.0, 2380.0], [1751.0, 2389.0], [1749.0, 2469.0], [1328.0, 2460.0]], [[214.0, 2127.0], [526.0, 2133.0], [525.0, 2206.0], [212.0, 2200.0]], [[48.0, 2044.0], [927.0, 2039.0], [927.0, 2122.0], [48.0, 2128.0]], [[823.0, 1961.0], [1101.0, 1955.0], [1103.0, 2041.0], [825.0, 2047.0]], [[469.0, 1886.0], [1087.0, 1866.0], [1090.0, 1955.0], [472.0, 1975.0]], [[582.0, 1813.0], [640.0, 1813.0], [640.0, 1878.0], [582.0, 1878.0]], [[369.0, 1729.0], [958.0, 1721.0], [959.0, 1804.0], [370.0, 1813.0]], [[574.0, 1643.0], [1545.0, 1635.0], [1546.0, 1713.0], [574.0, 1722.0]], [[64.0, 1565.0], [953.0, 1557.0], [954.0, 1638.0], [64.0, 1646.0]], [[475.0, 1414.0], [844.0, 1408.0], [845.0, 1479.0], [476.0, 1485.0]], [[50.0, 1328.0], [1357.0, 1328.0], [1357.0, 1409.0], [50.0, 1409.0]], [[62.0, 1159.0], [853.0, 1164.0], [852.0, 1255.0], [61.0, 1250.0]], [[97.0, 1001.0], [419.0, 988.0], [424.0, 1111.0], [102.0, 1124.0]], [[290.0, 953.0], [340.0, 930.0], [366.0, 985.0], [316.0, 1008.0]], [[133.0, 849.0], [860.0, 844.0], [861.0, 940.0], [133.0, 946.0]], [[284.0, 779.0], [348.0, 779.0], [348.0, 844.0], [284.0, 844.0]], [[145.0, 689.0], [429.0, 676.0], [434.0, 780.0], [150.0, 793.0]], [[90.0, 615.0], [972.0, 607.0], [972.0, 687.0], [91.0, 696.0]], [[37.0, 532.0], [756.0, 523.0], [757.0, 601.0], [38.0, 610.0]], [[838.0, 298.0], [1358.0, 283.0], [1361.0, 382.0], [841.0, 397.0]], [[34.0, 214.0], [661.0, 208.0], [662.0, 307.0], [35.0, 313.0]], [[703.0, 187.0], [1470.0, 201.0], [1467.0, 311.0], [701.0, 296.0]], [[563.0, 203.0], [600.0, 203.0], [600.0, 242.0], [563.0, 242.0]], [[21.0, 143.0], [104.0, 143.0], [104.0, 198.0], [21.0, 198.0]], [[19.0, 73.0], [82.0, 73.0], [82.0, 117.0], [19.0, 117.0]]]
843_1536x2048_bing_online.jpg	[[[1348.0, 1946.0], [1506.0, 1941.0], [1508.0, 2011.0], [1350.0, 2017.0]], [[1320.0, 1946.0], [1377.0, 1946.0], [1377.0, 2005.0], [1320.0, 2005.0]], [[881.0, 1926.0], [991.0, 1926.0], [991.0, 2020.0], [881.0, 2020.0]], [[555.0, 1925.0], [794.0, 1917.0], [797.0, 2011.0], [559.0, 2019.0]], [[1137.0, 1932.0], [1343.0, 1909.0], [1355.0, 2006.0], [1149.0, 2029.0]], [[992.0, 1933.0], [1113.0, 1917.0], [1124.0, 1996.0], [1003.0, 2012.0]], [[576.0, 1933.0], [596.0, 1933.0], [596.0, 1950.0], [576.0, 1950.0]], [[1152.0, 1909.0], [1193.0, 1909.0], [1193.0, 1950.0], [1152.0, 1950.0]], [[439.0, 1909.0], [456.0, 1909.0], [456.0, 1931.0], [439.0, 1931.0]], [[1372.0, 1867.0], [1451.0, 1867.0], [1451.0, 1971.0], [1372.0, 1971.0]], [[1226.0, 1845.0], [1344.0, 1845.0], [1344.0, 1920.0], [1226.0, 1920.0]], [[847.0, 1843.0], [973.0, 1843.0], [973.0, 1933.0], [847.0, 1933.0]], [[130.0, 1806.0], [263.0, 1812.0], [259.0, 1900.0], [125.0, 1893.0]], [[309.0, 1762.0], [841.0, 1773.0], [839.0, 1861.0], [307.0, 1849.0]], [[223.0, 1761.0], [300.0, 1768.0], [294.0, 1832.0], [217.0, 1825.0]], [[860.0, 1660.0], [1060.0, 1660.0], [1060.0, 1754.0], [860.0, 1754.0]], [[149.0, 1618.0], [813.0, 1644.0], [809.0, 1740.0], [145.0, 1714.0]], [[183.0, 1518.0], [758.0, 1535.0], [755.0, 1637.0], [180.0, 1620.0]], [[1045.0, 1408.0], [1069.0, 1408.0], [1069.0, 1446.0], [1045.0, 1446.0]], [[759.0, 1399.0], [812.0, 1399.0], [812.0, 1453.0], [759.0, 1453.0]], [[892.0, 1350.0], [1045.0, 1350.0], [1045.0, 1440.0], [892.0, 1440.0]], [[785.0, 1350.0], [825.0, 1350.0], [825.0, 1391.0], [785.0, 1391.0]], [[223.0, 1329.0], [242.0, 1329.0], [242.0, 1348.0], [223.0, 1348.0]], [[406.0, 1318.0], [436.0, 1318.0], [436.0, 1350.0], [406.0, 1350.0]], [[131.0, 1246.0], [947.0, 1241.0], [947.0, 1308.0], [131.0, 1312.0]], [[94.0, 1126.0], [849.0, 1133.0], [848.0, 1212.0], [94.0, 1205.0]], [[161.0, 1039.0], [211.0, 1007.0], [243.0, 1055.0], [194.0, 1087.0]], [[166.0, 896.0], [207.0, 896.0], [207.0, 947.0], [166.0, 947.0]], [[87.0, 900.0], [107.0, 900.0], [107.0, 926.0], [87.0, 926.0]], [[67.0, 832.0], [157.0, 821.0], [168.0, 913.0], [79.0, 924.0]], [[296.0, 819.0], [446.0, 812.0], [451.0, 895.0], [300.0, 902.0]], [[720.0, 804.0], [1137.0, 804.0], [1137.0, 892.0], [720.0, 892.0]], [[157.0, 749.0], [284.0, 738.0], [292.0, 836.0], [165.0, 847.0]], [[459.0, 702.0], [1429.0, 708.0], [1429.0, 804.0], [458.0, 798.0]], [[656.0, 589.0], [703.0, 578.0], [714.0, 625.0], [667.0, 636.0]], [[129.0, 576.0], [179.0, 576.0], [179.0, 623.0], [129.0, 623.0]], [[799.0, 565.0], [857.0, 565.0], [857.0, 625.0], [799.0, 625.0]], [[981.0, 483.0], [1310.0, 477.0], [1312.0, 567.0], [983.0, 572.0]], [[524.0, 476.0], [656.0, 463.0], [667.0, 561.0], [535.0, 574.0]], [[297.0, 452.0], [358.0, 452.0], [358.0, 514.0], [297.0, 514.0]], [[648.0, 439.0], [760.0, 429.0], [768.0, 519.0], [657.0, 529.0]], [[525.0, 438.0], [578.0, 456.0], [559.0, 507.0], [507.0, 488.0]], [[121.0, 430.0], [280.0, 421.0], [286.0, 521.0], [127.0, 531.0]], [[804.0, 432.0], [925.0, 427.0], [928.0, 519.0], [808.0, 524.0]], [[334.0, 416.0], [371.0, 416.0], [371.0, 461.0], [334.0, 461.0]], [[904.0, 365.0], [1057.0, 359.0], [1062.0, 453.0], [908.0, 460.0]], [[94.0, 271.0], [1141.0, 269.0], [1141.0, 343.0], [94.0, 346.0]], [[973.0, 228.0], [999.0, 228.0], [999.0, 258.0], [973.0, 258.0]], [[455.0, 215.0], [510.0, 221.0], [505.0, 255.0], [450.0, 248.0]], [[862.0, 207.0], [929.0, 207.0], [929.0, 252.0], [862.0, 252.0]], [[768.0, 209.0], [820.0, 209.0], [820.0, 250.0], [768.0, 250.0]], [[33.0, 207.0], [87.0, 207.0], [87.0, 252.0], [33.0, 252.0]], [[661.0, 205.0], [716.0, 205.0], [716.0, 256.0], [661.0, 256.0]], [[344.0, 240.0], [392.0, 195.0], [411.0, 215.0], [363.0, 259.0]], [[124.0, 196.0], [142.0, 196.0], [142.0, 218.0], [124.0, 218.0]], [[528.0, 145.0], [550.0, 145.0], [550.0, 164.0], [528.0, 164.0]], [[716.0, 139.0], [818.0, 139.0], [818.0, 169.0], [716.0, 169.0]], [[13.0, 143.0], [37.0, 143.0], [37.0, 164.0], [13.0, 164.0]], [[196.0, 134.0], [314.0, 134.0], [314.0, 171.0], [196.0, 171.0]], [[1495.0, 137.0], [1521.0, 137.0], [1521.0, 156.0], [1495.0, 156.0]], [[1235.0, 130.0], [1322.0, 130.0], [1322.0, 171.0], [1235.0, 171.0]], [[711.0, 53.0], [849.0, 53.0], [849.0, 100.0], [711.0, 100.0]], [[96.0, 53.0], [157.0, 53.0], [157.0, 100.0], [96.0, 100.0]], [[1396.0, 0.0], [1490.0, 0.0], [1490.0, 32.0], [1396.0, 32.0]], [[13.0, 0.0], [255.0, 0.0], [255.0, 30.0], [13.0, 30.0]]]
893_1728x1080_bing_online.jpg	[[[1353.0, 979.0], [1690.0, 975.0], [1690.0, 1035.0], [1354.0, 1039.0]], [[20.0, 945.0], [810.0, 941.0], [810.0, 1014.0], [20.0, 1018.0]], [[5.0, 858.0], [1002.0, 838.0], [1003.0, 911.0], [6.0, 931.0]], [[24.0, 780.0], [546.0, 785.0], [545.0, 848.0], [23.0, 842.0]], [[423.0, 659.0], [470.0, 666.0], [460.0, 729.0], [413.0, 723.0]], [[585.0, 616.0], [646.0, 616.0], [646.0, 671.0], [585.0, 671.0]], [[1278.0, 558.0], [1368.0, 558.0], [1368.0, 636.0], [1278.0, 636.0]], [[531.0, 552.0], [792.0, 535.0], [798.0, 611.0], [536.0, 628.0]], [[976.0, 528.0], [1229.0, 528.0], [1229.0, 638.0], [976.0, 638.0]], [[1406.0, 538.0], [1458.0, 538.0], [1458.0, 600.0], [1406.0, 600.0]], [[234.0, 531.0], [315.0, 531.0], [315.0, 602.0], [234.0, 602.0]], [[302.0, 547.0], [463.0, 519.0], [477.0, 593.0], [316.0, 622.0]], [[1264.0, 492.0], [1397.0, 500.0], [1392.0, 586.0], [1259.0, 578.0]], [[1497.0, 470.0], [1626.0, 483.0], [1609.0, 643.0], [1480.0, 629.0]], [[499.0, 467.0], [549.0, 467.0], [549.0, 513.0], [499.0, 513.0]], [[131.0, 442.0], [194.0, 442.0], [194.0, 510.0], [131.0, 510.0]], [[1144.0, 425.0], [1260.0, 412.0], [1268.0, 481.0], [1152.0, 494.0]], [[214.0, 375.0], [288.0, 375.0], [288.0, 448.0], [214.0, 448.0]], [[353.0, 368.0], [412.0, 368.0], [412.0, 407.0], [353.0, 407.0]], [[482.0, 339.0], [697.0, 354.0], [690.0, 453.0], [475.0, 439.0]], [[184.0, 347.0], [289.0, 338.0], [293.0, 384.0], [188.0, 394.0]], [[452.0, 304.0], [500.0, 327.0], [473.0, 382.0], [425.0, 360.0]], [[981.0, 325.0], [1521.0, 286.0], [1528.0, 378.0], [988.0, 418.0]], [[173.0, 277.0], [431.0, 258.0], [437.0, 334.0], [179.0, 353.0]], [[481.0, 259.0], [655.0, 259.0], [655.0, 339.0], [481.0, 339.0]], [[960.0, 228.0], [1523.0, 211.0], [1525.0, 289.0], [963.0, 306.0]], [[452.0, 117.0], [562.0, 117.0], [562.0, 211.0], [452.0, 211.0]], [[70.0, 36.0], [349.0, 36.0], [349.0, 131.0], [70.0, 131.0]]]
962_1080x1396_bing_online.jpg	[[[950.0, 1367.0], [1068.0, 1368.0], [1068.0, 1389.0], [949.0, 1387.0]], [[82.0, 1179.0], [310.0, 1179.0], [310.0, 1214.0], [82.0, 1214.0]], [[79.0, 1117.0], [315.0, 1114.0], [316.0, 1159.0], [80.0, 1162.0]], [[81.0, 1056.0], [310.0, 1059.0], [309.0, 1100.0], [81.0, 1096.0]], [[77.0, 1002.0], [314.0, 1005.0], [314.0, 1046.0], [76.0, 1042.0]], [[518.0, 948.0], [897.0, 948.0], [897.0, 993.0], [518.0, 993.0]], [[81.0, 946.0], [433.0, 953.0], [432.0, 988.0], [81.0, 981.0]], [[51.0, 881.0], [136.0, 881.0], [136.0, 934.0], [51.0, 934.0]], [[628.0, 821.0], [665.0, 825.0], [663.0, 847.0], [626.0, 843.0]], [[473.0, 819.0], [511.0, 826.0], [507.0, 847.0], [470.0, 841.0]], [[112.0, 795.0], [433.0, 795.0], [433.0, 836.0], [112.0, 836.0]], [[650.0, 790.0], [988.0, 790.0], [988.0, 835.0], [650.0, 835.0]], [[468.0, 777.0], [642.0, 784.0], [640.0, 841.0], [466.0, 834.0]], [[637.0, 777.0], [674.0, 798.0], [650.0, 839.0], [613.0, 818.0]], [[58.0, 730.0], [239.0, 733.0], [239.0, 775.0], [57.0, 772.0]], [[335.0, 665.0], [406.0, 665.0], [406.0, 686.0], [335.0, 686.0]], [[693.0, 662.0], [794.0, 662.0], [794.0, 686.0], [693.0, 686.0]], [[536.0, 663.0], [610.0, 663.0], [610.0, 686.0], [536.0, 686.0]], [[453.0, 633.0], [496.0, 633.0], [496.0, 656.0], [453.0, 656.0]], [[271.0, 621.0], [395.0, 618.0], [397.0, 666.0], [273.0, 669.0]], [[679.0, 624.0], [719.0, 624.0], [719.0, 647.0], [679.0, 647.0]], [[737.0, 619.0], [835.0, 619.0], [835.0, 650.0], [737.0, 650.0]], [[530.0, 601.0], [549.0, 601.0], [549.0, 619.0], [530.0, 619.0]], [[282.0, 587.0], [329.0, 587.0], [329.0, 617.0], [282.0, 617.0]], [[556.0, 585.0], [640.0, 581.0], [642.0, 612.0], [557.0, 616.0]], [[726.0, 577.0], [775.0, 577.0], [775.0, 605.0], [726.0, 605.0]], [[682.0, 571.0], [719.0, 571.0], [719.0, 596.0], [682.0, 596.0]], [[775.0, 567.0], [836.0, 567.0], [836.0, 599.0], [775.0, 599.0]], [[450.0, 564.0], [497.0, 564.0], [497.0, 593.0], [450.0, 593.0]], [[58.0, 555.0], [231.0, 559.0], [230.0, 601.0], [57.0, 597.0]], [[405.0, 492.0], [734.0, 492.0], [734.0, 531.0], [405.0, 531.0]], [[65.0, 489.0], [402.0, 489.0], [402.0, 528.0], [65.0, 528.0]], [[536.0, 451.0], [591.0, 451.0], [591.0, 493.0], [536.0, 493.0]], [[726.0, 444.0], [760.0, 444.0], [760.0, 476.0], [726.0, 476.0]], [[456.0, 444.0], [489.0, 444.0], [489.0, 477.0], [456.0, 477.0]], [[789.0, 414.0], [842.0, 414.0], [842.0, 442.0], [789.0, 442.0]], [[707.0, 412.0], [770.0, 412.0], [770.0, 444.0], [707.0, 444.0]], [[637.0, 413.0], [682.0, 413.0], [682.0, 441.0], [637.0, 441.0]], [[550.0, 413.0], [603.0, 413.0], [603.0, 441.0], [550.0, 441.0]], [[420.0, 411.0], [523.0, 415.0], [522.0, 441.0], [419.0, 437.0]], [[83.0, 409.0], [273.0, 401.0], [275.0, 447.0], [85.0, 456.0]], [[342.0, 410.0], [383.0, 410.0], [383.0, 441.0], [342.0, 441.0]], [[57.0, 340.0], [357.0, 340.0], [357.0, 381.0], [57.0, 381.0]], [[15.0, 269.0], [250.0, 272.0], [249.0, 323.0], [14.0, 320.0]], [[233.0, 202.0], [291.0, 202.0], [291.0, 228.0], [233.0, 228.0]], [[289.0, 170.0], [349.0, 170.0], [349.0, 205.0], [289.0, 205.0]], [[78.0, 164.0], [280.0, 164.0], [280.0, 209.0], [78.0, 209.0]], [[345.0, 166.0], [367.0, 166.0], [367.0, 186.0], [345.0, 186.0]], [[247.0, 159.0], [271.0, 159.0], [271.0, 177.0], [247.0, 177.0]], [[711.0, 94.0], [813.0, 90.0], [815.0, 139.0], [713.0, 143.0]], [[549.0, 91.0], [651.0, 95.0], [649.0, 144.0], [547.0, 141.0]], [[220.0, 90.0], [332.0, 90.0], [332.0, 150.0], [220.0, 150.0]], [[388.0, 92.0], [500.0, 88.0], [502.0, 142.0], [390.0, 146.0]], [[81.0, 93.0], [172.0, 93.0], [172.0, 138.0], [81.0, 138.0]], [[66.0, 25.0], [274.0, 25.0], [274.0, 81.0], [66.0, 81.0]]]
